1001:1893|92fd3a26-08a8-42ff-b42e-ec23401b7a33	-
100:588|e61f5096-be16-46c2-b70d-f9445626e790	+
1014:3044|38077317-4fef-4899-b9ac-de4090f23578	+
1021:1278|66b453d4-df4b-421a-b2a8-501a9eca59d5	+
1023:1509|8b617c35-da57-4693-9f5d-7945d2b22379	+
1029:1569|617449f5-4d3d-4e40-9b9e-a0cefab21853	+
1035:2128|c46fbd63-c8e9-4977-989f-9b97e5a2ed1d	+
103:851|28556ad3-4ef6-4d11-a47e-95a36e712989	+
103:892|efc9d9ac-8134-44da-9d73-ba8dcd4ad1c4	+
104:420|d14c385e-5fb7-4eed-8207-68c8557fefdb	+
104:584|390e457c-2e4d-4a78-961f-5f093382e072	+
105:658|5f703383-5adb-4741-b9b0-84afe5b30ecc	+
1057:1819|7759485f-00ec-44ec-9958-6c7e7f62ad62	+
107:593|56354c8e-efa8-40a6-aa07-ff80c71211ad	+
1078:2602|f76e2a1f-d7a8-4de5-a166-79239451dbbf	+
1081:1563|134deef7-7d95-4aa3-a551-5f7d8714611a	+
1082:2036|926831e4-6a9f-4379-98ec-2c35f921dd80	+
108:693|d39d76d8-5583-44a3-bc41-f37f2adf0db0	+
109:1308|39ece450-b10c-4592-9ab9-48bac2a3a081	+
1096:1565|eccf03e9-c871-44ec-a9e7-eb47d3a7ec6c	+
1101:1608|1d36fd13-0e8c-41f0-8d7f-32ad40ee9bcf	+
1102:1647|6dbd5a0f-3574-4be1-93c4-6919f2edbf58	-
110:635|34ea03be-9a03-4ff6-b153-6c059c9db324	+
1109:1898|3c681c5f-c7b1-4afe-a769-c5f3cd322c75	+
113:1555|0b334348-25b0-454b-8fbc-7042830ba8da	+
113:1558|e98a838e-7d7c-4dd3-aa8e-406730fd8de2	+
1133:2447|e2e35af0-7506-442a-bba8-4d3484524e9b	-
1135:2319|3b49d278-1869-43d4-94cf-c8af8c2a9f80	-
1140:2829|bbdb3b73-46a0-4d7d-9723-3a207dc65953	+
115:686|4b7b72cf-a7ff-4b23-a8f5-e7d513e48f65	+
1171:1666|f4e71442-0e36-41f9-ac2e-5519d654ff06	+
117:602|d496b2e9-a05e-462b-beb6-6b613ab41593	+
1179:1679|616f6aca-9b45-4eba-b67d-2d91fd72b883	+
1187:1677|ad8262e5-a8dd-409d-8391-6e75060a0ca2	+
1188:2736|6ee29c5b-fe82-4f1e-9220-d3ef94fb8c4d	+
1194:1631|cbde8765-f376-47f1-ac2c-a417f58e9570	+
1199:1778|b53042da-1c1f-40ee-8b4b-e7665335a6c4	+
1200:1788|fc55a19b-7873-45e6-a3d9-ad629a0c036d	+
1205:1702|216b18ac-06bd-477a-86c8-947995eac729	+
120:737|9cb42f50-8333-42aa-9e5f-358bf565726c	-
121:691|d24ebda2-1711-4de1-8ff5-13525a9439db	+
121:699|1ac47e66-0b9b-467e-9c19-c5d975d7182b	+
1223:3607|e7039030-1086-421e-9758-2f2a2b963a2a	+
122:575|99df9a82-1bed-471f-af63-48fb30fff137	+
1231:1777|ee919234-3b03-41ea-bfe4-1228e031eff2	+
1246:1457|a48fd93a-84be-4bc1-b8a7-bc2740b59d25	+
1249:1827|fe1127e3-439f-4f65-ac61-195dafca1097	+
1268:2347|dabaa3af-221e-452b-8440-1d3df2f9b1df	+
129:606|76a963ce-424a-4216-803c-6af739029f1e	+
1305:2607|f7c1c574-b7e3-48cd-a8b6-d383d904ca4d	-
130:920|00c67e19-f97d-410d-8355-5edea48e3bbb	+
1338:1829|73c070a7-1ab2-48cd-8079-295bd9138169	+
1348:3615|bf7f44ed-7b9c-413e-81fa-cf69f1d08082	+
135:2171|49b92589-362e-42c9-8856-28c8425a5486	+
1356:3836|9107a188-5055-5307-af2f-29a8344daf7e	-
136:585|728c0035-d998-4b0b-a1b1-a8dd50666567	-
136:607|93225d12-e639-4302-b63f-7a6fa7dfcf90	+
136:625|7298008d-f388-4794-a1c8-517ed1b1c9b7	+
1388:1813|68274c1e-bb4e-423c-bdb7-dd2fc19a7b40	+
1389:1841|4d0090f7-97c8-4ae6-bbe6-65fbca823398	+
1395:2191|96f3c31b-d253-478e-8423-2524557667e9	+
139:715|dd55de23-1dcb-4bf1-9da6-f7d5e2e5b9c0	+
1400:1786|5fb10f4d-7fb3-40f2-ac0a-6b9efa4109a9	+
1408:2495|79ff11e8-8c53-47f9-850e-5f15d1da59dd	+
141:1442|6e5b713f-eb65-43fe-b8fe-66a2ef71facc	-
141:576|5e6a28c1-e49d-41ab-9d1e-8f8c992f3bfd	-
1419:3452|afeb1a41-2d24-4e22-9df6-cf47b06ec6ed	+
1424:3382|7f1e017c-54de-58c6-b48e-2e24efac1c62	-
1427:2214|20dfda0f-c729-4b8d-958f-dca5071c641f	+
1430:1916|48f36f2e-5ecf-447d-b348-167e1ccd8fea	+
144:683|0154b113-290c-49fb-aca2-5b82cbfe1432	+
144:687|3dd2c5dd-b39c-4475-9904-3fb970b3d07a	+
146:681|fb1fbee6-6b2d-5feb-9ad8-6b837c2ff84c	+
1488:2283|ec5b8f43-d02b-4c26-933e-65193b946418	-
149:730|326ef99a-2a64-4114-8aac-35002537914b	+
150:1095|430435db-a2d5-4d36-bcca-19db6faad295	-
1503:4001|3a0f5cd3-5d6c-4b3a-b5fe-6a1b9eabf16a	-
150:727|f6ec0874-0185-4c7d-8b88-8cb89dabfd22	+
1511:3545|93377129-0977-4dd8-b9e7-fa28ff3ffa90	+
151:630|48783424-76b3-45dc-b172-f6df68af8ff7	-
152:2386|5a64a312-6976-466c-8270-0e4fcfc967ae	+
152:2625|826f53f4-f9e9-404f-bd02-05d8060f7cfb	-
152:689|b9c21697-0e0a-489f-aaea-005b1f5fb6a2	+
152:736|b1ce4c28-e03a-492e-a49b-37552bf2f02d	+
1531:2120|139bc1d7-f96a-441b-a3a2-1eb644b1678f	+
153:556|768c515b-1ecc-44cc-898d-2e74d4fd8d23	+
1542:2013|cc855039-a31e-4b59-a853-5588d8c1855e	+
1544:2330|7e051881-c140-4c50-b582-5eb7947ec30c	+
154:700|0f621448-d129-4b87-aec0-f5c1c586c6da	+
155:648|bd13e0dc-8050-4a5c-9f66-cdc8842cb278	+
1571:2037|ed876aad-7ca3-4976-8407-1da3bf7a3603	+
1573:2390|da35aaf3-e7ea-4dd2-b308-74ad4ecc2707	-
160:2402|8f51daf4-688f-493b-87af-c8c93702cdf7	-
1605:2057|aec8d679-892e-4e7d-b867-7e8591a73f0a	+
160:739|5b7e9d10-61d0-49ef-88b2-2d06d28469e4	+
161:2201|588b918f-e037-47d2-9326-ed60d7a22021	+
1625:2516|350f3650-0cdf-46a0-b1b8-27b011f20538	-
162:663|2f67256e-b7ea-46d0-88eb-f438b5442870	+
16479:17408|44c591c6-28ae-53bb-808b-fd18a784aaaa	-
1651:2739|bd78aff2-7947-4453-9cd8-5454deb24291	+
1658:2118|2e341f52-03d6-495a-9763-148b367bac6b	+
1667:2160|b583866c-b9b8-4136-81ce-56bd885a531d	+
168:753|76058dd7-229e-4673-aebf-db851ac2dadd	+
1689:2179|a93ac14e-bf7c-4cb6-b8ff-37af8435a6b4	-
1690:4155|afa092f1-2291-473c-a8e1-8cacdf199562	-
1693:2992|6f721300-751d-4c2c-9050-eb11a533051f	+
1711:2618|de9edf60-e888-41f0-9403-7a2b0e1cfa5d	-
172:602|fa726ca7-06aa-4987-bd62-c86cbc5a2877	-
1734:4117|9b29e70a-ec96-583b-ad57-a2a1f4a7a128	-
1765:2710|be962032-5ae3-4944-9b8f-d986da8a57e6	-
1768:4261|463b3a7f-bffe-448b-878b-7aaeaffbf934	+
1771:2259|087f2931-9a6b-4653-9da0-634ae4e4187c	+
1782:2224|63cb11d1-f191-443d-9227-ffcc65e3db3c	-
178:670|49d83c07-2b2f-4606-8f5b-ad1e5aa419f1	-
179:1270|4bfdbb0c-c596-49bc-92e9-9cab07a0082a	+
1808:2381|42a6b9e8-5a83-4de9-b383-5c13fd909544	+
1818:3261|62d60806-ed37-4809-a065-afe493e61ee4	+
183:771|250dc17c-fc03-4fdc-8c50-c7bcc6a8849c	-
1847:2523|27f6d141-21a4-40de-8845-09391e05044b	-
18:485|c5c0a573-e5c8-4eab-abff-bfe109ebd01f	+
1870:3726|56783ff5-c428-429b-97d1-cc3f71d9a33f	+
1903:3939|9a01a45e-72fd-4601-9fa7-968ddeba9752	+
191:669|857598e6-2cdf-4cd8-a70a-4b0663393237	+
1925:2471|bd645377-4059-44ce-b02c-a7f18320d871	+
194:1280|224dcffc-840f-49d8-ad32-ecc51fab0399	+
1947:2451|50e59133-923a-454e-9af7-8a03466548f2	+
197:2659|43d792b6-7fcd-4d6a-967c-885333c1a29e	-
2013:4534|c914f450-aa70-4f93-a4f8-86f82c45b0d4	-
202:2227|c31ff9ff-becd-4e42-8bd7-02d6419bbb4a	+
206:663|54131d98-411c-41e7-aef0-f114f4c47853	+
210:700|b0cf07f7-18af-4ab4-a75d-71ce725da1ca	+
214:1651|96941a72-ba54-4d1d-b42b-865bad0f3868	+
215:401|ddba7690-bc49-484b-a50e-f845d166748a	-
2164:2640|6c5556db-dabe-49b5-99f6-a47a4159fd25	+
2217:2680|10cf8b0a-ac74-43fa-9a96-f861b7f7d064	-
2229:4260|52d496b1-ec61-4b6e-b2db-48e432eb05fb	+
2233:2690|8181bd7c-1fa9-4b1e-9dda-d7f43a8263be	-
22:572|d89616ac-c818-442a-9699-4ecd48b110c0	+
2296:4725|e58c7b53-429d-51d5-9f49-ecc484d0cc61	-
2301:3870|38f4d0c6-6aed-4f06-acab-f1e92896f1f5	+
2340:3336|223d400d-f2a1-43e9-9949-550046aaa12d	-
2364:3424|9e4e4f5d-df51-4ba4-b7b4-04dbcc597502	+
2374:4412|6c1acbed-71ad-47ca-95f0-ca62084e80e4	+
2385:4439|af02af48-b4dc-4daa-8bad-57104ff05e4e	+
2402:2878|47c47054-08b1-4184-942b-3cbdfd0fc286	+
242:796|7f402ad1-4414-4175-831d-4a4352e0ada3	+
2440:3011|8f8657bd-752f-48bc-b19b-5fd527f763b9	+
2450:3905|901c14ea-8d95-4123-8d3e-b13b2b5d654e	-
2503:5050|9e821cf4-0b3a-5db6-b3d8-b0f53f93e43e	+
251:725|ff2dc18e-99ed-46c5-8b42-031b95cd3566	-
2525:3095|2dc538bc-9d2a-42eb-b478-456e8d60574d	+
2530:3014|dcbbc1f0-90ab-4f3a-a890-0b811ddec3ec	-
2561:3343|1cf2e876-cc7b-407e-984a-5010be0441d8	+
256:397|04b604dc-f7d7-4159-985d-c065ce57bf65	+
2597:4556|ea6e56af-87b4-428f-bd9b-965a5ed75557	+
2628:3201|ac7fe080-0467-415e-bf8d-40cf1db52b23	+
2664:4104|4d82f70b-8bf9-4682-b818-8ce67ca9aa87	+
2673:5132|cc2bb47c-5a6a-4361-9287-4bb97dab38b4	-
275:1057|15799084-61f5-4de3-ab6f-4503d9711c24	+
27548:29990|9c314e77-0dde-5230-adc0-f2ba14287190	+
278:888|996271a5-0583-41bb-ad47-3ef40b0ff084	+
2806:4841|9d07cf1a-a78e-4b44-a1fc-a7f681f56023	+
286:1254|9784b75d-9906-42a7-9973-ecba71a342a8	+
291:822|e774ffd5-2a6a-4030-9dca-012bc968368c	+
2966:4426|eb3afbe5-4abf-4e5a-aed6-3381bd851df6	+
303:882|49b50b99-e672-4120-9260-d8c10e460ae9	+
3152:3691|52f60455-59ed-450a-8c78-d69e3e07cefb	+
31:603|8388afdd-1ff4-4db5-9286-21bd4e76d0f7	+
3167:5205|7dd913a6-2514-489b-898c-8993dec161d8	+
32:515|43343030-8e1a-4847-9365-76529debe58c	-
32766:33902|8347f268-6cdd-5533-88f1-3a3c9b578a82	-
328:2359|3242dba7-c432-4082-8a73-2329c73d7639	+
3316:3802|57b11fc9-cb41-4d50-8308-f5738e8c836f	+
3320:4893|1fd75414-36c7-47cd-b22d-65b9abc1cd4e	+
3356:4797|f5fe2496-603e-482e-a45a-6da54584d44b	+
3438:3832|5fd2e2b2-ac27-4e3c-bd7e-da3e306f92e4	+
344:809|4659400d-1ee9-429c-80fa-1278fd774562	+
346:944|560fe29e-a4b6-4875-a7fb-1d65aa670362	+
3516:5549|0f1e72ea-abc2-4e30-881e-fc37733d87e6	+
351:796|f8f724ee-be7f-4de0-be5c-bf81a368fcc0	-
351:917|a0bf9a14-ed6a-4b95-8ba4-02e54b093402	+
354:988|1f4a8491-2804-4756-80cf-2eb1a95b2535	-
3598:4871|e8036de6-1e47-47fd-83b4-dbeaeefc0796	+
360:937|a19c9f46-fbc0-4425-81c0-9ceaeec1287f	+
3632:4106|8f01105c-3128-4b3b-b777-c20a764220a8	+
3711:4291|74b8e74b-dcde-452a-88d3-f15e28a44555	+
37:533|5fa6539f-1b59-440b-8093-fc6132f86923	+
37:670|7d062f63-7370-4d23-835a-926bc2b68805	+
3813:4293|76b82cf2-1825-59f5-b0bb-b9bca0747b62	+
38:1868|c2940e30-ccac-4bd7-895d-a56f06b0ebe5	+
38:2075|def6d38d-c5d0-4e26-ae27-96257774b3bb	+
39:307|40ae5fd7-8e6e-455b-9185-c86687fb82bc	-
39:518|3fbe50f9-2283-4dd7-a5dc-c90ee352efda	-
39:526|170d779a-1c0c-4ad2-b259-e8e4fe3f85f1	-
39:552|1f570128-96d0-4d12-9fbf-394a577e331f	+
39:574|c78188eb-9703-4412-9633-5140b87cf5a0	+
39:615|6803229b-0170-4057-90f9-8ace433577df	+
39:626|dfdfa138-ed3e-453b-aa33-7062fe0d896f	-
39:748|182888b5-4304-4cdf-baae-c8dde818aff4	+
3977:4556|c9d36e98-d3c0-4f81-aeeb-146a801a9448	+
402:885|c70b9e11-e081-41d3-99d9-9ce37b89bc60	+
402:897|fb2dd267-52c5-4fb9-b5ea-1144f15e9001	+
40:436|cb0ca8b6-e9ae-4c7d-875f-a73ecf8f2eda	+
40:524|53306977-e5c6-4a88-8c91-360596d4fcd5	-
41:503|ad656e5e-a66e-4f61-bd03-fc818229a0b9	+
42:2079|77cbaade-b8db-4527-b5d8-19971bd6d585	+
42:274|f2b2c1ec-1bff-4022-9d68-436632029806	+
42:521|71ed7bfb-f74d-4b5e-872a-067e1ae0b10f	+
42:522|1da22a36-5a9a-4fdc-b949-60ee9151b969	-
42:524|b2b87f66-cfe2-4be4-9272-1416c1b98dcd	+
42:530|e347e74f-9c8d-4527-91b6-f4ebb54e3abb	+
42:560|abb05aa0-0ae0-4269-8330-252af5ee3cac	+
42:581|6ea3be3e-3444-4373-a860-961ccbce3db0	+
42:590|34ace14b-c568-4c5a-a4d9-16148805f3e8	+
42:620|bac26ed4-862b-4b72-8bda-9b6e19e71f8e	+
42:827|b8048a22-408d-4696-815d-bd125e111bdd	+
42:830|89bbcfc1-e66e-4ef9-b167-c94828008a57	+
42:984|f220a7e6-0041-4f01-bd7b-f5f9f5fe99ce	+
43:1098|42b91077-a5e4-4e6e-ba23-79effd9714ef	+
43:1208|14fb1ac7-72d8-4bcd-99b3-6b94ce794715	+
43:2032|170b9ac5-1b28-4ac2-8adc-6a9d0286c20a	+
43:363|8e759abe-2ab6-4f84-a393-966e3660bbaf	-
434:920|50a3d021-1d61-4e56-94b2-98ba52d2cc8e	+
43:535|075e9b9e-9743-4fba-8ef8-6c4c224da840	+
43:536|523ef1a7-6047-4b64-92af-b580149774e8	-
43:607|43ded1a4-98a1-40d1-9d3e-15fb7a0bb587	+
43:615|9a74e51e-9579-4245-aaac-b53bea384a15	+
43:752|7c20d0c0-ce9c-4a41-ae43-634660e676ff	+
43:876|4522d15b-f61d-4cd7-97e4-1c5f30fc2d3a	+
44:1208|543fc659-c266-43c1-a4b7-1bc8fa609ee9	+
44:1230|f29878ba-974a-43d1-abe1-9aa1c1efd02e	-
44:2085|4f84f19e-d5c5-4ad5-90ea-254e00090545	+
44:408|42a4ee66-85e3-420a-9cd3-5ca25c7fc164	+
44:575|1b3fc7df-1988-4016-8327-b39a02d582ee	+
44:587|b8f051c0-edcf-4f81-b604-f3feaa4533b0	+
44:624|f0590b21-71bd-4aba-95c4-2b84ca88a4cd	+
44:626|d19f39f0-dfc0-4a69-851f-9a61d2f63287	+
45:1135|f8cdb9d1-3345-4b5e-8705-8f58f63d47f9	+
45:1250|ec4cda52-651f-4f8c-807b-a7362e81eb43	+
45:296|60ad268e-530a-4dfb-a480-d76cd37ddcdd	+
45:371|ed5af710-3cde-402d-8047-78a95cd729f5	+
45:501|659f2e86-48bf-4571-9721-540b9eb593fd	+
45:524|f57f64b9-28d1-49ec-8864-ef66ceb1ee08	+
45:528|51cf1b9e-4b0c-4b14-b52f-ef3acda65803	-
45:536|624fb2cc-ed99-4c39-beca-6acca5572746	-
45:538|4b2075cf-3f86-43ea-a869-5d70351cc6b6	+
45:557|4eef8683-cd04-42a8-b96c-842c6c312116	+
45:579|9e06faa4-cdef-454e-927a-fd240f1c913d	+
45:581|568c6be5-1d40-4e9b-980e-826e7bb4957b	+
45:581|cbd0c9fa-c810-46c5-9100-a76f3f0b035e	+
45:604|0d1c4003-0cc3-4697-b75b-136e0fd69950	+
456:1003|7d78051c-ffd1-4b35-813b-808416b69d8c	+
45:620|0a76772c-4b49-4022-b692-19be35142b9d	+
45:620|9260419a-a6f3-4d52-a4ab-3524abef63f5	+
45:624|56963e2e-7e6b-4ddc-baee-59ebcb7d40aa	+
456:989|42c890ca-92fa-425b-bf18-48fde4c6b356	+
46:1007|e7fea89a-d5eb-4289-b7cc-bd9adb157559	+
46:1101|b9094b8a-d9be-4170-9f14-a04d7c393de6	+
46:1158|da2591cc-65e2-4fc6-b65b-782aec608ecc	+
46:1427|fe757183-9fcd-4b03-a4c8-bc2bc8a79dee	+
46:1494|3ccb2d0d-f42d-4e96-be6d-3e0e8529ecb8	+
461:928|c8ed0e73-edfb-4865-815b-6fbadf8cf3e3	+
46:2140|8bedd40e-0cf6-4fdd-b1e2-86ee23aa1362	+
46:236|6ce64dc5-b9ad-4bcf-b208-0fd84d4ac28f	-
46:4069|a9fc3f2e-79c8-4c1a-8e8f-f99ae0c70a39	+
46:406|d9ffbd45-5e9c-4ac6-816a-bfb196355fb2	+
46:507|478e5f2d-6e1c-46be-a26a-3243a7d6112c	+
465:2346|19c92bd6-7fa1-4854-9694-eb91f1ff2a9e	+
46:526|12c5d467-7ebf-41c8-a66b-6d3e67ad65d6	-
46:529|eb07c218-a44d-4329-a73d-9ffbeea33574	+
46:532|a830fdf9-3a1f-411b-a095-fb5196e4f803	+
46:559|90855f6c-5de1-43b9-973f-335174df5f89	+
46:590|121e1106-82d6-46aa-8892-c475f8e98a39	-
46:594|267f558d-fe11-4421-9ff7-479c23d31d71	+
46:621|a71b21dc-525c-45d0-9cb7-7f207b4ff857	+
46:623|7627d2b2-2968-4d5d-a323-5d78ddb8b649	+
467:1148|6d9e90c6-aaa1-43bb-abb7-98d770209f3d	-
46:861|af66fdd7-ebce-434f-8425-b0a87aa5b080	-
468:757|59ad8cf8-6e91-4f01-9bbe-753ba23b68ce	+
4709:5197|9fd5c215-693b-4b23-8186-266722062154	+
47:1087|aad87574-0d0c-45d3-add1-a4c1fbc61a72	+
47:149|d4906e05-36cf-442f-9538-416c897de1a6	+
47:1501|35a4a61d-2545-437b-9fdd-89d35015b9b4	+
47:1508|da612575-4d08-4bb8-b9bc-05e003ed1155	+
47:1888|598ee204-a63f-42b0-933f-286730990196	+
47:2056|c9b6cf3b-4be7-4752-b4db-c8b255c43449	+
47:2070|7dbd2a67-d432-4be3-83ee-fb353953cd4d	+
47:277|e852e040-2ad7-44c9-a5ba-787d4ea1742b	+
47:3366|b28019cf-b12c-4438-96ff-7ddd167ee0a3	+
47:433|9d186af9-70c3-44c8-b961-ee9253dbc2fb	+
47:508|9ab0237f-c2a4-41ad-b5a3-67d65c35e890	-
47:515|143f9d64-8f5a-4769-a9ba-adaf28aaeb65	+
47:515|5e2f752d-97a0-4025-9da9-5c8b75932315	+
47:516|27866512-74f5-4390-8ce6-cb3c1697568c	+
47:517|446b3251-3456-4925-be71-116474ab3874	+
47:517|81bc3229-5f6d-4fb3-a940-f4c4b6cc6e9f	+
47:529|93d96d3f-6abf-5c0f-b23a-c85222c4c03b	+
47:533|e237191f-eff7-4584-967b-b1a0ede3e0e6	-
47:544|bbf31b67-6f72-435d-8cbb-a901237c1d8d	+
47:550|fe70c76d-e1fd-4195-8ba9-baad14ead018	+
47:552|ec9fe732-0b6b-485f-9777-f0ff8d862f30	+
47:557|13de1f6c-48df-4b91-9633-c41d849e4cee	+
47:557|5c4bada0-42d0-4c3b-9fd7-0711be30306e	+
47:573|8c05760b-b46d-44eb-a407-80901c23acfd	+
47:587|0ac9a0c0-d272-42ae-8321-2f49450f7293	+
47:587|1c1ad639-6dcd-4e4e-842d-75bcbfab84af	+
47:596|27c1a302-4f80-45d0-8076-5ab34fb10877	+
47:601|262b275f-f17f-49de-b460-a4f9c02438f4	+
47:623|31b56ca2-36d5-49af-bc89-8f4eb367fcfe	+
47:624|aafb880c-5ec8-4291-a061-fb2ef2f0af25	+
47:627|7f089d23-0368-4ae7-b718-a1c3f0f55380	+
47:641|547fc6ed-9d97-4579-b6f6-5d735829958b	+
47:648|4dfacf05-f45d-42c4-ae8e-d7f491edc896	+
47:702|6bfdae49-3149-4d31-bcfc-28ddc661a8b7	+
47:721|08d98213-6dc4-4e38-9e44-7d3bd741c773	-
4781:6170|71faf02b-79a1-4066-a721-61079f275235	+
4783:5215|d8f3ed6f-29e4-41f6-b55a-eab664eaf91f	+
479:1436|cc088592-712b-4dd4-b434-0fdb7dd3e229	+
48:1038|52dfb2f4-42ac-40b2-826a-0fa50ec405e0	-
48:1130|9e298fd9-2311-44c7-999f-ec570a086564	+
48:1131|1fd98160-0c4d-4e24-b6f3-025e1fe01bf5	+
48:1142|15cecd33-53fb-406a-a5bc-6bec1e0aa250	+
48:1364|69e83d65-5eb7-4dff-bee7-f5cd2e2456e9	-
48:1490|fccdcb7b-f479-435a-a418-99650f697684	+
48:1639|ddbf1ccf-2360-4cc1-a977-1827ba14e1f0	+
48:2082|a3e32170-576b-4613-9e41-2069c435e8a2	+
48:2088|716d0aff-2981-5e18-8e6a-058f35f2608a	+
48:2094|a9ffe889-ca25-4e0f-80a0-c1c7a5b03717	+
48:225|6bbcda25-d1f5-4ffa-9912-2d4cd7f27561	-
48:367|1c75193e-e04d-43aa-aea6-9e45afe028a9	+
48:390|357c0654-752f-47cd-a431-8b297b3af483	+
48:390|a6cb2490-001a-48fb-ace7-44678bcf6d8f	+
48:451|bf464e99-c5db-4767-8c20-7d5570ea6bf9	-
48:479|4ecbb03e-4062-42d1-92a1-3c6a85582a7a	-
48:512|7cb8cea9-ba4f-4997-bffa-3aae2a103ec6	+
48:514|2dc64f71-cf7e-4f41-9f4d-39bf2af467fe	-
48:523|dc02b176-84dc-4cd9-a582-9f66b2b3cde3	-
48:530|86fb2bc6-6475-4a19-94b0-df87223d03df	+
48:538|08cefd41-e104-460b-892d-52bb9a25ae7d	+
48:538|f7d414c0-b30d-434c-9eef-2d551b6828c3	+
48:551|6eafc647-bb26-4c1f-b60e-36deb128fd1c	+
48:557|8b772151-cb44-437b-a881-d83ee9cf5809	+
48:563|c81ea8d4-f322-48c8-a231-4fd590631294	+
48:566|d79bf469-1ab2-4990-8719-f0b9efa469e1	+
48:570|e31b3348-c354-425e-8532-f74211a6ba30	+
48:580|e27b964b-49b7-43ed-986b-163df094d7ac	+
48:582|013a31bc-4a02-4b93-af7e-d63678dab06c	+
48:583|0586d19d-7d96-4edc-9eb7-1baca51d3528	+
48:584|a6411f2a-d02e-4523-a4d4-3f259eb9a8f1	+
48:589|37b21ac9-aee8-4355-b363-6914cf7effc3	+
48:606|171f4852-2d45-4aea-90cb-faee83f727a3	+
48:608|d2011385-1a4b-478e-b5dd-ca0832814606	+
48:618|a52eea50-1957-4d17-8d52-ca8bab21b4bd	+
48:623|cdae974f-f61a-418f-8ac2-0100e2788063	+
48:624|5c8dc7d6-e084-4761-8908-7402faa71e1b	-
48:624|8e1b5e93-2351-4e4d-9005-41a06de7f4c3	+
48:629|78d820bc-6857-4961-86a0-5a3e0cc44294	-
48:631|96f707f7-34ee-41aa-8857-a41809ec8a30	+
48:634|3659de2f-cf3f-4011-b195-6d6c1bab6760	+
48:639|c077343e-f4a3-4536-8ce3-7921e1e213b1	-
48:641|af056483-8610-44de-b7a1-3a406006b1b5	+
48:652|384a4c88-9f85-46be-8ec7-73f47eeb9f7c	-
48:667|9b1ce5dc-57b9-4186-b5ad-ea95172830c7	-
48:672|c0ed4d5a-01a7-4dd3-afc6-98acc53c9a30	-
48:710|30b2d832-e174-4f64-8a7e-fc08310604f9	+
48:840|e28dc679-23c2-45a2-bd65-fd7006501f98	+
489:1459|190d9aea-7010-4d0e-aa6f-67166b75a15a	+
489:976|08665a58-a881-4254-b5bf-f6794ada1f4e	+
490:1030|a5bee0c9-0b21-4468-9139-cf2aa7c75a39	+
49:1025|2c2f26e3-2478-4542-8de7-ee2df420b287	+
49:1107|77e9796e-c104-4bd6-974a-b315be7b0302	+
49:1215|0054e44f-cc3b-4a23-9b61-9e58ddcdd05e	+
49:1226|b4102536-72c2-4422-88a5-64b40c218097	+
49:1497|ff280c3b-de9f-4e33-80c0-d8808a3d4ba7	+
49:1831|3099bace-4df6-4019-82e2-43b29a1a797b	+
4921:5704|ee85b4f9-80c3-4415-9098-ee550cf390a1	+
49:2526|c47ef6f2-f024-440e-843a-72e26c564df3	+
49:362|ee3e8a8d-28a1-42ee-a858-5de0ba6caefc	-
49:429|4cae0372-9a42-4dc0-b24a-0cb4328816ea	+
49:431|c0153d74-5266-4afa-86c7-a77d1cc323fe	+
49:487|028df909-795d-4535-bd8e-22800e2752a9	-
49:506|72de418b-25ef-40de-8774-bd8f93c1933c	-
49:511|0ec62409-6f3e-4697-9865-ef8415b3d1a2	-
49:515|16197cdc-db4d-417a-9279-f107e3bd98ca	+
49:515|d0227a52-5baa-4842-a9bd-3dc1eabd2030	+
49:516|3ccf6780-39f5-4029-91a4-2b23dbe3c2d6	+
49:520|00041d68-4cbb-4d75-9722-d045defc7958	+
49:526|2dbe207f-a79e-4112-aed3-ef9ae25a883a	-
49:530|9f2461b2-248d-498c-82fb-1702c8f3a08c	-
49:532|e11a57ab-c2d3-429d-bfcc-01335da73d8c	+
49:536|be395341-7fb4-4906-b74e-13395141667d	-
49:537|a79e80cf-92c2-45b7-8c76-c44e033a9a01	+
49:537|b99a2142-22cb-4529-a0b0-3ea5213f5ca8	-
49:541|abfe6f3c-71b1-445a-ae8a-a29e9b5f842b	+
49:542|27108a67-36fc-4ec4-98f5-e0ea5b8dc921	+
49:543|56fffbca-2b95-4a74-8a2f-3bf9ba8316eb	-
49:548|35a685ad-92d2-430d-8d47-e5791f6e2a17	+
49:549|83a612d4-77b9-401e-85d2-ffd1f3865131	+
49:553|223fb847-109f-4c00-adb1-da8505c6db7d	+
49:556|64edcc99-a179-4e3c-9bfc-899e1d34b0f1	+
49:562|72aeba4f-ae25-4cb0-a87a-d9f6b65cf285	+
49:578|24870aa2-d2e5-4396-be2a-3fa87f91fe08	+
49:579|b16f2b12-b77e-47b8-9b49-a764aa658ea7	+
49:590|75121217-a0ff-4dc6-8e56-54311b5bd19f	+
49:592|fd54b323-11cc-4ced-9bc6-21e7190dc0ec	+
49:596|5b4dac81-cfca-43d5-8bff-9e6f30565404	+
49:609|4d9e48d8-05f8-4185-9ad1-c919896ffa5d	+
49:615|a87ba3de-1d89-4d3d-961b-91c1a2db0b95	+
49:622|03e588df-196b-4110-a72c-da349e6fa2a8	+
49:623|120a11e7-3f80-4e0c-9251-909f75312de1	+
49:625|c588145f-89a8-4a8c-9797-185ddc2c9429	+
49:626|f9024973-d09a-466e-90d8-7c78205cb09c	+
49:628|fdd97408-c914-4a27-8b90-285e32091b1b	+
49:630|65631cf7-56db-4a46-9c4f-ebbfa3f6517b	+
49:638|bc89b425-c7ba-4232-8732-c70f8842bdc2	+
49:643|4554c8bf-11a3-4e82-b18d-38e22e57658a	+
49:649|dc8124bb-291b-4b76-a67c-7eb9e5514dd5	+
49:828|657d030c-622c-44fb-97c2-98734280584c	+
49:850|fd47e096-2529-452a-8096-23332c77f865	-
49:855|1080b029-fa34-47c3-bbde-98faea323a23	-
499:698|a727b5b6-98eb-4511-93b8-68b151e291f3	-
49:999|2afcb2d2-661b-4c2f-8016-f304c5739791	+
50:1012|d7afba37-32a7-4f3b-a4c5-cd9c5ec6f6c1	+
50:1131|c7537e19-a8f2-4b4a-8396-7b5dcad1e4a3	+
50:1213|8a169132-8f3c-4af6-b10b-df642c56ff3e	+
50:1255|c984ac9c-dec4-408f-90b9-f7402036cbcc	+
50:1371|80da840c-471f-4b34-91ed-f81b8f8ac8cb	-
50:1504|3748a4a9-7f77-4557-bb51-fbdf10473a45	+
50:1590|00c5e2ec-1040-4694-9a13-9aa3a7a4f39b	+
50:2068|72678c8d-9cda-4fcc-ae83-1e1c47bc7b21	+
50:2080|72fd2ec1-1470-4361-b615-9284555a1a45	+
50:2088|bf184682-6198-4ead-acd5-6c0fa6be19c3	+
50:2092|ca48c71a-2b66-4572-bdfb-62b0976aab36	+
50:328|0563f1dd-345a-4e0c-928e-371e4f1ece0e	+
50:472|853ad267-c5d1-4e4a-9ccb-9686a5bae988	+
50:485|d2a2b3cf-2b67-4bc6-a3bc-7428a27f6d61	-
50:518|82fc934c-8d92-4277-8a03-e4775703cc95	-
50:525|e4d35a39-d357-4583-aa7d-2437a5f3a4c9	+
50:534|998f1f4d-97ca-4888-817d-18e1708ef7e3	+
50:534|b997fd5b-4341-481c-be3c-21e6ca191919	-
50:538|d492de69-075b-49ad-8088-13ec1fa0d005	-
50:539|1bd96c7a-efea-4b08-ae75-9773fbc1c6d5	+
50:542|43c70a6a-4fa9-4dd5-986c-4b2b71a1677b	+
50:542|5a15e35b-d68c-4766-8d1b-8f158f222978	+
50:545|aa69b47e-c321-49d2-867b-f3f65ce0518f	+
50:547|d44112ae-373b-4c78-8dbe-9168f4128ba7	+
50:548|adc777de-eb75-46a4-ad75-8a36d768b46c	+
50:550|375ec504-419b-4fc7-a2db-7d060b480ea3	+
50:560|88d263d6-94d6-4ca1-97ee-b9ae82a9baec	+
50:564|aec26a8b-587f-47d4-8c54-f973eed20f32	-
50:579|9c5dad62-3f81-4ee8-9d15-1f7b74e952b2	+
50:584|cf898686-b0b1-4f15-bbff-73853e99baac	+
50:585|b0a647b5-bd2a-43b5-82e5-390d07fa0b85	+
50:588|40dbdac0-7825-42d4-8278-87f27f9c9f7b	+
50:589|81d65696-c535-4ba8-abc4-daba462bc4a4	+
50:596|9970ef3e-4a6b-49e6-8891-1f0f05d60a48	+
50:620|1e1f53f8-6bea-41b4-90e2-c9bba6919fab	+
50:621|048eef8d-5fa8-419d-9e5e-496d720c61e8	+
50:624|02502d6b-87d5-4fbb-bb77-40e26b719fd3	+
50:624|3dde2c20-d4d6-4020-b883-9a733afee5b6	+
50:633|579e2f58-3c86-4957-b146-55953a67c8dd	-
50:637|93df87c5-1e87-4af0-8e38-b77843f9e60d	+
50:645|4227966d-0461-457f-bbb7-28935bf4a2c2	-
50:652|a8195666-e81c-49f8-a856-bc3dc70103f4	-
507:1041|64b98863-fffc-4ae1-aabc-f5731836d152	+
50:838|fe9a08c3-643a-4699-80c1-42c36983c255	+
50:847|0af3c752-3f4b-4509-9da7-1f8e1a0043e5	-
50:852|5fcf8034-64ed-46f3-b966-e69d257c2ddf	-
50:852|aabb26c7-edf4-4ccb-a37c-d4fee8550a70	+
50:855|4f5d3f3a-8e47-43ec-bb31-4cd235c87bb0	-
50:864|b4f12c39-5d3b-4c55-950c-1d4921277033	+
50:879|eca94f7b-9e7a-4659-a974-66a0fc5832b6	+
50:887|8a4bffd6-bc94-4440-8121-b570ebbb364d	+
508:975|92fcffc5-a08e-4840-ab4e-a6ff074942f6	+
51:1042|36cf880f-3188-4a8e-8934-ff65334d050a	+
51:1129|5d2a31a8-04ac-49f5-a8c2-531f4f51eec3	+
51:1138|4e44a741-aee0-4f31-a826-4f58e737c92e	+
51:1141|073ac907-71c2-4791-ace7-1b3dca4df0d8	+
51:1217|dd6c3fcc-9cf5-477e-b0f7-011a8ebcb248	+
51:1259|6c98c6a2-19d3-423f-bdad-6929c4ad41ca	+
51:1301|5084c2e8-a91d-41f9-a50f-fd65aba0ba0a	+
51:1366|0aa38a32-a360-41f0-9263-cd8de48da985	-
51:1504|afd60938-a34a-4e05-96b3-9bf376c88db7	+
51:1506|e0720631-dd83-4df7-9fa4-c332208531a3	+
51:1537|645a134b-298c-4c3b-92ab-502db8c40f3a	+
51:2302|0f39cce6-6c33-4e50-8393-7fcd65d22aa0	+
51:2308|9a11cfc0-875d-4914-9a58-0c29b3bb00c0	+
51:2551|62d653af-756e-40b2-ade1-4ed36f96713d	-
51:264|2756c4c4-306d-4280-b565-b256e4f2af5d	-
51:334|7d13f8ea-45f1-48f9-bd46-f718e77bb040	+
51:394|4a78c6aa-c762-4c09-bdae-7ad3ca8b106b	+
51:480|62e9e225-7592-4f53-afd9-4e466e066fe9	-
51:513|60aa51ce-c250-4ccf-89c8-75b811145b09	+
51:518|0ea31f48-18fb-4cf3-a850-acf1f0545f45	-
51:519|64edc471-54e9-4004-af67-adb047507ed9	+
51:520|b7b893f9-3df7-40ea-8727-44ff7e22371b	+
51:524|0fca8c73-0c87-497c-bea6-eec3d4521a38	+
51:525|01990b39-7abe-4f57-b941-3882d66eb788	+
51:534|06d418b9-5440-454b-87ed-aa3dfe29c400	-
51:536|58e2245a-204c-45a7-96ae-d523f650595d	+
51:538|6bf89adf-4176-451c-8db7-067d4bcc517d	-
51:539|bc0d7831-a926-4116-97c3-a89407e1e7e8	+
51:540|8080f394-5f7d-5d65-83ac-a48e1de94d85	+
51:545|90230ae2-7670-41ef-b5f1-3879732f54a8	+
51:546|ff5af9cc-482c-4620-8ffd-a980437f2066	+
51:549|0820e50a-6fd3-4150-9ec4-0c4b88b1f192	-
51:549|99e0223e-4762-4343-a3c1-8bf0fb81e312	+
51:558|52dc1387-7dea-49da-b206-b18a8cd6bd2f	+
51:559|bf6d6a14-3852-4992-9f08-41f9c35061e3	+
51:560|a5908fa7-e44f-45e8-a6b8-bd38c5a488bd	+
51:563|25969487-d66f-4756-b249-83896630142f	+
51:587|11f9f37a-642b-4242-8551-4fa2964838b1	+
51:590|8fee5b94-925d-4e88-a461-34d71b85cb70	+
51:591|3fa42982-7ccd-4caf-814e-204a39ef8023	+
51:599|97332857-27c0-47ba-84e0-ce08353e3d17	+
51:601|4bc67147-60d0-49f9-99ca-ca524c659825	-
51:608|a0acd116-4857-4c8e-b48f-a885a98422fa	+
51:624|66589e91-c7ab-4c33-98b2-80729cb88d2a	+
51:624|bbfaa26f-8ef0-4abc-b240-ff1e31be7285	+
51:629|acc5d657-bd91-4ae5-8730-9f9dfca7a540	+
51:629|d9835b7a-0af0-4042-83c9-6a53bd3efea7	+
51:630|14149cc8-5009-4d59-b9c0-6df80266291a	+
51:630|464030eb-fcff-4d70-8cc5-e9be814bb5c0	+
51:633|bddee26d-15ec-4b3f-8de0-5bfe068b59bb	+
51:638|e1231945-455b-441d-8b43-00c21de638d8	+
51:642|f7beec99-4728-41e6-a60e-4350f02055bf	+
51:646|03121d1f-e1f5-4e87-8cc7-f1ee27ccf2c0	+
51:648|99c0ca2b-fff4-43dd-8ff6-22a50bfcc5ca	+
51:675|99bcfb1f-a302-4adc-abb8-bd9784e4654a	+
51:718|3eca213c-4884-4640-8f84-0dd643c018ba	-
51:818|b094dbd6-9182-4c8f-b252-af7ad9f30e1c	+
51:833|0abef5f9-e2dc-4097-8ce2-75e6835d1e37	+
51:834|4a89ae18-0472-4695-906e-66210d17b3f8	-
51:844|2eb5a3c4-2b00-402b-a433-4f6c04c57051	-
52:1033|778035bb-518e-4df2-bd49-e27ecea7e35b	+
52:1038|bfda63f8-c699-4663-b72b-2baf9f9f91b1	-
52:1138|4af8f263-eb63-4cb8-8692-a1b720d9013a	+
52:1150|1ca50711-169a-4c71-9263-e4f59ec0152e	+
52:1152|0443f6bb-53a4-4143-81f8-09852b2d67a5	+
52:1221|c1826d40-151d-4f48-ac41-cb37ead142db	+
52:1350|093b062a-f25f-462f-9766-7ae8a7da991f	-
52:1363|cd5a771b-6a92-4669-9ed7-8a9b301eeefa	+
52:1367|6e4f3561-d85a-4724-85b0-27a30edc847b	+
52:1485|b10f2c5c-54dc-45e4-9d40-f6985cd5d55c	+
52:1518|0542954e-8f48-4c23-987f-193e62f8ed0f	+
52:2082|a4294cb5-4d70-4d7b-8f5e-0343a6198a5c	+
52:2098|0cdd08b5-2ffa-45d3-bd6e-8f5e55ca1e17	+
52:2110|8404dd20-1125-4176-946e-4d079ac161e7	+
52:2139|f684feac-4e28-425b-940f-32b03172449b	+
52:418|4752fb53-ce4e-4fd5-a8b4-006be575e541	-
52:426|26fd5b6f-08de-4baf-9f15-834740f77813	+
52:501|e3e9dd4c-41b9-4773-9724-34dfadbfe891	+
52:502|fb8a2a5b-64ed-4aff-9470-a0982a73ad07	+
52:511|e5896af2-571c-4e97-a0a4-1158c4ed2770	+
52:511|f54427a3-6eb7-4b06-adc9-f01c45b3de9a	+
52:513|81699872-4f3b-4d5e-b5c4-2378f3985a5d	+
52:516|5f69ac00-99d4-415e-922e-de7b8f0ac79f	+
52:518|14b353e1-643b-4657-9d07-8cf072605402	+
52:519|e25c6a8b-f04e-4436-96c7-c986eca97a68	-
52:522|921a6c7e-0afa-4103-a6f6-2c6c58b145f5	+
52:526|d1a78563-c1b6-455e-8bf5-ea24a6e66f64	-
52:527|7c7bf5b9-4a87-402e-a999-256dfaa2780c	-
52:527|8150ee80-2c93-4ac2-8db8-2c4264eb7e1f	+
52:531|16152b3e-318f-4af2-b368-b2ca6e42b95d	-
52:531|1eb5a2a2-dee1-407c-aa0d-7b1302036a0f	+
52:532|02bb27f3-f2fe-498f-960d-2241685e29d6	+
52:534|cb223bd9-bd67-473f-9b2d-c47e917e5a9b	-
52:535|31d1868f-865b-4ee7-8f07-6e0f02f44dfe	-
52:539|367f96f6-e57d-4a6e-80e0-871d7ed4134a	-
52:539|ce90711a-b957-4273-be4b-d8db328c9a8c	+
52:540|5540634f-7aff-474a-8d56-325589ddd2a1	+
52:540|f21dccaa-c715-4ebc-b1a1-24225df99dc7	+
52:544|85bca70a-f122-4adf-a101-f387a7f65deb	+
52:544|c4915fd1-e2a7-4e85-aa50-556b044e333d	+
52:550|c66347b7-1d71-4e30-8af5-fe7ecb871f72	+
52:553|8e19d7ea-d03e-4895-9734-3fea98d25410	+
52:560|9248c104-5ccd-4342-bbb0-fdb230d4ad25	+
52:582|f055c09a-25b5-4838-8329-1c040f6aad13	+
52:583|87392d6b-781b-4f8a-bf56-a54ecccca118	+
52:583|d9139aa7-f0ca-5a85-9c0d-41033ae27180	+
52:585|ac9eb0d5-6174-46ba-abfe-fc8d5f1cbd31	+
52:586|a34294ab-34f1-4c57-968f-040da3e87d3d	+
52:589|a201f78c-a24d-4319-8b1e-c6e57b1ffb8e	+
52:591|decee5ad-401a-4057-8bc3-7330707e4a7b	+
52:591|ea997b7d-8eba-435c-827c-698cfdae9591	+
52:592|4267c38c-7e38-4736-9b91-145ab2cb7af8	+
52:592|d17657ae-5d23-4d70-b4f4-ab192cfa018e	+
52:594|7233bc5a-25c9-4c6b-8277-c18fedeea0c4	+
52:608|9ccbd7a1-0f8f-447e-a7b9-b427bb5cf001	+
52:622|578ee024-ad1e-4307-a227-18f669df1454	+
52:623|5a616d70-b2ce-413e-bccf-0cfdd8536c3c	+
52:626|964b4f40-2448-4da1-a52f-18a204685977	+
52:627|0488c9ea-52b7-4d29-bb68-7785b9e858c7	+
52:627|261a4c98-1869-4831-93c0-34ada00bd466	+
52:627|9152ad62-145f-400a-9fcb-fb5d30ecbab7	+
52:628|b9fb4db4-b266-4ac0-b8a7-47c86ddbd41c	+
52:629|3ef00142-e10f-4201-88ac-f08e4928ccbe	+
52:630|a5f1636c-8e3c-49e8-867a-59b51366450a	+
52:631|76e6ef5d-5eb0-453f-b78b-ea1c149eace2	+
52:637|ce9b3e20-10c4-4c88-89fa-ebf22713fd90	+
52:643|33dd3ced-26c2-49fb-8b4d-baf166dcda13	-
52:668|24e5495f-0dcc-4a07-9686-1ebbd4710cce	+
527:1008|85ecf6c9-3b09-48fb-8d6e-b51de76fb401	-
52:722|ac8943c5-a67e-404d-9227-c3a29e08ff44	-
52:726|e5d9a223-bfd0-4ae6-a18e-df04bd85025b	-
52:731|caf33de6-27c6-449f-ad7a-6c51ec2bb23a	-
52:751|ae8c6cd4-9af6-4a9c-8f5c-c17a126a3444	-
52:763|32c04791-bb70-493e-9228-f044dbf10b67	-
52:835|fd749dba-fcc8-414d-95e7-2ace0d61560c	+
52:839|50c68740-2940-41cd-ab60-c32fa13d924a	-
52:841|2e3a24d2-e30b-43eb-900d-bb017346b9d2	+
52:908|4f5ef579-0d4d-4846-84af-03a4627cf029	+
53:1079|06231186-5732-4732-9981-ffda244e72d3	+
53:1091|d67742ae-206d-4989-9833-95e7ce3deae5	+
53:1134|285d1af4-66b5-452d-b381-8fb75c7396dd	+
53:1216|9fb64ed7-5e6a-487c-9b71-141085def7da	+
53:1233|4650060f-ee75-4a00-a9f4-108d2abd85ef	+
53:1243|01914ef3-f71f-44c8-bec8-f4f4feebd92b	+
53:1355|929aa620-f70f-4bd8-ad62-6d23e6b3f757	-
53:1358|7117abb7-68c7-4e25-a0a1-dbe3d4858ca1	-
53:1367|b8db684d-e3be-44ca-acd4-77bc2b3e5ee6	-
53:1372|4e85eee2-9b97-4487-b901-822863acff65	-
53:1667|f164623d-5a6c-48c9-9d76-0384cd7d5b71	+
53:198|7d1bddb7-f9b8-422d-a169-f65fdc40ba83	-
53:2084|4c889f32-f9ec-48df-8c4f-2ebfe6e0c506	+
532:1001|1ad48369-37a9-43ba-9669-143a200a75fd	+
532:1070|021c4164-0696-46be-9f4b-a778d9ef6004	+
53:2110|be68e22a-cf59-4f85-84c0-39e2c8603aeb	+
53:2121|0600bde5-d84f-4f45-910a-7e86e5789bbb	+
53:2148|3db0f679-8fe0-4f97-bbf9-a9d0b1b2a533	+
53:325|c2eab24d-70db-4075-9aa0-85b72608412d	+
53:445|6a3e24c5-161a-46be-a3bb-7453094f9809	+
53:452|f3b999ea-67ad-4aaf-a0f7-0602baf28a51	+
53:486|0e3e21ee-8cb4-4f81-a961-1d0df1c717d7	-
53:487|274d388e-38e2-4bfb-b24f-9cda3917805f	-
53:506|64ef63f0-4322-4684-a809-8cbe7a568d97	+
53:506|7089b41a-7a12-4c80-816c-b914569912d3	+
53:506|e057c9e5-a52b-496a-b0b5-9697c9cb3460	+
53:507|7fe047f1-f7d2-422a-8bdc-393df1c25073	+
53:507|c245e440-95d8-4f03-9b35-c2ddf833f7bc	-
53:508|01308757-6ad8-4279-b5f0-361f6708d577	+
53:522|341c532d-7bcb-4e3e-8a70-5ea8b335d88b	+
53:522|e707ed61-99f1-4d40-8ce9-85f1c714b524	+
53:527|07bf3a3f-35fc-4984-9a34-64ecefdae16d	+
53:528|a6a15754-e927-45df-9137-6a23edd001d1	-
53:529|ca465ba3-cea6-4825-8ff7-95d6caf6f245	-
53:530|b6bcc58c-7d4a-4c5b-a450-cdbc6ac4667f	+
53:531|857dac62-202c-4f94-bd56-0bcb3395687d	-
53:532|14b00fab-1aa8-4acd-a56b-a4cfa0d29ed1	-
53:533|c78ff113-0326-4359-b039-7d0c1810d3e4	+
53:534|9e311fc6-dd8a-4eb5-b57a-b9ed33114485	+
53:534|f513adb2-b7d8-46a6-a1d2-4079a9b2f0a9	-
53:535|76281914-3b3e-4e59-97f3-0d68ce93765f	-
53:535|813a42b3-c7ea-4f0d-9bfe-03fefd8b1160	-
53:536|ad1064d6-f421-4480-8d04-23d076ff9fff	-
53:538|24c93dd9-b21b-4ac8-93fb-7a15e3605cc6	+
53:538|841a4ab9-9881-4457-ba16-d5e9f14eb722	+
53:539|f3005b10-8934-4378-8d1a-1129f0a5b06e	+
53:540|1915dae3-be73-464c-9891-7bcc0fa2402d	+
53:541|594a0b66-b1e3-42d4-abb9-12abdde887ab	+
53:542|3dade8ca-18b3-4650-9764-f7bdf97af17b	-
53:543|88b175d4-a000-4c59-b161-e18c25a7aba1	+
53:543|d1f9809f-3720-43c0-90aa-0eec7a8d9414	+
53:544|9817a3da-75b5-4e42-85e5-14bb5881b7f4	+
53:545|f4a223b6-1aaa-4578-a6c9-384bc136d59a	+
53:549|d57b2703-50ec-4682-afb8-b6f748727c43	+
53:551|ca280dcb-4ded-4658-a002-d4eb9822271d	+
53:552|f91b9f7d-118e-489f-87ed-3a3bd4df8672	+
53:557|a9a1b9a2-9e20-483a-84fc-2d99e4f25f12	+
53:562|a56146ed-48ba-4de3-8f97-0442be2bc45e	+
53:562|be9c4b72-3d83-4c74-ac10-39327dd43094	+
53:564|4dd01d2f-e046-4c4e-8b45-c731abd1854d	+
53:565|4eeb3107-4226-4a62-a8a3-923ff0865889	+
53:565|bfb03c88-9fd3-4201-8d06-c10de2bd7db6	+
53:567|b75773ae-7b0e-4443-8a27-a4041b574899	+
53:582|71974f0d-33d6-4664-8d67-2a601a6d0eb4	+
53:588|0cd9d521-a97c-47dd-af49-86044fdb064e	+
53:593|cc83bd13-d25c-4445-8474-7eb33cc5a8b4	+
53:599|8ff36582-c60d-48aa-a74d-f0a93a44f4ad	+
53:600|6e3bd60e-bdf6-44b0-8206-4d73304c301a	+
53:603|8d9928c3-2cf2-4fdf-b2cd-499169b0e63f	+
53:607|bfdf0d78-ccae-459d-adc4-f64127fcedd6	+
53:621|7456d917-79ad-47b5-9cf7-8513833453d8	+
53:627|fca8d60d-698c-5700-87ae-3c6449fd6736	+
53:628|613dc30b-a894-48d0-8c3f-e95d6ff64539	+
53:631|9d8ebf25-a702-49f1-88f4-7616e6fee209	+
53:631|b480e717-07f3-4d46-8be5-fa4060f676db	+
53:631|e4d038f9-197f-44db-b70e-564d167c6fa1	+
53:631|f311d443-b3a0-474d-af78-4f59ee38808b	+
53:632|b24aea52-0a59-40ed-820b-e6f1bbc66d72	+
53:634|252b9704-e350-4548-b86b-5677be003aff	+
53:634|d32cd9ac-b1cf-4866-8123-bc0c72077e7e	+
53:636|287ead92-aca3-42f4-91e2-6038f282e00f	+
53:636|e7d37f16-79af-4a4c-a14e-de309b847ae2	+
53:637|0e82afa8-9e27-4076-85ca-34369d677ee0	+
53:638|eaf62d11-5181-40e9-a2be-0e13cfa3ee9b	+
53:641|aed35be8-d85d-44b3-a1ef-4ecc8ca42040	+
53:648|95aaf991-f83b-46fd-abfe-b20b17f66bad	+
53:652|fa90a030-3056-47a5-91ec-1ebfd6bb0325	-
53:653|a821f777-7078-4bcf-a105-d57bcfda7d95	-
53:669|8b62049a-d31e-4ac6-9863-98a945e652f4	-
53:671|fd46bc0c-7cf0-41f1-b75f-06b4d9922b5d	-
53:676|e7386250-e4cc-4b85-abf8-2d08fb79fd9d	-
53:724|a057ab22-5fdc-41a8-9e6a-1a5ba41a59e7	-
53:737|163ee6d0-cae8-4668-9a46-7f3610042327	-
53:739|1568e155-95a6-4f64-a252-762bce704032	-
53:740|33809242-6df9-4df9-bb46-7826a77070cc	-
5374:5872|da3762a5-cf66-58fd-8fd5-a04eb6525224	-
53:840|66ff64a8-cb8d-4947-a6bf-9f6b9e44c611	+
53:848|a41dbe82-524d-425f-b0a8-eab8a9eedb5b	+
53:848|c6cda8d7-cb49-46a0-b054-1d84d366a350	+
53:848|dd457f76-8f1a-4fd7-abcd-a96de35b3651	-
53:858|4f2ed050-daef-4d97-b123-033f27effff7	+
53:885|b8a4bc97-152e-4026-8911-ed8465151686	+
539:1084|c9741cc5-3f5a-4229-a651-3b0d712e91a3	+
53:982|70331d54-9b92-4fe2-8371-22b2a955d43d	-
54:1008|422f18a8-2c1e-40c8-8d7e-20765df40900	+
54:1014|5ffd7c4b-08e7-41aa-ab71-d2cddaafd4f0	+
54:1088|6396261d-6d61-4345-85fd-65e77ce76ee8	+
54:1095|4687d5c3-3940-4462-b7e4-7fdc49acb7b1	+
54:1119|a6af4034-ec25-51da-b490-c18c90a08962	+
54:1139|03378703-c51a-4674-8746-183f882c35a3	+
54:1143|52dffacc-58e8-45b1-8a9a-ed1f5d1673b8	+
54:1216|c25995d2-d478-48be-8bb7-b6ea873f5438	+
54:1423|af40f94a-0f8a-4caf-82c2-831fec7f3576	-
54:1506|4cd32308-be85-4a66-8dec-e6b6bdbb8709	+
54:1565|1b418cb1-bc09-4080-bcac-d06ce375296c	+
54:1593|7b7f877b-ef45-4629-8304-a1dc231fab99	+
54:1689|88236784-c8c8-4367-95f1-db9bfca06c01	-
54:185|c3e5aeec-102d-4079-862f-63fc361c094b	+
54:1895|4a3f1f87-4915-4dbc-82eb-fd4049465281	+
54:2084|bffeebe2-558e-4c78-be13-b9cb38cccc73	+
54:2086|c1aeda85-b761-431a-96e9-169f9860c978	+
54:2087|733336a3-655e-4c55-a377-bb0d90f5ebf7	+
54:2089|18d68fa6-e0b6-4eae-9692-805c28c11a73	+
54:2089|72da4f51-3647-43aa-b17d-c37eef1f5a3e	+
54:2098|ea1c64c6-4eae-42c1-bbbe-0f2a25d18abd	+
54:2110|850143db-ac35-49c1-b5a6-7e8248a111f3	+
54:2118|fdb9646d-2a38-448b-ab56-c09efd40e102	+
54:2497|2364a7bb-d8f0-4e85-8966-d6b9f1d53d92	-
54:2522|eed4c785-a358-402b-9eb1-fa32fb3841de	+
54:255|ee6ab7a9-0b25-4e76-8ef5-03b28de5df23	+
54:256|ea96f960-d6f2-49d8-94b8-94d656a9b992	-
54:376|ac237d98-03e6-4618-8dba-f1da5a5e1fdb	+
54:434|33178a73-0526-4602-be42-ef72db176b28	+
54:482|83a4f2c9-dc0f-4a3f-98e4-20d6512e6759	-
54:489|fd2d79cb-d2b7-4839-b2f8-28516b6fd339	+
54:494|d05eb0a2-2bc8-4396-9bd6-ae535024de5f	-
54:498|9d19ed14-4c51-4724-89c0-0157c0a73d89	-
54:506|c3fbc8a3-9098-4664-9190-3baca3b28385	+
54:507|dc0187f7-c550-457d-af2e-86afc3f3a84a	+
54:514|2668a653-4b2a-4ad0-af4f-b2f935c54cb2	+
54:516|492b32de-3fb4-4b41-b8eb-8873b55b01f8	+
54:520|d3cbeafc-99ac-4e92-abcf-4a30bfb7cd24	-
54:521|7ac75626-de31-4527-bbcb-abef71a4af65	+
54:521|bc33bf77-889f-45c7-a06c-0a38693dba8c	+
54:522|2005fbdd-d03b-4360-8358-d512f012ce7c	+
54:522|db2e557f-0de6-47ad-97ae-b5adfa2fa2da	+
54:524|34dab645-75f2-4a4d-a692-bd59497d1049	+
54:524|6235d5c0-9449-45ea-8cfd-263ae49d1df6	+
54:525|6f9f40af-5dd1-4bbc-af83-dde6c69ec4bd	+
54:531|39a2cf86-3399-47ab-adca-43cd7ac6038a	+
54:531|9f805001-bdd9-4f6a-8ae4-bd00620d772e	-
54:532|278553d2-fe2f-46ac-b990-6f7fb438dbc2	+
54:534|7f93efa5-2efa-4c11-bddd-03410248ba39	-
54:535|49eaf3da-f6be-5613-82e5-33afff87db16	-
54:535|c9e9b76d-a2fb-41b4-94f4-50518d0a0b73	-
54:536|2f48f84c-27af-4baa-ba19-383ab79437ea	-
54:536|be118ec4-39c4-4479-9fa9-a3c7ba9fa28a	-
54:538|5de318c0-da20-44b0-8255-6a07bd2c24f8	+
54:540|06e8aef2-0236-4528-a7d9-d47a7072c61d	+
54:540|d46cf7e6-ef6a-4129-a5e1-a6d7ad62f341	+
54:541|066a514f-bbb8-4f3b-8d50-367e835e16d7	+
54:541|13cdf4aa-4812-481f-ac1e-f30b1375686d	+
54:541|ff405cf6-76e1-4c2b-a8b9-2d29daf9120e	+
54:542|80d642f6-dfb3-4e73-90b4-74161713e6e9	-
54:543|d4a5daee-3dfb-4227-9886-f57a2c2713fa	+
54:545|4842c13a-c1a3-4e0c-959c-e000b13712c4	+
54:546|08cb6469-15a5-4682-86b3-4bcc4b9ff94c	+
54:546|2fbdf726-82b4-4d81-b8f9-eb5af06f0435	+
54:546|cc31496f-30b2-44a0-b49b-141f34c2e34c	+
54:547|3588dfd1-431b-4147-ba8a-65107e48992c	+
54:550|17d9ab10-e50f-4f8a-9c84-37dda55358d6	+
54:551|87042c0c-cc3d-4a91-b829-6fc9b5750a6d	+
54:551|e6b11094-78f8-4ca9-8628-82434f868a4a	+
54:552|118e2251-9a74-4adb-bf26-810a289a01a1	+
54:552|67ecf1fb-2901-4a60-b244-fc84f6efd345	+
54:553|8bdb8b85-2cef-4cd0-97f6-c090e06c7960	+
54:553|ef4666bf-d3b2-4a22-9532-54d149538267	+
54:559|a959a2b0-dcaa-4e5e-af0d-5a99d58abe91	+
54:563|93dc040f-b18c-42ac-918b-daa6b30603a4	+
54:563|a06cc2d0-611a-4ef4-9ddd-ca7ce41e3040	+
54:564|3a5aede2-1ad0-446d-97ec-a2bad407aa72	+
54:571|56dcb14a-8cab-5ec8-9b61-a567472dc7af	-
54:576|727f5b62-0798-4e79-9974-df2183e912c3	+
54:578|b2065cdb-5d4f-4cb0-b2dc-d8b95a62e124	+
54:578|f4b34b34-0e95-45b1-8a92-8c608e739a34	+
54:588|51ca71b5-0d75-4857-bae0-6f0c60fb8200	+
54:589|7d7e7eb7-507c-4020-b675-9129d0b785cb	+
54:589|f390cab8-4f38-490c-812b-bc728fe8591e	+
54:590|941b4976-0054-4e90-8f6c-f059a2a3ce35	+
54:590|f89121eb-ffe2-474d-a0b1-6c9d5ade122b	+
54:591|680f6c61-ffd8-4486-a907-70c03892cd23	+
54:593|29d00685-3e94-437b-9ad1-d1d97f644217	+
54:595|5ed55f54-58d2-457f-8a32-afad1a5cc79e	+
54:597|3f941237-309e-4624-9795-729d68a39ecf	+
54:597|faf22a30-febd-49ca-b70f-cc19ae14d123	+
54:601|0ad2ed51-fb2c-4783-9fe9-6f1692b415ed	+
54:602|2f8e7f70-c7e2-484a-a539-64f8492ad456	+
54:607|2d050655-2f23-459b-b82f-608770f07f9e	+
54:609|14461a51-0561-4008-9554-8e60f6923ef1	+
54:618|ae3f8e26-6a08-4441-b494-7505d2107f02	+
54:621|75910e68-afc1-4671-845c-8b2fe08cc327	+
54:625|df337054-981e-43a2-852b-8e79b64db17c	+
54:625|ff06a5dc-79ff-4742-98b0-f1b513654b7d	+
54:626|d4a14489-fa0a-49cb-9f3a-7a831755c3f0	+
54:626|ff0f354a-1b62-4364-bfbc-4cd0b44ed14c	+
54:628|40efbf0f-b67e-468b-b9bf-7cf4bc206e81	+
54:629|266ffee5-41eb-4ecc-ae77-804c6c403558	+
54:629|5b66352c-62f3-42b8-bfc6-952ba4139e2d	+
54:630|ff8d12eb-56a1-475d-bd13-a32e20025334	+
54:631|6eeef78a-72c6-4630-8ba9-ead8bade9be7	+
54:632|0c42e254-2e6a-4751-94d7-4a6b5e9dc24e	+
54:633|040dfba5-043d-4736-8f9a-1b016d190d92	+
54:633|5007b4aa-3260-47e6-b6c6-2fe51aaf3c19	+
54:634|a9a7369d-449d-4f06-a989-4d0fe1ccd9cd	+
54:635|99bcfb16-d2b6-432d-a81c-50087bbe9ea3	+
54:637|9f6875b9-ba35-4cbe-a1e0-be8e4dc20af8	+
54:641|df2b52c1-bb64-486c-8a0c-c0104e0d8b30	+
54:648|10bdabde-83a5-4b31-a10e-2acb7e20f21b	-
54:649|7a52feed-6b25-4d07-aa0a-0d8a67750084	+
54:658|19b91446-56db-43f6-8d16-b6eff549cc46	-
54:658|caac2947-67b2-4e24-b1bb-1107f7627d23	-
54:734|3d039c35-c315-4f38-8c98-87c32c3eb864	-
54:748|0ff7aa67-e480-4be4-94a7-07d84722cb49	-
54:750|f2f773f4-f938-44e8-8694-0b9079acb561	+
54:764|4184834f-bb4f-4d0d-a831-196db4cbfb83	+
54:768|75ff8521-986b-42f0-b184-9a448b7a5c99	+
548:1123|90c8144e-c09b-4541-91bf-395ba18c951a	+
54:837|56efe708-d538-4700-9664-6b9fff5c14ed	+
54:838|fbd5df94-2704-4910-ab0a-a7c28e12026a	+
54:840|4ec061a9-01a1-4937-a98c-3c72b7dd0b29	+
54:854|fbbba346-eaf0-4acc-bc8b-44086b2444a5	+
54:855|d15ff0ac-fd88-4948-8b18-44117c887b2e	-
54:979|9583cf57-93ef-42d2-8f5e-3129bd88037e	+
55:1023|627453c8-931a-4a25-bd15-51788c4229f8	+
55:1115|dafc7d2c-5a4b-49af-855d-abdeb5252f7b	+
55:1151|aba61652-26cf-45ec-8434-4c7a274cb8a9	+
55:1218|b52986ca-c00f-4729-a952-8c07ed9988d6	+
55:1220|2766d800-70c2-4aa1-a2da-fd87fda00ba3	+
55:1222|ef578c2e-583f-430b-8cc7-086316a2126a	+
55:1225|5bac189d-743b-4a92-aee1-1d34ad2eb603	+
55:1260|787253fe-c8a7-4718-9adc-d12b5ec51bd6	+
55:1316|807e4e3e-8e68-4340-971e-c67772b0ba90	+
55:1318|79a9bd33-a086-4545-8fad-be21801e97c5	+
55:1318|dc844772-e977-4f4b-b1a6-71bc5f34b308	+
55:1359|d3a2f998-ac28-460a-ae33-04d96933c4b6	-
55:1365|3dd8f883-c6ac-4dea-9db8-22a488381670	-
55:1367|ba9fd2d8-d27a-43c9-9a0a-9afbf0e36c3e	+
55:1371|22a1bbb1-37b3-4731-8e51-c1073ceeb443	-
55:1494|b9d67152-0f43-45f2-bd90-7f35808e8524	+
55:1496|79958d25-d376-4362-98d8-eef12ca13630	+
55:1497|cabdb1a2-4fe0-493b-9ff5-5a7502dd6df9	+
55:1517|cde8209b-c06a-448d-b795-5a38007167f7	+
55:1552|f709055d-9e0d-4ed5-87ec-1b03ba9e27cc	-
55:1594|b1d45715-beab-45cf-93c2-024fb5983595	+
55:2086|9ecce0e7-6d4b-41d9-8544-90f3c0cfc392	+
55:2092|ef7027f3-1aef-47c9-ab93-cab66dc89251	+
552:1013|aaf6aa81-5ab9-4903-92bb-196d7bf78df8	+
55:2103|d926b7ce-24ab-4bcb-88a5-d3f558fa20d8	+
55:2112|bcfd0408-b15f-4a1f-aa64-7c092887ccb4	+
55:2142|5422331e-a774-495d-adfc-f59d71c4af61	+
55:215|71db0599-6aed-4e63-ad1e-ce8c4d65ed88	+
55:2538|f75ba497-5dde-48f7-9bdf-3d0b5d5e1d58	+
55:2562|88a72c0d-6034-40a9-9ec6-4e1515c707ac	-
55:260|7ba640ba-9e55-47de-9f7e-21eed652d46d	+
55:343|a288f1fb-3d7d-4f7b-856d-5fbd865ec0b7	+
55:376|dc68e68d-b941-4bce-86ac-eebb54740278	+
55:397|9d2f7ce2-21c0-4190-8551-88ddec548610	+
55:429|040e5584-4c84-42e1-86ec-6390750f8a3b	+
55:441|7ddddd66-4351-4c73-ba61-ed07c356b6da	+
55:451|26b38d3a-d05d-4eb1-a443-89e69616c8c1	-
55:468|3df8dba4-8c33-4ee6-9317-35058b0718e3	+
55:483|0139dce4-9d54-425e-a6ba-e9cef2b5ccfd	-
55:485|5b83719f-f1b3-47c3-bbe0-72d3fda410a4	-
55:485|ddb6e7ee-38e3-482a-89ee-0fd1e7074ac2	-
55:487|bbd73524-3ede-494b-bc5c-6ee4090a5acc	-
555:1130|f24012da-651d-4ae6-9025-42f6474da2a8	+
55:516|ab97748e-7983-4f89-a652-ce5f89717f5f	+
55:517|7d761a67-f948-4875-b88c-0520743b2bb6	+
55:520|e2acf832-b06a-4427-85a5-c9d13091e8f4	+
55:525|125d4428-cd2a-48a9-b274-f2ccd3056518	-
55:525|bdfa8aba-4912-484e-9c4b-9c62891d707d	-
55:526|7fffa6f0-82b3-46e5-b056-8eb2a51cff3a	+
55:526|a5369c79-2826-4a75-ac18-754e7ca60fe2	+
55:527|f21e1ff2-3299-43a4-9510-8cb6bc7a43ff	+
55:527|fae5f4a1-4174-46dd-8ea7-1fce93a8e52f	+
55:528|e2fa3916-f1f0-46e3-88e4-b98e6a1078bb	+
55:529|5691aca5-7a50-4479-83a8-908e4450553c	+
55:529|66faffd5-9042-4781-a2f3-c00e2eb68cf2	-
55:532|d254a4fb-7fbe-4b47-aadd-34fba9f842e6	-
55:533|4b8c8993-70c1-43f6-a969-80868bb2209f	-
55:533|75f93afc-c81d-4d88-b083-69b35cc0db6c	-
55:533|a46e4366-0841-4a19-9a4e-7d4c02decc46	-
55:534|cd74bd4e-1b4e-44cd-beb6-0ebe1d942d04	+
55:536|b3289fb5-5de2-474e-ba9a-8b5af9adc919	+
55:537|0b9760a7-184a-484c-91d2-d12c108dbd35	-
55:537|30e72c13-845c-4778-97a4-48b3328642fb	-
55:537|9f47e899-7826-4f08-b026-b0e9a7a061dc	+
55:537|fc82b74d-09a6-4401-b41a-49823138a8d1	+
55:538|44228a64-e89e-44a7-be4a-eded0491e3d2	-
55:538|b3371901-0391-4f63-a2b6-63550c4e8a17	-
55:539|7e0c045d-c453-4173-9eac-6d6e9c4f2a9d	-
55:539|868bedc8-5f17-4f1c-ba5c-39e988c23009	-
55:540|f3f17520-85e8-4b90-9f2e-19ade714d2d0	-
55:542|37ad5add-0068-4208-9a46-b487c0f41d47	+
55:542|9e08c127-c844-46e2-9b6c-7180a81ea464	+
55:543|2d507e05-2b93-49dd-be54-7791ac7d88fa	+
55:545|0e182c52-fe76-4a33-bbc9-96f3a868023c	+
55:545|b409a99c-e0dc-467e-88fe-280cdf14655c	-
55:548|76e0527a-708f-402e-b949-edf681920650	+
55:548|c9278643-11cd-47cf-9f75-1771f97a98be	-
55:548|e86f859e-a15e-42cd-ac14-757a6f6354b1	-
55:548|f0c382e5-2bb7-444a-8965-9f955faa01d9	+
55:551|bcd35c6e-be08-4530-8ed6-c04c0bee69c4	-
55:552|27767b15-815a-43f6-86e2-e779e0f430ba	+
55:553|d26520b9-e4fd-4baa-be2a-8d453692cca5	+
55:556|3dd8cf4c-5620-464d-9c4d-c23bb6db4dbf	+
55:556|b27eb7ce-c1e6-4223-a34f-596d6975c778	+
55:559|1ab11163-c944-49f8-99d3-87151000d82b	+
55:559|3c46e9a0-bec1-4820-accc-06206c395b50	+
55:561|ee4152a5-8b37-4aa1-add0-073e8fd9d4a3	+
55:574|39e9894e-73cb-4850-8faf-bb2229b4d354	+
55:577|5d680b65-73a6-4f62-9215-8eac17545978	+
55:583|92a997e9-6ed4-4a06-9506-daa3a60d09b8	+
55:586|719b2407-930f-4863-a19d-237f11d71be2	+
55:586|8037ebc2-117d-4594-8244-309cdb71f60c	+
55:589|b7f83de4-7fbe-47d6-92b5-5661cc3e40e7	+
55:593|beaab6db-6cc9-4ecc-a762-466a4e98d39e	+
55:595|24e4e181-75d9-4a7a-b07c-e1827b18fd1a	+
55:599|aa34c648-b2a6-4dea-a0be-83a43d523ebf	+
55:599|f2a93db5-cf08-4d94-8fcd-d1d6d532ef89	+
55:602|eaade9a2-0ad8-49f5-8bf5-e2d343a98ad7	+
55:604|294cb9ba-f552-4a42-9543-7502e6c8e980	+
55:611|d7cd8af8-ec99-4ed3-b66e-f062567fd22f	+
55:612|5e283dbf-b231-4130-9b79-cdf0c1e9bc8c	-
55:612|9c1bc2d7-66ee-4d8a-ad61-50abf86de0ee	+
55:618|71bc6e4c-eda5-4b91-b3cc-e33c751c0211	+
55:627|a7ebf9a8-c3bc-425c-8330-6015b6a1e8bb	+
55:628|a523432f-bc58-429f-8954-323387479bfb	+
55:629|07050134-eb64-4cd7-aa1b-15315f014c30	+
55:629|311e4743-a0b1-4281-9153-1e8202dea157	+
55:630|276af933-4f2f-4f17-9864-f88e9089d7b3	+
55:630|f906f7bb-0724-4a64-bb92-f46de96c2554	+
55:630|fcbc3475-2082-40e4-a6e5-77917709e860	+
55:632|acd5e4e2-d8d4-478d-a594-13e9c17cad13	+
55:633|908537de-1bcd-4a68-aa75-8ccb4dc7985e	+
55:633|ad5c8520-b9de-4519-94f8-f412712d3e9f	+
55:634|a592e59a-a1b7-4231-87c9-2d01716f0bcf	+
55:634|bb934b73-abf1-47c6-84db-6af8ab231cbd	+
55:635|9b329022-6b1f-467c-aec3-30bdb9c8cf99	+
55:636|07651003-95be-4e34-b7e9-13d721c5e2c1	+
55:636|90a59f61-e7f8-4489-80fd-5f503d34a045	+
55:641|7714e2d9-4187-4994-92cf-6fc74648a3d6	+
55:641|d8b6510e-958a-422f-9bae-9bb80954861a	+
55:646|6f22d9f4-933a-4831-8016-3226f61ad486	+
55:653|449a4694-03fc-4ce1-947e-9322339b2a8c	-
55:664|1c97d82f-b5cb-4935-89ea-6e89d1e01810	-
55:724|70203b26-60a1-4bdf-b186-ddcf48818d26	+
55:727|9e2f4110-e5f3-4204-993e-565ff34b95de	-
55:728|f3d7b445-8d46-49d5-a410-28955087f096	-
55:746|445bfc41-f671-402e-98ea-98d77d5f0f6b	-
55:748|413f0e91-1350-4ddf-ac10-5f2dd299cfd7	-
55:797|6a55fa5b-81f6-4e33-a496-19f06669d143	+
55:826|4ee0b208-6a2d-4804-acb6-4175f951ff22	+
55:832|2963eccd-679b-4a6c-b572-4ba532d0e6a5	+
55:839|0a163c51-4da1-4b07-adee-a4cf465ac481	+
55:839|e51e5efa-9dd8-4f05-b59a-83a4f19b10f1	+
55:842|dcd14492-6db5-4fdf-b8e5-4b53c1b6352a	+
55:844|673b624c-45cd-4f35-99fd-e0e615178fe2	+
55:846|cfa1b041-2c42-41ee-981d-948bb7bf86b6	+
55:847|816d5166-7c4d-4f61-b06b-40577d358659	-
55:850|a1b4285d-cb00-4168-a40b-3cb183f30f1d	+
55:850|e52edd84-5b8c-404b-8a3e-9fa72ed64c8e	+
55:850|ef40a23b-8725-41f6-8803-ab4e2ddf6362	-
55:852|2aa05c0b-0fe8-4599-8965-17c7a4090ae5	+
55:852|81a9b06e-8e3b-44d9-a30c-66988ead0ed5	+
55:853|2d21ffda-2c5c-4d31-b4fe-00d99a17052e	-
55:855|0bafc0f9-f81d-47fa-af06-bda50e0b0375	+
55:857|dece48de-31e4-44d5-a207-7f21afcef3de	-
55:862|ad1d2d9d-d97f-47f2-9c9a-96b5aded3152	-
560:1040|721c91d1-8a61-44bd-b517-cfecf6c84c9f	-
56:1024|e7cf2a51-2369-4924-aa3d-fd824f165424	+
56:1025|1a37e304-a449-4843-83ac-7dbc95e3820c	+
56:1031|fb144dce-8595-4f8f-8839-f510c03d1b7b	-
56:1101|06c5e071-7680-4acc-83f9-528ee42ec597	+
56:1125|02c1a0cb-70cc-4f80-b7c5-c39678426589	+
56:1134|175efefe-7172-420d-a982-bb2295008cb6	+
56:1145|2df09f08-3d65-4814-bd67-8e4271780132	+
56:1146|42ab29ba-a2ef-46eb-aa11-d02ee7fe8b44	+
56:1146|7daca2f0-e1df-44a6-8b75-df12ad3e410a	+
56:1243|e74cab4a-ecaa-4a27-a538-83d121061005	+
56:1259|8b123e28-60c6-42ca-ad18-2d67a37df0ed	+
56:1359|bbcd91a2-9955-453e-ba8e-458e1c2473a6	-
56:1407|14e7a230-b002-4095-a9f7-1b3fd6309ec2	+
56:1421|1795f492-a5c6-491e-9c3b-6615b9c7326f	-
56:1421|99b55a8c-bb97-4bf8-b9cd-79619160ba0f	-
56:1490|699a3b08-241a-4f7e-a52e-0d01428c3ad5	+
56:1492|cc8be462-fe4b-423b-8ffd-19f1d0c4e5aa	+
56:1493|dd671d6f-4cb2-41af-bb78-d93c2c7ad5f8	+
56:177|b9eddaa7-63b6-4647-a708-aca9cef7d44f	-
56:1939|271b085a-e52a-47ad-af21-50f182de83d3	+
56:1977|5dff740a-bf35-41b4-ad24-bca4b010a0b2	+
56:2064|340a31b4-1496-43be-9c72-2cbd64a478e7	+
56:2072|74dca597-ee92-4959-ad53-6f05dc09b83d	+
56:2075|69d1376f-d77d-442f-a1b6-fa1cbf841d97	+
56:2078|58a2f728-73f0-48aa-a033-f5821fb12b6b	+
56:2082|431d14de-3e6e-46b9-bba7-ac65c2458b5f	+
56:2083|35b2c13b-e2de-42fe-8bb4-8cb39c53a286	+
56:2083|c736c46b-8b65-41b2-ad8a-ec3dd58a2812	+
56:2084|fbf50f49-8466-40fe-93b5-62a3f1c2bf16	+
56:2091|472d0d96-1350-472f-8fbb-ed6ee0017a3a	+
56:2094|f45edbe1-80c4-476c-a597-e4bab4bfab47	+
56:2098|4937851e-4df7-4ccd-a59b-e382a0197c77	+
56:2108|8f5d6898-954c-4e93-a004-d1220f4e1902	+
56:2147|2a70ce8f-caf8-5ed9-8b80-9eca2ed957d9	+
56:2529|030745b9-c0f4-401a-b749-02862869cd79	-
56:2552|b230b35d-c850-4bb4-8bf8-82fd1bc4355b	-
56:400|9fca97ac-2603-4a10-b250-c3a00366f72d	+
56:4060|17777efd-0edd-4933-8323-ba0c306d4f62	+
56:429|aba3a63a-a9db-4c48-8f1a-e6db7d90bd82	+
56:473|c75b7126-28a4-4abc-b405-4c2cc5a85c0d	+
56:484|50e221cc-041b-418a-8fc9-f5a288339cd5	-
56:498|712f1f3c-804d-4a23-b4b4-6597e0aab047	+
56:506|19c75b00-2064-43c8-853b-7891025afed0	+
56:507|4fa2938e-05de-466a-9998-142461794751	+
56:507|a28fbee8-6567-4d33-b837-efba3f86c14f	+
56:509|50b67ca4-0878-4d34-aef1-7e3a4fb1be9f	+
56:511|916c883f-ae26-4e28-a1a6-4dfa14b61d3e	+
56:516|8b3f1ec1-c538-4d2c-b3d3-44bb8390b6a0	+
56:518|f38cd3e7-bc05-4638-9298-950488e22fc0	+
56:522|cd50c7b5-583c-4f9b-9a70-3e3550ba19f3	-
56:523|6bdcbc48-fbbf-47d6-b57b-c5d4f8c97ab2	+
56:523|ff428cc0-8609-4323-afd4-54ac6ebe40a2	+
56:525|a95a569f-9516-41af-85b0-c3496e860d6d	+
56:526|19baa716-748a-4b72-b9ef-63762718b8d1	+
56:526|8f1e0f60-d334-4ec4-8a8a-4a56a45b0977	+
56:527|80207005-7ea7-426d-adef-8c4bfdce7832	+
56:528|cb1643ff-9714-4a94-8954-55ae73a2052a	+
56:530|b16ce37c-7c40-444f-9d9c-2afb4a2e28a1	+
56:535|83d9451d-bfc9-4ac8-aa20-faa084d81604	-
56:536|f104b37d-e910-4dbd-8eeb-a1b80cfd869b	-
56:537|5a87a35e-6008-42af-95ac-91a0bb0e5d37	-
56:537|ca6c1b35-fc74-4cc6-acee-44371596d656	-
56:538|52786e4f-3ed6-487c-b69a-200858dcf621	-
56:538|63fd8030-75fd-4b07-8b85-952691fbd5ea	+
56:538|7f80a043-ca8e-45b6-8601-5ed5cf07a9e1	-
56:538|989daecc-dc01-42c9-8423-e7629d5e19c9	+
56:539|51852f14-4422-4ac1-94d4-91ae20dfb227	+
56:539|d662d065-ba1f-45ab-bda0-cbcb0f94e733	+
56:540|8387a61a-abb7-4099-81ba-848c0a92a6de	-
56:540|b0003a98-c999-4d60-b683-107d62e9d32e	-
56:541|01ee07bc-617b-4f27-8277-03186b7b4cde	+
56:541|0e7072cd-7735-4b91-bea2-72a1c9e83543	-
56:541|49087700-d9c3-4a7c-9a3b-2d47cca1a7af	+
56:541|7df88d5d-eca0-4670-964a-343f6a4fadac	+
56:541|c3483bf4-49a4-4e79-945f-b51aa61654d2	+
56:542|3b7f3382-8a9f-4d2d-93ea-f26ffdd17cd1	+
56:542|5a595c28-8f41-40fd-a972-89f1e757f11e	+
56:542|adc19fca-8a29-4dd9-ab25-d98018e7666e	+
56:543|3085039c-e350-4d72-903b-233f81823dce	+
56:543|4a1688c4-094b-4350-b1a3-6bfb9658d30f	+
56:544|2d996c0b-17dc-43f1-a309-abd973ce067f	+
56:545|13ab6a70-08e2-4d2f-b075-514ded645ee3	+
56:545|af5d7e7c-f010-4b38-a00f-e73c82b9d461	+
56:546|7d311b2c-dda5-4fb8-9380-abb8e06c6cbb	+
56:546|e0a3e71d-5451-473e-aceb-8d030a5e0742	+
56:546|fa2fca0f-231d-4b95-a897-a3c464853ef0	+
56:549|7d86f3c7-41ad-46c4-a904-77034f98440b	+
56:554|c8aa1954-7089-4276-b8f8-43de01f6351d	-
56:555|55bc864e-0c60-41f8-bda7-78e5d75a4b8c	+
56:559|e9f1d3d5-1b82-42a3-a005-442818a893a1	+
56:560|0a7bff24-2dde-421b-98f3-ef4d19176523	+
56:560|6cd18477-5420-45a1-bc10-cc1208b0a423	-
56:561|0dfd8f84-017a-4da1-a3e7-cebd7f2bd0e5	+
56:563|97e56b7a-5006-4afc-a5d6-0241dff2b7e1	+
56:569|15fc6a7f-284c-4ad1-a2e3-1ab627d73cef	+
56:579|145ca876-9102-4067-82b1-a0c593bd2487	+
56:585|1ca87444-f836-4c59-8bc7-801acb411e9a	+
56:585|6c922fbe-a02c-475d-a83b-38f904ab3cd1	+
56:587|99bad1b5-bd70-415e-b98a-4d2b83d8d37d	+
56:588|16d3f1b6-3459-4924-bae4-54c388c0ac45	+
56:588|56050c2e-bdde-46b0-89c3-334a38ed3fac	+
56:589|d68aed6c-7108-49e5-b595-ad273e3585d9	+
56:591|44f44fc7-815d-4dac-a0da-92c77f01a27e	+
56:591|5b211ed7-8efd-454e-8189-9e95d40bab01	+
56:592|d15a17af-85d7-4007-b5d2-973ab11fd21c	+
56:594|486ee509-4424-4fd8-94b2-951e788f2700	+
56:594|5292889d-6e56-4f10-8940-ed5d35b277fd	+
56:596|4f42e25e-5dcf-41c7-a5da-a09e9dae7576	+
56:598|eb673360-26e8-4b55-b0bc-0d7b02edf08e	+
56:602|8c507cfa-d452-430a-aed3-6d436773f046	+
56:603|69f5b043-6814-43cb-87bc-7885ab008e47	+
56:606|bb4bd3c2-9772-4d0a-9d2c-a9f95cd4f774	+
56:608|89278497-dd44-4f76-95f4-e153470dab82	+
56:609|5328178b-2148-4c3c-a2ec-7b1c97f4bb26	+
56:610|0444ca60-6a5e-4d34-8e4e-fe846916bc6c	-
56:613|b3f1a2c0-d67b-52b3-81a0-43cc3eba6565	+
56:616|6a1d3eb5-6954-4f09-8c51-c445b0aabc61	+
56:616|7c5d5841-e50c-4090-a0c2-a7f610ebc0c4	+
56:618|b807de1a-8f92-49a9-8c30-39d1ab5f36ae	+
56:623|675e7b6b-40a8-4d6a-9804-a597bd818d9d	+
56:629|05dd4590-9f00-48c9-848d-aa72304ea0c5	+
56:629|acd24faa-29cc-449e-aa65-6d052f568e3a	+
56:629|c3dab980-e109-4b1e-820c-a446dafe04e3	+
56:630|111d27ad-70eb-40b9-af76-075123c32030	+
56:631|204e6c7b-dc9a-4713-a173-abc4eccce59a	+
56:631|344d90f3-75e1-4efc-a80c-2ff2068be877	+
56:631|7f1f3f48-8b65-4fdb-95b8-92aafe43c616	+
56:631|dddbf95e-47d1-43d8-9882-ec859f0452a4	+
56:632|70a39339-5784-4f06-9ccd-497854292d66	+
56:632|df2c245f-a837-4185-a47a-abbd2827ce4c	+
56:633|d04dfece-a4b9-443c-bd24-95b5a7cb26f3	+
56:633|f5f69f45-05d6-462d-9279-f8f5965a5a62	+
56:635|9cd65e70-f22b-415b-aaad-4c1cc3b9b208	+
56:636|79fc7929-3437-433c-8b3e-b8f5854ec2b6	+
56:636|af23a06d-1331-4c2b-8dab-cebee54f90a2	+
56:645|e938c78d-5fd2-45fd-816b-7f92b1dbb92e	-
56:646|b9a64a61-ab17-41f7-aa66-ffe9f5e92477	-
56:648|087e334e-4611-474e-9648-29c9cb002c07	-
56:650|85497a32-44e6-4ed4-812c-06bb9ddf3bb2	-
56:660|1a9eb2b6-9593-4334-a6a5-9bbd3107655e	-
56:665|0df6f01b-102a-4007-b00a-7a24cb39a827	-
56:668|bb417ede-17e4-42f7-b312-4638ee47d6dc	-
56:679|5d6017b8-6979-4461-94d4-c1c018a4d40b	-
56:700|a69855f0-03f2-412e-9d88-772b1cb7f13e	+
56:705|3c03506b-30ab-4d96-8e1c-0f78c30bc7d1	-
56:725|f46d148a-9fbf-4366-b0e9-4c2dfc251c45	-
56:737|80998e69-a67b-40a2-b0dc-a0fd0df753ea	-
56:757|7b3d403d-05c7-4025-8b23-41581c328981	-
56:805|2e14e45b-2857-4a12-b22f-662afedadb71	-
56:835|4a7a9a27-b563-42aa-bd48-9c399ae0b400	+
56:838|0fe04b79-8858-4807-9df8-c537fca6bd14	+
56:842|d9ae4852-2f78-4a45-82b9-3d8b25c748ab	+
56:843|691fe5ad-dfff-4636-9e73-33d059126edd	+
56:847|12b26100-4006-4ac6-94f0-a04dff9f7318	+
56:859|c17a372b-d8fc-440d-86a9-77d4929cc5c0	-
56:882|570cb75f-7d44-4f90-af35-6970d027899b	+
56:899|1ce8aa9d-2771-452a-bbbf-d5b4b8690ebb	+
56:920|08b9b0f3-9d8f-4834-88c1-d9edef96e2b0	+
56:925|a7b4d600-116d-4380-b8d8-4476cfeede42	-
56:934|f3643414-0be9-4c60-97c9-466f5df38498	-
57:1006|b049e4d5-f8cd-4634-bffc-4d750a06dc61	+
57:1034|a8d91da3-2488-4c0b-ab89-92d67a77905f	+
57:1036|3fddcf1e-3da0-45bc-a674-22c14962b542	+
57:1037|2adfd25c-a533-465b-aac4-702c78c76a52	-
57:1080|3542702d-f795-405c-9219-4ce23f571dd0	+
57:1094|90a3a2b5-401e-4e3b-bea0-f4a80963d52e	-
57:1116|a5955e42-fdb5-4cfe-b98b-8780e8064ca8	+
57:1124|147a9a30-b10e-4c57-930f-32bb65ad4999	+
57:1143|e7b3c621-4012-42a7-94ec-422f27b29b71	+
57:1145|bf8a9752-4d0c-4e22-bd3e-3588af80e1b7	+
57:1153|be054fa5-a0a5-4445-9fc1-ee50e3926b4b	+
57:1155|c8945c63-b641-4980-bc98-ef2c6def0863	+
57:1196|028a63d7-1702-4288-b9ab-bd7af0f2c0ef	+
57:1198|c1dfa0b2-1f24-442d-9fe4-cbe2c6535b25	+
57:1214|8542e542-63b7-4127-a531-a0813292a04b	+
57:1253|7257520e-363c-42b5-afce-8e6343acc029	+
57:1273|f11c0b9b-f2d3-4277-9e4f-a41fe64e54eb	+
57:1276|fce76972-3c4a-47ed-ba50-93fed6558f6b	+
57:1359|e81871f6-c4e8-401c-8d5b-6c3d3896adba	-
57:1479|f990e3a6-f445-4ba7-abc3-ce4a34a6ccfc	+
57:1494|bdc9f93b-29cf-4ab9-a860-574f14c4f5dd	+
57:1497|86b4b15d-3f8f-4aed-b7f2-138038f7db98	+
57:1615|4a1448a9-d99d-4f25-a0e0-c06507718723	+
57:1633|e6026dca-93cc-4120-aed1-7268a75bb962	+
57:1962|e1e42971-3138-4904-9576-492748727272	+
57:2027|beb11d30-0225-472f-9c96-9db99719c04f	+
57:2069|2b1ba9e3-b89a-45a2-b9df-39b2bfb15d0a	+
57:2073|9fcb699d-94e0-4768-8ffc-da423761055d	+
57:2076|82ddf3be-0809-40f7-8181-03415563992b	+
57:2080|8fbc88f7-1b2f-493e-92d3-68b93aa171d1	+
57:2081|f8851a06-0b27-4b88-a62f-b23c864e4d59	+
57:2088|f3337903-bc72-4bff-9f81-98aa1126b98d	+
57:2090|72e20bf8-dfea-485e-8d4a-7beb904a6073	+
57:2092|e82b51ba-d9a9-474b-bb4d-b76c8ebac904	+
57:2093|3ee976df-4390-46a7-9a7b-f1596c044199	+
57:2093|b3877a24-07fb-40fd-9bab-015fd32a3be0	+
57:2102|2ba7c6a1-ba5e-4955-8a0e-752cce30b6a5	+
57:2143|9dace351-f38f-4bf4-a5c9-87bc4d5534c8	+
57:2303|670d5d75-2229-432b-8291-8d4f619351dc	+
57:2530|a789126f-8ea4-4190-a5f3-4afbedc2bf17	-
57:266|f8f4118e-9e53-4595-9ee6-74ee0f070dea	+
57:305|2592b055-951e-4152-99d8-01b1c659bcec	+
57:332|cd38cf5e-a626-4d29-8037-8d2857c9e968	+
57:344|f5b200c4-5b17-4dfc-91ab-934545337aa3	-
57:364|6f3fdfaf-6292-47f9-8dac-8b461fdd38c1	+
57:395|68bf94a5-9094-44c9-9fc7-e3e47cbdd4f9	+
57:401|cb73cae5-bac2-4292-bec2-0764f09f2677	+
57:4079|7c4d89c4-135c-4e48-bcfb-34b1a99326e4	+
57:419|33d233d1-5cbe-508d-a720-bcaabe3a801a	-
57:479|037d6a16-cd39-4a7a-95bf-a1f25cb8c554	+
57:483|b92779bf-2440-4a0e-a805-5b858c960845	-
57:483|da4ca689-9193-4ceb-8ffb-66c73677ab7e	-
57:486|eeeb71b5-a502-4c4e-9161-348bf2f0b0ee	-
57:488|b011ca6b-f418-4236-8a25-16eade5b891a	-
57:505|e2f6bbab-3ffb-42a5-85d3-7400a79ec795	-
57:511|54022f7d-c125-4925-91ed-974588e4d8e2	+
57:513|907488cb-9713-4a0b-9804-e6688ee28875	+
57:514|3825fed7-b29c-4f7a-9994-aa35286744a3	+
57:514|f78916d0-f6ff-4d70-88a0-94dd5405b71b	+
575:1522|f8dea6b9-212f-4013-bb26-5e11be90bf05	-
57:518|e9d9baeb-eed2-415b-9cd6-1ca4bbb1a9a5	+
57:519|40a1b04f-c58a-4ba2-9154-b0f7a57b17c3	+
57:519|c90895e5-473f-4bda-96a8-c74029cca86c	+
57:522|765d4adb-06b3-4400-87a6-b27d471af46b	+
57:523|99334eff-34a2-4457-b484-1ca7b5b1e12d	+
57:524|6c247cfe-cc41-49b6-8e51-bc063325c9c3	+
57:525|694bc040-a5d0-4de0-ae8d-44566dd438cf	+
57:525|b03d2d63-d3f4-40ae-9cb2-50e3afa1d1be	+
57:525|dcf230ec-9015-4ad6-a397-be672436e414	+
57:526|327be811-a6b2-488d-a0e9-ad06aea99097	+
57:534|4e60cf48-3fa2-4568-b423-ab9f9c50b119	+
57:534|ab27f4b1-6007-40c1-8dc4-b492180e1efa	-
57:535|5cb8b63c-2440-4425-9bac-14812bbffbee	-
57:535|b1384620-e300-4ffc-9563-bdd211f52df1	-
57:537|d8fd9b5e-f6ef-457b-ab57-39136f6dab7f	-
57:538|314c79cf-7c0b-4dfe-bbbc-d761de871e7c	+
57:538|c6d2c8ac-5e3e-4140-b39f-1fcffc9d1283	-
57:539|30a6816f-3f8a-49e3-8ab1-cd5faf754c13	+
57:539|5080cc03-fab2-4198-9d31-89dd09230fef	+
57:540|6c6eb719-2e36-4765-b82c-b72b2119ab63	-
57:541|b3e0e844-69ae-4dcd-ad5f-f1aca005dcf1	+
57:543|7d398cba-2d31-4ae2-9157-c4e1310b20e6	+
57:544|1a5de320-96ad-4442-aed0-90bec4756ed3	+
57:544|c04c438d-43af-4735-afa3-b723684be41e	-
57:545|09d646e1-d0bf-4eb7-adb2-6611b53a4fa6	+
57:545|1a8c015e-895d-4238-acf1-0cdebd9e3b8f	+
57:545|1d9617c1-40d8-484a-9034-3a6536b8d451	+
57:545|200f37b3-d5c7-461c-98ec-a670e5fd9b3a	+
57:545|8b7ed01f-38ef-4786-8230-084b862450a3	+
57:545|f69673f1-c4e0-4108-a057-aa067710130d	+
57:545|ff492b9a-8d09-48dc-bc08-4098b7de41a2	+
57:546|1f2c5c71-2eef-4462-b6aa-3a533ae3c0f4	+
57:546|bcd52c24-ed31-47d7-853a-64f552cacf91	+
57:547|03964d57-a963-4173-95e6-2f2392ca59ae	+
57:547|6447c59c-e9b2-4d2a-a4ce-2920946d9635	+
57:547|d6ac4797-7be2-4eb0-a7f9-ebf93ab6e073	+
57:548|9102e364-96e3-44b3-9c19-e66b306d12f0	-
57:548|dda7a3da-3991-428e-9d07-499d69e37b69	+
57:549|5b3ba7bf-b5a3-4ca2-b615-8f37152a36d1	+
57:549|61455765-4698-4332-946c-1ebffcc7f8e8	+
57:549|94811c33-fbc3-4bb0-b2f5-bdf22d602081	+
57:549|fb33aee1-38bb-4d13-8740-cb9551ca9a4a	+
57:550|335941e8-1df1-4c41-baa4-438eb0b87c47	+
57:550|5e7d986f-ac8a-4bd1-ab8b-75a72d58dc34	+
57:550|78ff11ef-5e2f-4d32-83b3-f05183f0160c	+
57:553|2f6f467e-92a1-44d7-93ed-ed8006048bbb	+
57:554|cfe8fd85-a3ba-4f62-a70a-87f913945c52	+
57:555|9bb08ced-a74c-473b-a2ae-5cdb179a4aff	+
57:558|aa929875-b109-4afc-86ac-3f26f0451954	+
57:561|6ac817bc-500d-4f45-bf07-7d10ebe089ab	+
57:561|70936926-88cb-427c-a113-37b9afe68ab3	+
57:563|2d9eaee1-6ed4-4c8e-aaa8-4942b356a0ce	+
57:573|bcea89e4-51dd-467c-9d4b-e817c1c3c58a	-
57:575|5e7fc984-a3af-4592-b0bf-9621af32c89c	+
57:584|53358657-0783-4db8-90c0-0bf21a6452fb	+
57:584|fd012480-bfd2-4db8-a03e-fddd7ed2fc6d	+
57:586|85312700-6396-4161-b2f3-c67f1abe4250	+
57:586|c2b12602-d492-45ef-b65f-cbc3cec03306	+
57:587|49b86747-03cf-45b1-af85-f8a1527550c8	+
57:588|1fb35883-c653-4213-bb81-baff563d360a	+
57:590|20321b64-a067-4a78-a754-b0155e156bd7	+
57:590|229f577c-e522-4070-997a-41596ecb41b9	+
57:590|54bf2732-fb5f-42f5-aca4-9b95438a5111	+
57:590|8f6b7e08-c314-4cf6-adbb-762ccfde1560	+
57:590|a9a3728f-f612-4d25-a92f-28ead2e82e97	+
57:590|ca6a065a-9cab-441e-a27a-1a23718197ac	+
57:592|3085f8c9-6dcf-41cc-b5ca-777853b53796	+
57:592|79828c32-bdd0-433e-a7db-5607c24080e5	+
57:595|540accdc-43c5-42bc-a903-851389ff66f5	+
57:595|f0ae4365-ff9c-4671-9f1f-8b1e01515609	+
57:597|20a6e3a8-7821-4dc3-9fd5-f47deb68ec06	+
57:597|a4a68893-550a-4f4b-9b5f-56f82c40ca86	+
57:602|04e803e0-77a4-4058-888f-6eb62907e7ba	+
57:602|fa362a38-110d-42f8-927f-b18abd64bb21	+
57:604|6c5f477f-47f9-46e4-8c70-e82964d930e0	+
57:607|129330a8-1340-4d08-9f3e-e970318a96be	+
57:608|81154e80-f603-48b7-be5a-f15d979a0a51	-
57:611|ca3c37b7-16e6-4ccf-8d47-35f4cb9a0a05	+
57:612|16ca5483-7190-41aa-9a36-d9de75a439c8	+
57:615|31bceb46-4187-4b8a-8725-8af95aed4c21	+
57:618|674d4fb0-6f6f-4841-b072-d1622c3b14ef	+
57:620|ddddd94d-17cb-43ee-a082-8ad094b6492d	+
57:623|eb9e197d-559b-4455-a25d-683b5e349fda	+
57:623|ec300982-3e6b-43ea-b148-5c631606e195	+
57:627|954bb497-913c-473b-96f7-0cf8d89c8f52	+
57:627|b717a944-0c88-4704-aee0-0e664ebe7dd3	+
57:630|56c79bba-2f81-4423-9a4c-57b1c13e5919	+
57:632|06daf55e-cbca-4a44-98e8-87d3755845b5	+
57:632|3c4f436d-0bde-4948-839b-71115ccaae79	+
57:633|610572d5-588f-40e7-92e0-0bed091583ac	+
57:634|2193fb65-abe4-4e06-9be9-571925f35886	+
57:634|8188abc8-148c-4c67-9254-fc0f97376fae	+
57:635|26912874-479a-4609-8c9a-5cf1e138c621	+
57:635|e03f1ae8-3765-4dc2-bc2a-f29cbb1620d0	+
57:636|eecd8626-0536-40f4-a0a6-908acdd21f08	+
57:638|1494d43f-c353-4694-8c37-f6f52a49cb99	+
57:638|e6b5af87-e9f2-44f4-a29c-f46b58ef8eb6	-
57:639|5d55fb08-95ce-40fa-b538-db3ba268cf90	+
57:640|9f62a90e-b0b4-47a8-bf4d-bb4a2801c657	-
57:641|23366244-ba9c-407d-84d1-f01954ad66a3	+
57:641|9cea1d08-0db3-4448-a862-211c54223d5a	+
57:641|be716445-682f-4e23-bf83-d2bd5b05d5b8	+
57:642|9e3ff33f-aa6f-4aae-87d7-395a199eb523	+
57:646|b0f941f6-d66c-4861-b117-927d8a13e3bc	+
57:649|2c04ea53-f9a0-4783-9770-cb678c98dc3f	-
57:655|8143a232-4ec6-472c-80e1-71c20eedd16d	-
57:663|990d1e8f-833d-4d9f-bbeb-b0308f100ee2	-
57:670|2119e827-4b29-4d7d-bd70-e2603094314d	+
57:673|78b34b31-98f9-436c-bd64-875ff89d9aa0	-
57:675|c4e290e6-24ce-4469-9d47-f8f1a397411d	-
57:679|5ede7a12-2961-4fd6-921a-2cbc8f6369d5	-
57:680|ab5722fa-7fa1-47dd-9d11-8f4359e7f2c4	+
57:687|464ebd34-6dcd-45b3-adfe-22d6bf16cd2c	-
57:722|badb7c23-18f2-482e-b6eb-431e2a9c0cde	-
57:732|e870da8f-23b2-43a2-8ab9-0db7a2b4c694	-
57:748|60d5e37a-416e-48df-83c1-9cce87762124	-
57:836|e2974ccf-6ba1-45a2-92d4-2028e2fe6c42	+
57:837|4979fa60-9282-42b2-b824-f4ceefaeee7f	+
57:839|dccae0fc-a90d-4e56-aad2-e67e7a3a56e8	+
57:840|a17cf77a-c44b-422e-b5fb-69c7eebfa5fa	+
57:842|975871dc-34a8-494a-bec1-5865dd42d27d	+
57:843|c1c1c494-2226-414b-bdc6-1b8f92a85310	+
57:845|28557dbf-9658-4791-9a85-4070168bbd82	+
57:845|73c3b4d2-f41a-4e78-8213-2ca1702322d8	+
57:851|a45da699-3c9d-4d00-b191-b25847ce90a5	+
57:856|2b7a3785-97ba-4265-9ed1-06c9cba1f966	+
57:905|e08381a4-ecd0-4384-b266-e0cda9ff687c	+
57:988|976393fd-e264-4b50-8b3c-f1ef08ebfad1	-
57:992|40aeb73b-c354-4c7d-ab1f-4d111582dccb	+
58:1010|6e6fc244-16b7-45e1-90ab-ce66c35346a7	+
58:1139|5b32ea87-1a7c-4ad3-a62e-d852ae6242c3	+
58:1144|9e2a28f3-2d4e-44dc-90d2-85a3a72a50c6	+
58:1144|ad526438-e1df-437c-8800-c01bef83c95f	+
58:1154|1f1eb9bb-c8cb-4803-9b5d-386dfbc43c74	+
58:1159|f1bbde39-651e-4325-879e-e2dd23bec4ba	+
58:1169|f729a0db-1e59-4562-a71b-6ada1ed34c2a	+
58:1217|8b6dd5fc-07ab-43be-9bb7-6b06e9d29d54	+
58:1227|5b89edc4-c5c7-4d4d-8c3c-fec561a1c843	+
58:1242|6ab27336-b9cd-4057-8469-a0218d2f1f60	+
58:1358|8272f086-a783-48a3-a3b8-55f919116bff	+
58:1403|b9028958-1bad-4601-9a29-d76a680d068c	+
58:1462|2947bec7-0016-4209-bb3e-e023848ebc9d	+
58:1491|1f729f38-74cd-4be7-ae70-56974179430b	+
58:1502|9e8406a7-53b5-4160-84c2-73e024806f0a	+
58:1504|47d8c335-608f-4000-9dc9-16548a617a8f	+
58:1513|2d8815ee-5e77-42aa-929d-3f480a205a33	+
58:1569|42898fd1-0ff7-4ced-b19f-d6c8ef39f3f6	-
58:1569|68169e80-68e5-491c-bbcd-d3a9a32e4494	+
58:1614|553ece66-76a3-4fb6-93e7-e90bb52a7271	+
58:168|519fa5c3-8f6c-4302-a53a-68804a8e36ac	+
58:1795|798fa55d-4bac-40e7-87a2-06049e91e75d	+
58:1804|fe872225-a1f7-4e6a-a320-b32e9d175e55	+
58:1830|79cc615b-d2fe-4f89-8309-699577f988f8	+
58:1862|d9d6a471-5266-433e-a2ba-eaba98f62dc9	+
58:197|664b6528-e9b3-4048-aa5c-dbc718c8bd07	+
58:2047|8920fbbd-2ab1-4d00-bba0-eda4b4482ac6	+
58:2049|6a9a64dd-71b7-4d97-99e0-23046583a1a8	+
58:2073|8667697c-2fc7-465f-b881-099908a50065	+
58:2086|12dfdbda-3aca-4762-845a-2fbfc94df9ed	+
58:2088|3e2c7645-61ce-4bdb-aa01-829c595c4ca9	+
58:2088|6c2a323f-42c2-4d8e-ab20-8517cc2309f3	+
58:2090|3c2ce72c-e3ec-474e-a047-5f1199e8502f	+
58:2093|b895f3ee-ada5-417d-9a13-46d6b55cde29	+
58:2095|07de6351-373d-4958-8645-7c98c5679294	+
58:2096|9683cf5d-8dcd-46eb-9c67-63b7fddc6768	+
58:2097|d93ce5da-32f8-4ed3-ad44-20a07c4d5b3c	+
58:2099|01645e8f-22be-4935-b13e-3e5722838bf0	+
58:2412|e92399da-e00e-4e86-81a4-df8a00178586	+
58:2517|d4f96e9a-e87b-4560-94f3-d7e21be97071	-
58:2545|3c36f32d-bd08-4d51-820e-c4f62c89e9fc	+
58:2551|7c1d2fa8-fb0f-4fb1-9bfd-b7f48a1a000d	-
58:2552|47949979-d003-4ed6-ad42-7dbc909a7b99	-
58:258|4dd77af0-6b0f-4769-925e-42b5f897f2b2	+
58:262|1bbec50f-eab0-4df4-bf3a-369ed0ef201d	-
58:297|2fe61015-9341-41ef-a0a3-1481cecc8109	+
58:299|795652cd-5cc3-4a0c-a67d-604358c4bc4a	+
58:301|595ac387-9b61-4c04-9800-488aa4e2dfcc	-
58:3045|40cc38f3-0eaa-4140-b464-d159c77e9afd	+
58:329|24322de0-7fd8-41e1-8016-a05922a8d561	+
58:331|1e22880e-72db-44ce-80a8-ff697e0edadd	+
58:331|916a5fdd-82aa-4635-953d-5a80ffeb2b9e	-
58:341|f7ab9455-516c-4745-8fe2-9716f942bc0b	+
58:356|a4175055-ff2a-4ec5-80bc-afa97eb31094	-
58:368|37fc2928-80b0-4bc2-89f9-9f4171f88b80	+
58:372|b90ed418-f950-40ce-bf17-4ae75380c567	+
58:394|0c0afd9b-a6cf-44a3-9ca3-87d425cf092e	-
584:1261|be3c3bdd-f0b1-4063-ada0-4d4db696a268	-
58:414|a2700721-89f5-4424-810b-adf1eb61f584	+
58:416|f0a97a9b-c93a-4c56-a691-035fc22a3a24	-
58:436|704913df-b153-4327-8a35-b01db42fe49c	+
58:444|35e70309-ea1a-4c4b-b6da-7e21c1ab54ea	+
58:446|e62e7953-0cc0-45d0-b40c-16155076604e	+
58:455|d55b1467-a667-4fe0-b6ad-15ce982630a2	-
58:468|bfbba93c-4745-4f9d-9528-d6bdbdc97151	-
58:469|ba37a0e7-103e-428d-91f9-30fdb650bbbf	+
58:479|d9ef8c09-dac6-47bb-aee4-ed3513425dca	-
58:485|cab10b63-d71d-4a53-b378-ca1dda80dc57	-
58:486|91fa59f0-4481-444f-9925-f6d2e0cb4f74	-
58:492|8543226c-2f1a-45f8-b89a-5d4425ce0a0a	-
58:496|edbc9cb3-595f-465a-b824-3310194febc3	-
58:497|8e415984-43d6-44c9-bcc0-a37960c48293	+
58:497|eb5e1ffe-b4e3-4f43-813c-48c248b75e29	-
58:501|ac8487ad-c936-4776-94f3-847c4d7583c5	-
58:513|de246b4f-d40a-47ca-a4eb-454a4f136733	+
58:514|0d58082c-631b-4312-9abb-150f047c5531	-
58:515|5702b836-231a-4875-825e-d56be8230bf9	+
58:515|90a65cd4-ae9d-4b6c-b065-2aafb0690d20	+
58:515|cb969237-3ade-4040-9ef2-a84581a0149b	+
58:518|6327c7ae-70ec-4248-9c22-71659f4ef3ac	+
58:519|540192de-987f-4efe-a5c9-8746d2aa95c0	-
58:524|51c40be9-0580-4550-b6cc-ddd9ddab9a10	+
58:525|90dbaa4b-e676-43ae-a934-ec9f9a578d6e	+
58:526|45c29ecb-dd30-4993-968e-e69841b9b4f3	+
58:528|899d50a4-6b21-4b0f-adf6-1f7b0548493d	+
58:530|0cc19da9-f5ad-4b9e-8b86-d774eabb4617	-
58:530|1672f13d-e2ec-4c95-8867-0fe47242e35b	+
58:530|6a385271-2856-4be5-86b0-e154ac012f02	+
58:532|647f76b3-3720-4e91-a365-6a0232689255	-
58:533|655435ae-91f1-435a-a94b-a513beeb0515	-
58:534|230e9105-955c-4fdf-bae4-ba22e93e370d	+
58:536|4ba411bb-59af-415e-826d-e56a079e22e5	-
58:536|8804c33f-aaa9-4882-a705-6b4918072a6d	+
58:537|18d104e1-d811-4a4d-9f88-5d642a30277c	-
58:537|3625199d-7e80-4998-a6d1-3797ddf4c3cc	-
58:537|98745691-e094-4c39-a58a-22056a9805c0	+
58:538|65e0fee8-1d08-486b-8b93-07bb0ff2cc2c	-
58:538|f73be4ae-c282-48d2-9f9b-11827be42318	-
58:539|019bd644-f286-4a26-b245-125191390d5f	-
58:539|ada866d2-53da-4599-a210-3429778e19d4	-
58:539|eed80908-9c9c-4ab4-80d8-54fdf2a9cb01	-
58:539|f826ee51-f8a8-465c-b73c-f1520e969688	-
58:540|43371fde-7024-4f63-a357-0acfc2989ce3	+
58:540|ab4d68c1-bc4c-4441-8a17-99c779171a51	+
58:540|eeb1b366-95a2-456d-ab3a-0e3fb9db6b80	+
58:541|3b1950fc-aca4-4918-a1fa-873493b8c1d1	+
58:541|894fb982-4ba5-4601-9447-b13e9db0fe02	-
58:542|042a2a8d-292e-4b7b-875e-90ec58e62b98	+
58:542|1bd44c57-00cc-4702-9125-8e9a9efe4734	+
58:543|5ffb5bdd-4c4f-4c6b-b450-31c41bea24de	+
58:543|910a96e3-14c2-438e-bda7-8f077f33dfea	+
58:543|986122a1-b1b9-47ee-b1ed-e5f279fe8725	-
58:543|cd8ee36f-03ee-4e18-9f88-7ddb084b619c	-
58:543|e32dbe41-43a3-455b-a155-5484e85a1234	+
58:544|5ab0a756-212d-4fb2-8cda-ddbd7b9b63bf	-
58:545|0e0d650d-b2de-42c1-ab9c-2e7278df5f4b	+
58:545|5d8b839c-ef2f-4124-9d14-4432b1193a02	+
58:546|2b44a321-2020-4de9-8f28-e660c2c4c032	+
58:546|2f6c048a-39e2-4121-b73d-df56352aec79	+
58:546|5e99ce88-1faf-44b3-8af4-1de5de506c5c	+
58:546|63385378-b75d-4688-b7c0-9b3d8abdc72b	+
58:547|b1fe170d-1307-4730-82a5-0fafe65048eb	+
58:548|02bdb5e7-f393-4e6a-959a-416b9a4e3082	+
58:548|6d994d1a-1ffe-4e12-9cc9-fca8c906a13c	+
58:548|84a8cd06-91b1-4780-a208-8368a0bec7e8	+
58:548|91cf2f6c-a252-4a43-a179-cf7d241d9ad3	+
58:549|54272f9a-3447-46e8-b9ae-dbef39935795	+
58:550|47c47054-08b1-4184-942b-3cbdfd0fc286	+
58:550|f17a0849-1193-417c-8e84-1891007b6b69	+
58:551|17b44e5b-7357-4ea6-9e82-14d132d8f3bc	+
58:553|19510768-5395-4e46-a8ee-7947663e6dc9	+
58:553|6cc1f7d2-afc5-4edf-a9ab-edc4fde6e29c	+
58:555|54ca33ff-a3c5-4d64-854b-f8139860bff6	+
58:555|cd12ff46-4a72-42da-a358-8207ed5a2668	+
58:557|6ccb223b-94b2-44e0-8e6e-404f4159ba80	+
58:558|6a42311b-9e83-440b-a17e-6da9e172f7fc	+
58:559|3e673934-9516-4722-bae1-c0c05b5255cc	-
58:561|24ecb136-507a-408d-a474-d3e7ab5afc2d	+
58:566|d4373811-ed18-4539-9cfc-44eef07ba28a	-
58:579|3a5f4d4f-dc6c-4597-b1a6-362aa0f7e9f6	+
58:584|a9c9912a-df8e-454b-9f48-4a8330d4e36e	+
58:585|c5c5e618-ec71-4bbf-bd94-27e4298807e7	+
58:590|043d2ebd-2c4e-4bc6-aeb0-e6c6b643680b	+
58:591|c3d1fc28-fffe-48d8-93c8-4a3f7e2f4503	+
58:592|c9dadeb2-24d8-47a7-89ba-dfd2939c7ccc	+
58:595|606c29cc-b675-4f6a-b750-bb7a2ed8e289	+
58:595|fa97504d-70c5-4d80-91b4-122291e03205	+
58:596|49b42542-2dfd-4ebf-83c3-f1d4853d33a8	+
58:596|ac1ddbb1-00aa-41b3-8228-0a5114b08cf3	+
58:597|eaf7376d-9f44-488e-828f-afdf25e091ce	+
58:598|23019ac0-b205-446c-ab72-04674172d292	+
58:600|90f0f65b-6446-40b7-a0b1-5025f178163b	+
58:602|9bfcdaf0-adb4-4006-8eb2-ff805d28eb88	+
58:602|a483478b-303a-4abe-8fc7-116470116a43	+
58:603|76b95c4e-9c16-479f-9718-1ec3b845fd4d	+
58:606|f717f7b7-1eb1-455d-a3e8-001a3e5be16c	+
58:607|226db00b-8878-490a-acdd-dba89e1a3076	+
58:610|c361ce9a-7d5b-4bff-8a73-da7a21fe56ea	+
58:616|10097ae2-e7b8-4360-884b-a97fc36e99e8	+
58:622|3fcd73af-8645-4123-932c-6cbef82d2f3d	+
58:622|4b77e73b-d4b1-4471-aaa4-ee059d6c7f21	+
58:627|8465969e-b5e0-4053-992b-4daf6a3fd441	+
58:629|8555a7f7-78ff-4df2-bbcd-4ae8b6377e59	+
58:629|a9fe206d-1f0d-4e43-861c-d3735e817d13	+
58:630|3582092e-37a5-40ad-9450-5ec135765ca9	+
58:630|39e6b1d1-efab-43b2-b347-012007abab67	+
58:630|f6899d6f-aeec-48a5-b5f5-3f02bc52d4af	+
58:630|ff55c8b4-a724-49bb-8152-43f2306e3fcc	+
58:631|62e8aaab-d445-42d7-b932-97ef61657c75	+
58:631|904c3c30-396e-4237-94ed-afb3843895ae	+
58:632|195c9918-33b0-4585-a80f-1f29dd538052	+
58:632|85f4e7a7-9923-4995-a81b-ca3abb36adc3	+
58:633|6082721c-f2e5-46e3-9bfa-add79bb73037	+
58:634|49f92774-be85-4264-a326-05a2ac248867	+
58:634|883176de-f126-4546-ae80-19698f18141b	+
58:634|c6b2fb8c-4d1f-4011-82d4-448f0281fd48	+
58:635|58f53c76-623a-477e-9ca9-f6cf9b520f12	+
58:636|473552d8-63c8-4984-abed-4c5c7d574052	+
58:636|5f9e8220-e163-4e1f-8aae-58c6ee22cd74	+
58:636|d4eb49c1-e27a-4ab7-9b24-b7b4816aede3	+
58:636|db1642a7-42c2-4cf7-bb37-8abcaa439dfa	+
58:636|f15bbaf2-6631-4d76-b186-32e24f5ab478	+
58:637|9357656f-8db1-4079-a7fe-525c75c5111a	+
58:637|f6d11b69-8119-4322-91f1-dd2a95812c1c	+
58:639|e2e9f1c2-5f8b-43ea-a155-52d53bdda1e4	-
58:641|8a8775db-036f-4173-ada2-a122885b8c92	-
58:642|8bd13573-ccc4-4b46-8cfa-ee8ea908d5ab	+
58:646|745d2a98-86dc-4f3e-9fa3-a12e5de71684	+
58:646|c99ee52f-38ea-4157-9882-7f59e451fd2d	+
58:646|ed1ae255-a767-4ee8-9ffa-446ac3b6e507	+
58:650|b099a48c-18eb-48c7-80d7-008c80c9489b	-
58:650|ec7a8471-b05e-4114-aaa3-f4783a95e707	-
58:670|d2bcda61-19c4-4abb-baa0-20e368155d58	-
58:674|d1aea5ab-6bd1-4429-8454-c88fcc518808	-
58:684|333761b2-b361-4eb8-bc57-3ac42b3271e1	-
58:707|4750f36f-0ea3-45bc-abcc-ea9fca72839c	-
58:730|4d51e3df-4013-47bf-b6d8-8c2bde5e9224	-
58:732|cc4eb6a9-6215-4543-9d42-cd5ebdb437db	+
58:735|96413d4b-510e-49e3-af76-4faa8aef09fa	-
58:739|be80269e-1c3b-42ef-aaf1-ffc5f5738079	-
58:742|9a4d255d-f692-4cde-822c-b5683cb8e129	-
58:751|96198e60-cbed-41b0-82e2-c5cc63c7c757	-
58:762|2dd89ba6-18ba-44f2-8fbe-1164966a05da	+
58:765|c89b37b1-40e7-4871-a23e-82268c1920fa	-
58:815|42d613cd-093b-4ca3-9db0-136376ab43bd	+
58:839|0e440786-58de-480f-8507-b7b8e8ee409d	+
58:839|9011055a-1f5a-4859-bce7-d5f922fad45f	+
58:840|d2d369b2-66bc-4aeb-97e2-9269fc6c8f80	+
58:841|72391a56-5b87-47e3-b0a2-88c9b8013dc0	+
58:842|13debd34-3cf8-491d-9c6e-34a787180db0	+
58:843|2e759b33-bca9-4a16-9daf-e33a21b09830	+
58:843|c8a1fb87-4662-4f93-b9ad-345a86d64662	+
58:843|ce1e5ffa-2af0-482f-bf29-15bc6bc27065	+
58:844|05084b4c-a663-49c4-b87d-ad326aaaf9b6	+
58:844|9c5cae02-f21f-4ef9-93e5-11c915f583b0	+
58:844|a5e51d83-8237-45bd-8587-a0912e511615	+
58:846|2a213fa3-62d7-4794-9a9c-7a650e3527ff	+
58:846|5a71184e-3923-455a-968e-1ecdb3aacd35	+
58:847|2049f723-ff71-4ee4-a58e-9985d2e29489	+
58:850|ae5fa343-6d90-4462-9f91-6f7f9724463c	+
58:850|dca80391-0fd5-5189-81d6-3303eb4083da	+
58:851|c85913bc-cb9b-4c8b-80ea-1c8864f76921	+
58:857|eb532db9-ffd1-427c-ac2d-64e1078a55b3	-
58:868|e0ae6e56-2f0a-408c-bde7-76130477b8e4	-
58:957|ea75c83b-7296-448d-9400-6eae6cc4f017	+
58:959|ab03de52-4c4f-45e0-a947-bec45db87335	-
59:1004|53cec006-60e6-4520-98c7-fdcd957d23eb	-
59:1012|17005d56-88ca-46a3-9d0c-3551357f91c6	-
59:1014|d9d0bf13-5f5c-42b1-8aa0-10ba46bdf7cd	+
59:1020|bc5bf9c2-682d-4398-ae32-ba68c8cd0a90	+
59:1026|b106bae0-a711-4751-bb06-7929ffc287c1	+
59:1030|1f078ed6-4628-498e-96dc-73a8d7b8cef4	+
59:1033|a2a34c5f-04e2-49ef-ae16-b91359fd2933	-
59:1078|314f7863-0e84-4694-90a8-d2fcf03d632b	+
59:1087|3588a67c-7972-4263-b96c-f06f75d81020	+
59:1127|1bb18ec9-597e-4b0d-80a3-b2dacc14e61c	+
59:1134|25f09aeb-5e60-4e58-86eb-9c670fdc22d7	+
59:1143|44230cdf-be17-4d2b-b9f6-55b73a68d9ac	+
59:1146|2014c2e3-2516-4161-bd30-e38d79389a55	+
59:1148|a361f087-2fbf-445c-bad1-831a40e2bff7	+
59:1148|e96f2341-6a0c-46b5-940b-cf1238280e56	+
59:1152|1f67009f-c4d9-4fa0-9e1f-9770b49b96d5	+
59:1152|73aa836c-edb6-4583-a78e-49058c2828cd	+
59:1153|ebe53fe4-801b-4d68-9657-2b685cba468a	+
59:1161|81f4dd01-a3b8-43b0-8a2a-ff10eb81040f	+
59:1175|c9f6b24c-34f3-4831-b019-1d83d147307d	-
59:1195|f28cc042-a999-4b89-ac98-d9b167bfb765	+
59:1214|d9d3ab41-25c7-48d9-854e-b6d4d74827e0	+
59:1219|c447cba0-f843-45ae-ab3e-5c267d0f0603	+
59:1225|c75f391a-653a-4bdb-a279-36c589c21213	+
59:1229|626425ff-43be-4c75-a6ab-d1e4b1b10a28	+
59:1229|afb03a8f-a6f7-45f1-8d52-95036a5ee09b	+
59:1259|4770ca2b-091f-4eb0-9131-a59c823d79a8	+
59:1328|2757e237-2978-4072-97db-17bf04b7f4f1	+
59:1359|edfe7ff9-1782-438e-a3b7-2f52567f7484	-
59:1364|2e039859-6445-42a1-9ed4-b8674cc3a084	-
59:1365|579b761d-8158-4582-8854-97de8a49dcf6	-
59:1389|e1c17bf7-5487-48c1-82eb-da66d43a3461	+
59:1396|c5aaed57-a1da-44f4-8779-15532dc4f4a8	-
59:1476|7051375c-3192-42f9-af66-a3f12dd39911	+
59:1494|1adab3b8-6aef-4d7d-8dfb-96660038a1dc	+
59:1496|a8ece3a2-8c3d-4d66-849a-7406ac6c2963	+
59:1529|43f52b8d-2522-46ec-8572-faebf0d6b6d0	+
59:1595|68d9401d-a491-481a-9276-9654c827750e	+
59:1632|b5334748-52af-432d-8c00-985ea4b4fe83	-
59:1719|1534fb63-81de-40c9-8687-f7dde85cbacf	+
59:1800|4e5f5a5a-0890-47ef-bfc2-af6c6e497938	+
59:1863|a6277e0a-3b85-4acd-9887-f79929ff705e	+
59:1898|022c884b-9cc8-4ea8-8c39-fa3e82323c32	+
59:1956|bcb4bea1-8c90-45dc-863d-fde5402c6680	+
59:2022|0aa728d5-8ca8-456e-a169-c1ee1d2c3503	+
59:2023|035e380a-f972-48ec-b622-63f789ce8366	-
59:2081|7e4c0f06-dd0a-46bc-952e-be91afb92341	+
59:2082|4c03d945-da25-4c55-80c7-a772f11d73fa	+
59:2089|277d82b4-aaa6-4997-a870-f0c26e147a4a	+
59:2089|cc919302-438d-49c6-852c-3a0e80b34a10	+
59:2090|ae993bb4-ff7b-498d-9b65-e5a614f3e573	+
59:2092|8282d2ef-f679-4e69-9500-7b16fd02cf54	+
59:2093|b9115262-4fe3-4f08-9306-da15db95cd08	+
59:2096|2d50f123-edbd-4def-99f1-9221ff784c05	+
59:2112|5be484ac-864b-49b5-bd2f-4ea319a73b5b	+
59:2113|2dd8bc59-d1e6-40b2-977f-8d76afc726c4	+
59:2125|68db1336-2107-4731-8baf-ae3d946f2375	+
59:2152|43b6dd57-1451-4f9c-87c2-a8c331671d49	+
59:2165|a5047ca9-9fdb-4fc1-b15f-4ab0a2f8c862	+
59:229|c54b26c8-571c-4e74-a573-ccea35d8ef99	-
59:2306|b9d8c343-04af-412f-bcba-89de45dca1ce	-
59:2307|3e80a9ab-60b1-4368-afcc-09bd0887550d	-
59:236|c07a8635-45b1-4a6f-994b-ac1796a154a8	-
59:2446|34b7d620-36e4-4067-864b-a07895a32182	+
59:2521|30912a62-afe0-4bb0-a2de-f17893d800af	+
59:2563|2439693b-e5f5-47df-9ef6-aaa7c0655cb4	-
59:274|298a610a-cd94-4ac1-838f-869fa26a3e5a	+
59:299|40d0b0c5-2faa-4362-a2ef-6fc7473108ae	+
59:301|996c3306-8ca8-4293-9ed6-ad466bdd1108	+
59:358|4b430792-e816-4eef-88a4-ba4d67c41c12	-
59:385|67393155-d828-4049-acce-8db347658062	+
59:4055|21ede30d-208e-4450-b4d3-e719815e03be	+
59:421|7f89a799-f485-48fc-98df-f9d04319a106	-
59:438|71806e76-e380-4991-b995-3eb78678808a	+
59:440|66ab6cff-96e5-4e73-bb69-476eb1a8d4da	+
59:457|0e47a905-eb88-4542-8b27-92ab63fd3b56	+
59:460|ff4767d3-6cd3-45c1-8dca-700156e3b5e8	+
59:466|49afa289-9cea-40a0-8dab-4be4bb4470f5	+
59:468|9924de82-15c5-480b-8a90-fdcf1a676915	-
5947:6436|c7aae068-2245-4fb4-96e9-1b90ebd19c5e	+
59:488|660e3c2c-4d24-4af1-967c-fc3808e31a96	-
59:489|4f69e6c9-0287-4496-b804-72b8f159194b	-
59:490|f9984877-cb1b-4baf-b6fc-d9e7501228b4	-
59:493|946b095a-0a11-435f-bbae-06345a43e587	-
59:497|d878da8b-48bb-4230-8a8e-c8bee8e0943c	-
59:498|a7a76da7-6f31-4a82-bfdc-cb406d659225	-
59:508|62c990f5-2534-4f46-b45f-d88ebbc0c171	+
59:508|f155f5c5-6cff-43e8-a27e-e129a9a53ae6	+
59:512|47a739ad-f854-42af-860d-85782d578eeb	+
59:513|3b95282b-b17c-443d-9066-72222ec4dca8	+
59:514|b2a7b889-1a5d-4f73-b6f0-c8fbe9ecfd03	+
59:515|2dfbbb9d-0e82-4578-9868-8397ce889157	+
59:516|8204dcc4-885b-4779-857c-4e161b7d87b1	+
59:517|19eb0770-0522-4d09-a024-340de6f413c3	+
59:518|2bff9791-28b8-4336-b513-6b5eb004ffed	+
59:521|094d190a-e09a-4db2-ba2a-b796f9c981cf	+
59:523|37efdf56-129b-4eb5-b0a9-f678ec0ddef3	+
59:523|9dc02463-dcca-4261-97fa-0d0fbba0981c	+
59:524|e5044f6c-e50c-4623-8468-56276c78fbd9	+
59:525|c5982128-31fa-48ea-a7e8-33da3cc340a3	+
59:527|0a33ca10-6cdc-4460-a3a4-5d22b9fa9067	+
59:527|31b76e92-6cac-4cbc-be5b-99ca91929c9f	+
59:528|ac9d37ec-a668-4973-bc20-5b20e89ae226	+
59:530|ac7806cc-cf03-4b63-9786-abeb6731b894	+
59:531|302dad51-3436-4ebd-8532-d2c10a9f98b4	+
59:533|f637a28d-ca6f-489f-bad8-4b354582b8c7	+
59:534|a57d315e-c4ac-4d33-97bb-491d38467bc5	+
59:535|45492eb9-3436-4d57-9843-24f1c7195579	+
59:535|632d9cb6-4fda-48de-b4d1-ae6cad760ac5	+
59:535|8a4e6c69-4a72-44d8-b6c2-fbe19c2c97a4	-
59:535|b7abf777-198d-40ca-94cf-896a8bdec94b	+
59:537|3115b94c-cfaa-4c9c-8ca6-f637f32be07c	+
59:537|31453906-d7ab-4f62-8567-ff2f5114af04	+
59:539|0682150b-8d88-4758-9792-37d377e3c906	-
59:539|cbc4f490-36ac-431b-a8f4-8767ac4d721c	-
59:539|d0c16403-1941-4fb7-b82b-d793079ab63e	+
59:540|356e2d76-39a7-4a95-9120-26b3db532bcb	-
59:540|409ff578-b52a-4fb4-9447-05cab34d29a4	-
59:540|e183182f-83c4-4432-89f5-3a46ba350908	-
59:541|362eedcb-d687-4c71-ac0c-33480b3caf45	+
59:541|3ec3cfbf-5637-46dc-9801-fbcf20dcc151	+
59:541|ad464f8b-1a7c-444e-a0aa-cb3f8139be24	-
59:543|11b7d398-24d8-4803-b495-b94a80ce4c8b	+
59:543|5adcc92d-ee35-42e6-afd2-d3fab6ad838e	-
59:544|1c93a8ba-d742-4c29-b878-c7f235bb1d61	+
59:544|da6ec34e-8f55-4fa8-a75e-a4ec0b430bf4	+
59:544|e0435bda-fd40-4ca0-a443-d5f2d7011441	-
59:545|193d476b-c433-49a0-9351-65d831bd8a87	+
59:545|78b0b24c-3fe4-4504-a6a7-4c4d707c7b72	+
59:545|943ebcfc-7d26-4cbe-b608-4dba6718d0d1	-
59:546|aaf3e781-9e64-4e7f-83eb-e1adfbe0f9d7	+
59:547|e3d5322f-2093-46cf-8dc5-32509cb3528e	+
59:548|48a903b8-50cf-4791-b8cc-b2933b0baee3	+
59:548|598fc5e3-9f52-48e3-8a13-ca78a30a2a30	+
59:548|abb3c760-253f-423f-9fa1-e3b92024bbfb	+
59:548|c2eba889-b49f-42cf-9c34-33d6fee8e8d6	-
59:549|11ead600-12ff-4b37-ae0e-751e34c0b824	-
59:549|6936511d-523e-43e9-a763-471241d45995	+
59:549|7a4adc5a-ed6e-49d9-8e96-e3d2634c57a2	+
59:550|ad839b26-387c-47a3-9adc-e2ede9fa000c	+
59:550|b0d13540-f712-44b2-9955-115e20b83714	-
59:550|d773472a-8164-4f54-b998-cb0e1d709b78	+
59:551|96fcdc9e-7cd3-4ff1-9638-01ca7c078b85	+
59:552|646c8419-af98-4d2b-b6f1-955903bb6a8a	+
59:553|4474828c-a694-45e3-b67a-2dfac3af1742	+
59:553|936b995d-dd95-4873-8d2c-2000254d8f63	-
59:553|9a87381a-aef7-400f-8f89-c6c6eb081d49	+
59:553|a15be99e-2bcf-4ac2-9a7a-35b1d44832d6	-
59:554|84bd3894-8b24-49c3-bbf4-e6d14ce30560	+
59:554|afa55008-4ff5-4489-b337-7f12d76efc41	+
59:554|b946ddb8-be11-44eb-9adb-620bf01b95da	+
59:554|d93945f4-df07-4bd2-8457-3ac9e2342e35	-
59:556|0e9b5960-8c52-436f-8df8-41cdedcfa770	+
59:557|ac98852b-15f0-4c55-8f24-fb5f89b01ecc	+
59:558|6899a798-1f7a-4ec3-a891-9a5df14121a5	-
59:558|ca46565d-ebe8-5f91-a183-dec2a9dd5d2b	+
59:563|50afc7d3-1cf4-479d-9f5d-d78b397e8f47	+
59:566|6a448393-6636-4866-ba36-2236f9a86b89	+
59:567|7ff05fa4-a502-4da8-bba4-d6ced1018378	+
59:573|fe97e8a0-83e8-42b2-8ff8-028148fd5a13	+
59:574|9413f2e2-5732-4e54-aa85-d6eee9049902	-
59:585|0261d0f7-654f-4462-8250-eaf618538458	-
59:588|613fbe71-74ae-4b25-b547-cb42739f0fff	+
59:589|737a65e9-75be-49e6-8b09-10ece2abe343	+
59:590|2afbfacf-ace2-4c59-92f8-443d0545a644	+
59:591|9f11805b-85c5-4885-97a6-dcaea87aa95f	+
59:591|c885dcc4-bd38-47c3-b2dd-e71d80b876b4	+
59:592|13aa95fe-8fc9-4958-8b47-32ae50ca68b9	+
59:593|5f7f0b85-f9fb-4520-86e0-839f1afa1597	+
59:593|63fb0519-68fc-40a5-978a-dd4a26e6c3bf	+
59:594|5e44190c-c2f6-446e-8e4e-991219bc623a	+
59:594|9fcb5ada-f024-4a69-abe8-6d28ec68e8ba	+
59:595|50cf0280-1aeb-471b-af9d-1f34480b49cb	+
59:595|541a3607-c3c0-444d-9491-9fabca78460b	+
59:595|b19562e9-cd3e-4532-8d6d-2eabe5e0c001	+
59:598|cd569dec-5c21-473b-9d2f-89eb6f5f821d	+
59:598|ce2626eb-76b3-487f-8851-b12d86554dc8	+
59:600|50a157a0-271f-453a-8e5f-6ef79277e3ba	+
59:600|a5ef7fcb-9b90-495e-9025-c30a6bb8dd2d	+
59:600|a61bedce-14a6-492f-b2d6-6ac4338100b0	+
59:601|dd9be551-55b3-4ef4-9e1f-eebbd6c8852a	+
59:602|9089605d-9052-4b8c-9515-7df90e2c126e	+
59:605|04bb4625-d4a3-48f0-aba0-d48ee4f289c3	+
59:605|2943da8e-b565-4b48-81b6-a14c8324fcca	+
59:610|4a51bdad-417f-4800-9ef6-c26e38d08893	+
59:611|48356761-7b4f-43d2-902f-f44bb0334b8f	+
59:611|6314a95c-a612-4c41-a3a6-519e659cbf85	+
59:611|6a518f47-9273-429d-bd13-ec39f2d3dcb2	+
59:613|640e4822-fcc6-4fe3-9d79-9b0c3920f186	+
59:613|7e312add-abcc-54f5-92b3-595b6be2cf87	+
59:614|5b571172-6496-4abe-88d4-8a828252b9a9	+
59:615|23be56aa-111e-4fb9-aac0-4e2a35c62c33	+
59:615|5fd9cb76-2d8f-4fce-8850-20a0cd09f87c	+
59:615|babf7748-429b-4453-a9f2-d6b2eac84224	+
59:617|206755fc-9a27-473a-8409-c642760a9d35	+
59:619|d8885076-3014-4b9b-bdc2-ac265ce86b91	+
59:624|b73ccaa9-cc11-4d73-b8aa-5fc9f0d4c561	+
59:624|c971c923-00b9-4ade-ba83-903025ccbd53	+
59:625|fbf54982-9258-4921-ae51-1684c16dd3c2	+
59:626|0c3bbf0c-8dcd-497f-b818-148d469d36fe	+
59:626|8bad6d4a-c87d-42ed-823a-9692a8e7e8b7	+
59:628|070d17c5-2522-45a6-aca1-d8d2a589bced	+
59:629|8e00ae1d-d301-44ca-b6ba-397377f5ba39	+
59:629|a69706d1-f05a-4e32-9459-9e01c0e25e1e	+
59:630|959ac375-3145-4eec-82ca-652bcda10c9f	+
59:632|595244bd-3c1f-43c7-ae07-05bc59dd6ccf	+
59:632|5e906686-5f88-435c-9dea-8f6caae5a1cd	+
59:632|efb81e47-1e3f-4057-904e-a4c812c9dc5d	+
59:633|12600538-7a7c-48fb-b51e-da8aba70df69	+
59:633|39e95352-8bc2-47a8-9d71-6f4a222665ed	+
59:634|5797b319-f5d7-4fa3-ac2c-87b523394e62	+
59:634|a67f975c-57ea-4229-8566-445d7a386aab	+
59:634|d7f9b6e9-ad20-4a20-a57f-5511146bf695	+
59:635|1a626a82-8540-4a1e-9a3c-609ed404efdc	+
59:635|30acd949-f559-4301-b3d5-f5fd386f80e3	+
59:635|32d1d636-6746-4156-856c-ab3a946fbca4	+
59:635|39d82042-2437-45da-8a91-1c70f7c97de9	+
59:635|41388641-bb37-4c7c-a219-4732fd6a0080	+
59:635|87b0aff5-005f-4dfa-a439-69049098f3de	+
59:635|ce882d8c-05de-4824-976f-f8c4324f3cf2	+
59:635|cf75a64b-d7ab-4b6d-ba12-88cf355d2238	+
59:635|da1e3268-0c13-4d1e-907f-3486d9684576	+
59:637|dc54bad9-be33-4335-89c2-ad8497d9165e	+
59:638|73a6bbf7-45b0-49c4-8df1-6a9350cc895b	+
59:639|771b779d-4486-4128-a190-4649dc2d788e	+
59:640|09dd1482-a6cf-4c2f-820b-c329f9461718	+
59:640|dd9da904-5a6c-4483-b56b-f9c6fcb05b40	+
59:641|28f70cba-e52a-4bd7-8aa3-4f521f1565e2	+
59:641|c225d0c8-c5ba-4890-adbf-3aba1b3f2313	+
59:642|544ae315-cb2c-4091-b7d4-511a6506de37	+
59:645|2ffbc0d2-c3cd-4d90-a333-5adb0b86586f	+
59:645|49a21921-f50a-4159-b2ac-5dc60c531074	+
59:646|070f45b0-639f-4cd0-b667-f71b17d5b8c5	+
59:646|dd3784f3-1cbc-4bab-a838-6cd5404a58c2	+
59:649|8d7ea612-ce2a-452b-8230-223bcd44c109	+
59:650|d91c6707-d82c-4f88-9454-d247b19a7de0	-
59:650|ebb460ac-ee61-41db-affe-6e186089e9a1	-
59:651|34009ed7-bc45-4317-a416-a6405c9d8808	-
59:667|0dddd57a-93c7-5ff7-b55d-47e015a27cba	+
59:672|87edaa10-6a2e-41b8-bf52-55e30edb5ad0	-
59:677|d678d982-cf5a-4a12-8766-b7239fcf68f5	-
59:678|1fb4574b-b323-4673-baaf-d0a05ff8c26d	-
59:680|b64404bc-f17f-4fd9-886b-00784dbf49b4	-
59:726|5cb2bed3-e109-4261-bf7b-2f63c129db42	-
59:728|543b0bb0-aa00-4b10-a1c2-7bd133f6b935	-
59:730|9b273dcf-e389-4001-b15f-f8e556cdc6fc	-
59:731|528b76aa-9f64-41cf-9bb6-4f025ac9252c	-
59:731|fb200f6c-9ce4-4af0-826f-916549f1d773	-
59:735|4ddef103-b4a7-4cfe-a1a8-807c2cf21700	-
59:736|95c0439b-8ced-47b1-97b6-8d21b141c389	-
59:736|aec702ed-3b08-420b-8c31-48321fd301ee	-
59:745|812e052e-cdd0-4c74-a666-f3f60fe7490e	-
59:747|c3fea26e-70fa-415c-81e5-77fe402bc1f3	-
59:755|212f2b3c-eadf-4db2-adfa-debf7f2c063d	-
59:756|b980882f-0998-452e-8aa9-398f0e8ba917	-
59:770|99200d77-11c0-47d9-b3ce-93e14422ee1e	+
59:779|f6708e79-883d-4a0c-b282-0398fe5c439d	+
59:784|15fd4131-21ac-48ac-a2a6-db22c3a46028	+
59:790|beda088d-fb1a-49a6-996f-4ce8e7709d3b	+
59:798|eaf58b28-5d53-4ab2-b53a-ec8abcac5025	+
59:822|7997a1a9-0c06-4a8c-9ded-eeb1fc072bfd	+
59:824|c320cab9-a425-4d0c-b21a-8b681e8e5f2e	+
59:841|94592aa0-b0ae-42c0-8c07-ad50bc88df22	+
59:841|a2809fe5-8cdb-46ec-bb5b-8dd65373bc16	+
59:842|69f55bf2-b0bb-41f3-bb71-fd02de014580	+
59:842|cc13ebf1-4cbb-435a-acf9-7937a6b98964	+
59:848|4298acf0-81af-4613-a507-1cc894280fdb	+
59:852|b3af0176-05e1-4bef-a608-e2cf827d3673	+
59:855|aa11d249-e41d-4068-89fd-4bee000271d5	-
59:857|cb956e2d-8eb4-47b7-83a3-b305d9ae02c3	+
59:859|2e2eac85-69e9-49a0-93a0-511115d2f245	+
59:863|761c852c-ea0b-4578-97ef-9e795986ceb6	+
59:865|c9725887-a522-4e9d-9369-4b2c0c05e185	+
59:868|2f5b2511-3655-43d3-a8e2-50bc29520993	+
59:880|dfadcb15-58b7-452f-84c2-0836830456ec	-
59:888|12688e61-53d6-4ca2-a6c6-e65c3d5c4dbf	-
59:913|5f7042e9-9f32-44d6-8c57-7844d33fe5a9	-
59:957|75c1c212-e1ce-4f84-80ed-0cf983938730	+
60:1007|c0c315e9-cc86-4449-889f-8bfdec01f60f	-
60:1008|9dd1ed72-506e-4f19-86a5-dbd83c81d006	-
60:1012|4813b46d-da62-48ce-a023-cacc1bad93a7	-
60:1012|4ada5f83-d448-4a3b-aef0-13e6cbd3fa50	-
60:1016|a66bb5ea-6c26-417e-ba49-8b4d52b0e2be	+
60:1020|7f334aa1-d024-4cd8-a202-20c9a1409afc	+
60:1035|c77b1aa7-d99c-4ad1-85a8-fb4058e1e08a	+
60:1044|37968a99-59de-4e16-9bde-843c3b670cd9	+
60:1048|2216f2b0-d039-4a87-aacc-0603376ba781	+
60:1068|90a28e18-09b5-4209-a948-559506981847	-
601:1156|4abd2f27-12de-4d08-b2bd-a2e84b5591c0	+
60:1134|ae3b2886-1bac-4db2-8fef-f4e172c6a656	+
60:1144|eecbe283-c66a-4618-89a2-cbf7bddf8b4a	+
60:1146|042ce8e2-718a-4870-9ea2-3c2e7360945d	+
60:1146|66111696-8dbe-4777-947e-175d080d83db	+
60:1149|bed00883-8da3-41bc-b7a2-a689d7d928ef	+
60:1150|611b39e8-880f-4466-95e8-b183ca92730e	+
60:1198|f9fa0f54-392e-4360-bccd-ee84d2a8a513	+
60:1226|cbe82b7a-bda8-4f35-8818-01f492d5f6d2	+
60:1263|afccac14-5175-45b0-95c4-3a2a09e63131	+
60:1299|072d611c-ce9b-4bb8-8823-c8a14e7ab806	+
60:1309|7d5c4970-6548-43d4-b3fc-43a929a324f6	+
60:1343|b678acc2-9898-49a6-b5f7-f2c9d6ad7d3c	+
60:1362|7e710586-f713-457d-a9cd-2112a5fd768b	-
60:1387|a59e963a-d6c4-4f0c-aa12-1766aa2030f9	+
60:1403|ee72dfa8-90cf-42bd-b2f0-6d938af0f094	+
60:1430|1e370cb8-cf0f-435e-9f1c-30bfc5fe02d3	-
60:1467|c181fb6e-1935-44b1-b9af-cb43b1322846	+
60:1476|9c1db6a1-6fd6-40e5-8cba-67dc3cc72db0	+
60:1485|c743b0d8-9a64-47e9-b86f-fc0e11fbe328	+
60:1497|55fcca10-ffef-4dbe-be4b-935808f7b1a2	+
60:1498|ce8601b9-6622-4a25-829b-4576b02d0656	+
60:1506|6a71b557-9c64-4233-ab37-97ed51539423	+
60:1506|8dc97112-95cc-4c94-85b0-f396a308b76e	+
60:1509|c82f7104-07da-4a1a-acbc-a7d3cdb7918b	+
60:1523|d93bd987-b209-40e0-b8d1-1a5abec7c8a0	+
60:1640|3bac9b99-1bcf-49c5-be8e-9500f7823835	+
60:1665|5629ae7d-e26d-4aa8-b47c-762969e4933c	+
60:1797|30099451-5a68-4c9b-980d-a3c4b5de80ae	-
60:1806|d55c9f75-abc8-4786-bd96-a01348c74197	+
60:1852|790c9c4c-d850-4b58-b655-2f374b3e850f	-
60:1857|1952cf5f-ef58-4e2f-97da-3d0d0a7c6402	+
60:1878|0e4a38ac-618d-410c-906d-1c914973a6e3	+
60:2077|87aed10e-e3ba-42e7-bc20-78bc18f22819	+
60:2078|1e1c0cc8-d4c6-4950-93d7-bb066f157091	+
60:2082|5bfbb5a6-e852-41f3-9691-053ccb4e7bcd	+
60:2084|729f8c31-bee8-47af-a1b7-618ae610f824	+
60:2085|b7edf026-5e87-4496-98c9-604521ba016f	+
60:2085|f117b0db-c1e2-45ff-8846-0875041bbc43	+
60:2086|c9bb95c1-2747-4a54-b6e4-88c489a16a95	+
60:2087|7d625333-4ac0-4ce2-abf7-fced50106876	+
60:2089|5eb4e23e-2906-489a-af1c-a53117a3426f	+
60:2091|54c36078-15ee-4726-8364-14210123ef38	+
60:2092|82812009-ada3-4275-9bf4-a7b00ca12486	+
60:2093|20fd4f42-8598-4ef9-baeb-bcb3dcfe235f	+
60:2093|c2a47adb-6035-42d2-916a-db235709cb80	+
60:2096|0e27a6a9-770b-4658-9ffc-363e22f4bbd1	+
60:2102|3fac4e7b-c404-45dc-8671-31e990a36b35	+
60:2102|ae15a63e-6aa6-416a-ad42-02805c200d4d	+
60:2103|7d1cfd8e-735c-4856-87dd-47a1465a7ff3	+
60:2103|a0857206-f331-4ec2-ac5c-376e8da6a93d	+
60:2106|16f87626-7b04-4758-bf43-79c61e81442e	+
60:2107|f1f7b4da-eb1e-4427-990f-6863a725883d	+
60:2111|0c755d56-a3f3-4c23-bd0a-804e1b78e67f	+
60:2116|6b0bf4a6-205d-4f80-84f1-c3f0e4ee899a	+
60:2131|360584ec-8c7e-47ef-b0f4-b685a1950392	+
60:2155|0f5e6e32-5cad-4060-bec2-3ba8064b51b7	+
60:2238|517234b6-549e-44c4-b9e3-bab47a5c0a62	+
60:2439|4ae4c228-8bfd-4732-8bc7-7139165de26c	+
60:2465|f0ee6e09-af9b-490a-b7c7-b98dabdd6dff	+
60:2523|5ae3c57f-d76f-4478-bdf1-44c453af43ae	+
60:2524|f86820ec-d296-4990-af69-e0484226e775	-
60:2538|ad21553e-c463-465c-b985-88336c7557ec	+
60:2541|b88061fd-09bb-437b-9713-72d0b5f08235	-
60:2571|4bc4bc80-c376-4aae-8ac4-7fd38b8ae033	+
60:2743|1f1af032-df00-48ee-b1a6-7bf3a19e9772	+
60:278|1ac764a7-96a4-4fc7-84fa-29d93734d227	-
60:2892|5fd59ccf-7d4c-4d1b-bab0-ac67a738debe	+
60:305|9c51a5de-1b36-4273-a329-49976a4372f1	-
60:305|f6fd1dda-a389-4b90-b0df-897caf3c8b16	+
60:344|fdfc895e-ca54-4ce9-9796-c74b2c93ed53	+
60:376|83b7e1c8-12c5-42e1-a9e1-d0d641a060fd	-
60:437|b08e87a3-961a-41c1-bc35-508e1daa69f3	+
60:444|5d9e4e34-352d-4a49-8a59-b2e407bf3203	+
60:459|1a7a6b27-0567-44da-abf2-df0290548641	+
60:462|25d05e6a-23ca-4e43-b8e1-3b6241761c4d	+
60:465|9b034e6d-e2b9-4131-b85c-941bbe27f879	+
60:468|263c8049-92b2-41cf-8ba6-7a757176eafb	+
60:468|3e468fec-ad03-4b7b-ba9d-518327502587	+
60:474|57dd6860-3aa9-46c8-b8d1-292f7f17e149	+
60:476|90aa13df-43ab-4b8f-a891-517697eb2c19	+
60:477|76eb6c03-8431-45dc-81b4-4f3ba2c36016	+
60:488|34ee6006-f60e-4064-8f8e-ed99d8cf19ec	-
60:491|b10543f8-7db6-43a2-8c5a-84bb936b9e07	-
60:493|ab0f6dfc-313f-4194-91f8-cd94398cf52c	-
60:494|a7ca9d25-96a1-4e23-b812-a2b34eb0d7e3	-
60:503|56b8d24d-0864-450c-a204-c4841b74a543	-
60:503|83ee2a79-b795-4293-beea-749309e793e5	-
60:505|eedc4cc5-fc6e-4114-90be-4e9572d5d052	-
60:506|34c8554c-2ff1-46d7-92a5-fc81dc15549a	-
60:507|987ebbd2-11e9-4244-94de-9718cf82140d	+
60:510|8965f708-df12-4546-a382-5e57f90577ef	+
60:512|dce70953-26c6-449c-9b0f-8a0ea745dcd1	+
60:514|4e3704d1-146f-4b5a-94f0-c0e5c3c608d6	+
60:515|2d35fb48-23cb-4d57-ae94-5d4d76b5cb8f	+
60:515|e474fbc1-4d9f-4b4c-a36e-77f715333ea3	+
60:516|926f332d-bfcf-4b96-88fe-f86d57bf0237	+
60:519|400bada0-7b84-48bb-8ff3-67d2b26e4c32	+
60:519|78a81c6c-f379-4ab0-8b85-bd1122090743	-
60:520|4c44dad5-a8cd-4616-acfe-4bbdcf86f2f4	+
60:520|95e14c3b-bbc8-442e-b403-dca421248de0	+
60:522|fea4c25f-0027-4d69-ab0b-1a99e5ec0204	+
60:524|51469f55-efca-46e5-8eb6-e0538e9e3d47	+
60:524|ef00cde2-c6d2-49b2-821d-45094d37a653	+
60:525|4eb89f18-2f8f-466f-ae6c-2560d524ef78	+
60:526|6ea5223a-b366-4a0d-8102-8cb0d4d001da	+
60:526|ad3dc73b-a116-4bb0-8f87-4943c2c747d4	+
60:526|e639d792-cd00-4042-a288-2e1decef8a8a	+
60:527|53e69017-19c1-48e8-bae7-3dca3172815f	+
60:528|2585b272-1c47-4a82-a5da-db2af05e25ad	+
60:528|fa427aaf-5287-4270-b8de-ced21ae59694	+
60:529|4c5c8cb6-a789-4000-9b44-fcdd98d8e8c4	+
60:531|7cdfe756-09d8-4461-8e85-29ecbc32e24d	+
60:532|cbbafdab-9136-4606-add1-91e3fc9e7868	+
60:532|dee72ace-51c8-4e3a-a222-fe85999d4320	+
60:533|31296237-56d6-46c9-893c-5c66797af7f3	+
60:533|cb6d0a74-842c-4660-a75c-44aa0120b8fd	-
60:533|cde23810-3f4e-45b6-be8e-0f52e63c9e05	+
60:534|a506340b-7164-4914-8313-b9478f840a17	+
60:535|3a98420f-1745-4753-b1ce-b886da98d9db	+
60:535|91de64ac-ac83-49e4-bffa-5e4c6fd4f31c	+
60:536|97ad546f-37d1-4bc5-9224-8a5246eaecfb	-
60:536|f33adf6c-cd40-4bd8-bf7f-cd7a2d85e1a8	+
60:537|0228d964-7dc4-4cf6-a13d-4cf05c7496c8	-
60:537|542c6475-f4fc-43cf-8911-2d984b642dcb	+
60:537|9c79e31a-aaf3-4b96-859b-3695f3bdad6e	-
60:539|91090fab-9560-48bc-9c87-6efdf43316fa	+
60:539|ce79ed0f-63b4-43a5-a86c-4b62c69f0955	-
60:540|140d70f9-b618-4bfd-943e-043a08b00574	-
60:540|6bfd2ea2-c4a9-4dd2-8b13-42563bf6aea8	-
60:541|2513a520-250c-415f-be2e-f539c5ddde6a	-
60:541|557e12ca-c533-4fbc-94af-39df28d7212e	+
60:541|78befe78-792f-431b-b2ac-2e31081dd625	-
60:541|b5667541-100c-4b78-9686-3943348298dd	-
60:542|292b1452-9d35-4d73-a92d-c6fcb8f7d5cc	-
60:542|b20aa513-2730-4578-a1bd-02e58d72f154	-
60:542|b9afffd1-9fd9-4c37-b485-5b296f579d8f	-
60:542|fb07c915-6c18-46c9-81a9-25dfa26ebc23	+
60:543|4780ae8a-87de-401c-a0c2-8c1fdec4225d	+
60:543|d80a4df6-d63b-4a18-b512-438c536b8714	+
60:544|e3067c0c-1d6b-4e8d-8876-a74d4a2863ea	+
60:545|0f1d01f4-6bdf-49e7-ae6b-d657da526b38	+
60:545|22e316df-ea93-448d-9042-3b025634a266	+
60:545|238a32ac-444f-4e6b-8dda-ca37cc32ae6d	+
60:545|82fa4354-9d05-44ff-a584-0b9328bb3b96	-
60:545|84e5270a-2564-4a34-a58a-418c35d7c5d7	-
60:546|431359cc-cfb5-445d-a5a0-71b76c4fbedb	-
60:546|86bcc6b0-b450-40bb-8755-eeacfeceb8aa	+
60:546|88588f6b-a077-4892-af85-e0c878ea3a45	-
60:546|90ae1f57-6f5a-468a-8cfc-0e009c042f58	-
60:546|ac8d9a5b-85be-4702-82cb-8661607aefe7	+
60:546|ce99e3d9-ad73-4bf3-8948-0e782127d92f	+
60:547|502f2ba6-706f-4b75-8c5e-a83b8e6d0956	+
60:547|879321b6-9466-50cf-9cb5-9dc16e0e5546	+
60:547|ba84b0c6-310d-4579-8132-94d04caea6dc	+
60:547|dcac9a50-7a2b-488d-9476-cb488f1124aa	-
60:548|04cb88b7-e301-4674-be77-374a89efe612	+
60:548|83dae483-83ec-4061-bf13-5f7486488d6a	-
60:548|d1e9e9e4-bd34-43b5-b2cc-ebfb669d87ef	+
60:549|0c95cdd9-0c2f-4253-87e8-6775f286f97c	+
60:551|fc137d9c-f638-4cdf-9fe6-98342d894b25	+
60:552|6576a8fc-2b29-4ca1-bc86-d3ba0d5b127f	+
60:555|1d3fb528-cf80-434d-af20-30654adeb39d	+
60:556|d6013cad-b33d-4617-a46b-0f0a365cae17	+
60:557|2e06306e-4abd-41c8-99e5-f8fa136067e3	+
60:558|1dbc9d23-d962-4273-b198-eee709115806	+
60:558|75087884-e66c-4eec-9c9b-9b2b1f2cb1cf	+
60:560|f35b80fd-46d5-467a-b109-8edd58a0ecad	+
60:564|0dc0746c-c780-446e-bb32-9c2ed88762d2	+
60:566|978d8ecf-84bf-4313-8c9f-5dc6a0af369a	+
60:569|904532fd-148f-4d6c-b846-0001397f41ab	+
60:570|669a3ab9-03b5-4392-825f-d1662390876f	+
60:573|365ca373-665f-4f70-b369-ec775a8e6a4c	+
60:573|8be4d276-d00c-491f-8b43-bfbfdb57a9c0	+
60:575|0622c07d-ef33-4952-aa29-22209b7810a3	-
60:575|6b3d16fe-4cfe-4b43-adca-60bd7c2a58b0	-
60:586|4ede6d8e-f15d-40ac-9cde-fef661de322d	-
60:587|13f66563-aafb-4e8c-a33c-3233fec0dda9	+
60:588|0604599b-63a5-4c3d-bf4a-4b1bba179d6a	+
60:589|9ca66147-974e-40aa-9f8e-6e9183e241ae	+
60:592|62822d50-fd30-44c0-8297-11b95917f48e	+
60:592|6da1c7c8-052a-4882-9e88-8d6e68730bc7	+
60:594|57f2740c-0043-40e3-9234-ba8af9f70ca3	+
60:594|85974d8a-6c4d-4c6a-8266-bbeb19dfa643	+
60:594|ae426fa1-6e51-4991-a91d-83023f6ca421	+
60:595|23e2b3f6-9466-43cf-80ca-0de2336e4eaf	+
60:595|63c3a3c3-8537-4cdb-bfd2-ee6ad945e726	+
60:595|f5e3d69d-0c27-411d-9b4c-cd3f95baf60f	+
60:596|72927aac-08c1-48a7-b06a-ac8074a8be1f	+
60:596|8e8a6fa6-5efa-43ff-aeb4-55b35cab4508	+
60:596|bdeb77fd-55e4-4a24-8163-b2c8f12d047f	+
60:596|d76f5381-97fc-4a34-8122-3a44a79de46c	+
60:597|0509be63-af9e-445a-b647-739044d875d3	+
60:597|b707dc07-a11f-4795-81e8-00d30d3ea238	+
60:598|a4c210dc-1a4b-4079-a925-75027bf5eaee	+
60:599|b5723819-d2d9-4b29-b952-3b54c8a93db4	+
60:600|4736e5c5-628d-497d-9865-9acaca802961	+
60:600|76a3d900-1641-4a44-a05d-f66c862b66b2	+
60:601|a34228f7-db9a-48e7-a0c8-1530672cc18d	-
60:602|49431ca2-c022-4ba8-bc1c-832551d4cfd0	+
60:602|7d31fac6-e034-4c4d-ac95-05ada6ae4357	+
60:605|a66642a5-3990-4097-a344-5efef7f544e9	+
60:607|1985c8f0-f82d-42ef-a44e-462330533b7e	+
60:607|cfbbbb72-a7e5-4c9a-9f84-15f970165f9f	+
60:609|229436c7-3599-494a-977e-badb4af4ee17	+
60:609|ea4c447f-1d56-490d-a91c-c2c9d169f86c	+
60:610|31e50b87-0f07-406e-9aff-876f292b8a7a	+
606:1081|8f720190-e7bf-42dd-a213-afe40e729b1a	+
60:610|fa61eb51-9387-4adf-b1ca-6892b04fa1f7	+
60:618|24e7a7d3-54d4-4a4e-91ff-d7280d54df0d	+
60:622|5106e831-d920-4d19-a13f-05d9aba7678b	+
60:626|34ffca76-a911-4aba-847a-faf1e8a24c84	+
60:627|84de2225-2637-4ee7-8723-1dacbf66876f	+
60:628|1a2bda8d-083b-4df3-bbb8-680136a74742	+
60:629|cb7760c0-f531-4ec5-a579-f330a91cd371	+
60:632|1f6436e8-f856-4721-847b-7a08c1a197ef	+
60:633|2a49bd8d-4e1c-4c28-b5e8-e956d0f34257	+
60:634|0484204d-d941-45bd-9314-ea93b70e5d00	+
60:634|cbd18965-04a8-453f-a789-25b52ff73345	+
60:635|1029d7fc-e0c4-4762-8ccb-6c28791031dc	+
60:635|2a1c94c0-fa8c-4d2a-bb1e-8d7c2b1320fe	+
60:635|d66b9651-4238-4b21-9d35-31eeee6dc48f	+
60:636|0f89bba1-bc78-4769-9550-ee710a1aed0d	+
60:636|2b4730a4-ba83-4264-8fc9-97fa1bd0cb93	+
60:636|93438356-999a-4375-b0fd-7216dfaeb355	+
60:636|98585192-cc1d-405a-9f58-a068c4f3b969	+
60:636|ee837408-1a24-4200-85b6-64dd06ecbe97	+
60:637|2e089616-9614-4c16-b2b5-b6f47778933e	+
60:637|60347ccb-7e2f-4c06-bfd2-8a6e9faf81f9	+
60:638|097afafa-5865-491e-a978-7fe8ed4f06a7	+
60:638|60827ddd-32a2-4b89-aa67-7ba08d9a9d22	+
60:638|dfdacc91-9d15-49e3-8cb1-88e0773a763e	+
60:638|eaeacf1b-04b1-4700-a908-409d79bdbb3e	+
60:639|e9f001b9-c8f6-4493-ae76-d2b0ea310ddb	+
60:640|621b1e49-03b4-4698-b073-be1d7395c6c4	+
60:640|937cdd46-8779-4d1a-bdb4-6360b11f462d	+
60:643|3be0def7-9d9d-4577-802e-8e8e3d2a9c9d	+
60:643|80524f03-a0b0-4ceb-a61e-ea8f8b48a624	+
60:643|dd99effc-c1e4-4de9-bf3c-44055fc55b6d	+
60:646|2843dd75-5db4-4a64-998c-3e186a4a1148	+
60:647|1c1f0cd3-ca5b-402d-975c-518c02666dde	+
60:647|4334ba20-f113-462e-af45-c67ac88a19ca	+
60:647|c715d4ae-93d5-443b-8255-3a5dd2b8d9a1	+
60:651|0d971dc2-6009-432e-b6b3-0975a65bafa9	+
60:651|12515d00-f9c9-40bd-ab81-04e08f1506f5	+
60:651|272fa21c-9d75-4004-9656-ceb4bea28155	-
60:653|9a0b6c3f-140e-4e7e-9638-93df86c7ba54	+
60:660|ff30c4f4-955d-4fca-adc4-53e2711bac11	+
60:663|2b37733e-c7ca-408d-8b98-bde3b4ba01e7	+
60:664|873138e6-04be-4151-8fae-37d3e4fbf8b4	-
60:665|d468cbb4-8954-4edf-b9a3-119870f36c3d	+
60:676|c2ec3bd7-ce44-4bf1-803f-8c0693435774	-
60:678|0082283f-8ee1-4dad-8d61-1c183f5c7938	-
60:685|5e9ec87b-2cfa-4932-b4ce-15e2995ac77b	-
60:721|956fa411-36a2-4685-be13-1ae22952283e	-
60:731|2886ee1a-570e-4d8c-bdec-7d690d910d95	-
60:732|436a1d76-75e9-4d64-a818-f7afbe0ba0df	-
60:733|f73f06cc-5e33-4edb-9d7e-71f37695a7dc	-
60:736|76c90a27-7365-4217-b74e-5acf8e45a606	-
60:736|e1bbf98f-861d-4fc1-ada1-7e0d20983a24	-
60:737|721fc3e9-e3d8-4877-a14b-6349a29ab2e2	-
60:747|6de0b959-4f29-4e4e-b6ca-ca103ffe14dc	-
60:754|c410d5f2-f5a1-4303-b674-89d58451ad72	-
60:760|4e2233a7-9ec9-47b2-ab62-31abe74196e8	+
60:764|1d2518fd-9c0f-4b02-9560-0835b675fd7d	+
60:804|5af2db4c-8165-4897-b901-e535b3d5fbab	-
608:2641|e700905e-c0ae-4054-aa69-0aa21269b2c5	+
60:832|f8b53739-3832-4fdc-b5d1-9fe403c6bb01	+
60:833|7dbdce73-4f0c-4ff6-85df-68c25d5db140	+
60:835|63fbfe00-dc9f-4bf9-bd8a-62fd4e77a0f1	+
60:838|ff7cab77-1905-4b68-84d3-ef2b49e45dcb	+
60:840|06a68ba7-dc08-4942-95f0-4e56b7fe93de	+
60:842|8c31b734-360c-4465-b511-01a09653bcb1	+
60:842|d632f29e-e408-426b-bc78-a6181a7b579e	+
60:842|f3a6b541-c583-4909-a602-16ee43f39d64	+
60:844|59242671-15c7-4d11-99af-72b833ef13f3	+
60:845|7ca15295-be3a-4155-9696-32a94ffc3d71	+
60:846|e74578f0-c2c9-4231-b22f-4040ef49a144	+
60:847|0696a95c-3772-4448-8f9a-93ae5142e5b9	+
60:847|fb20d0e9-cd7f-40b7-95dd-9a15bfe26482	-
60:848|2bbd45f1-806a-4c94-b50a-1d2f8b180fee	+
60:850|9025a720-420f-4f4a-bf98-84a05e9ac245	+
60:854|b750e27d-7c5c-4c1c-a875-bd6d86c334ab	+
60:857|3727baa8-9c0f-4bb5-989f-c5402813114e	-
60:864|035de9b7-7a8f-4fc8-8194-d757bcca1b7a	+
60:866|a243d5d6-52be-4b05-a7e1-606b3aff23c2	+
60:869|9f38c4e5-d891-45dd-8f44-40d9721eda79	+
60:948|05c608ec-816c-430d-8838-091a812c772e	-
60:964|9c026038-9ecb-464a-92b7-a5425528a5fa	+
61:1008|16b99a1e-c3b9-4857-87f9-ceac0fbd65d9	+
61:1022|12d61a8c-1659-4c3f-83eb-4fd0bdcd3752	-
61:1031|ec9b4790-d9fc-409f-854e-470ffaa0a21e	+
61:1032|0f049ca6-71df-4061-987c-1fbe6eb8ce0f	+
61:1036|e6a08fa7-e356-4956-bb68-88a4ad451a67	+
61:1039|4edf28b0-7de7-41ac-b5a0-9d7b17b87913	+
61:1041|dc013656-939c-4650-910a-bb468939d6b9	+
61:1046|6571c908-4f7a-4975-8c70-896e53a90b8c	+
61:1105|6954d4b3-a061-4eaf-be04-9f17e32291d2	+
61:1147|ec699c3b-4b50-4794-bc79-51a88a6c636d	+
61:1149|39dc8332-0bff-40c8-a381-08e48a48a3f8	+
61:1149|4765acc0-2816-4681-a294-e8bc729f7245	+
61:1151|35c8508e-5777-474c-917b-081f70ebfa85	+
61:1156|644f3c4a-1ee2-44bc-8776-486ba89582b0	+
61:1156|cd6851cd-fc2a-43d4-b95b-91dc583b6b1e	+
61:1174|64c78d5a-c772-471a-b546-0c125afda392	+
61:1179|096e8ccd-b651-48da-b4c5-40b918f47844	+
61:1217|98b6ba55-e72e-498e-941b-e72c2e187e64	+
61:1224|8b98c1da-8daf-4b4d-ae63-e64565361d4c	+
61:1236|89ee0cb0-c10b-427e-ad50-6cb055aa4ec5	+
61:1268|94a291a3-7391-4f91-9aaf-0016b74bee4e	+
61:1319|d73869ee-b7f3-44be-b409-6fd5dbaff463	-
61:1358|2b779724-4213-4ba7-9d66-1663f7614e24	-
61:1358|ff579222-a6e7-4de0-9824-b8081b6a9501	+
61:1361|4fbb9e4d-ecce-40a6-b7a0-c220d5d947dc	+
61:1361|db88f66d-c645-48c4-a51f-1aab7686f084	-
61:1363|facb4b7f-a9e5-48fe-bfa6-4d5319a6b3ec	-
61:1366|4d4d117d-57e2-4613-8640-55704dac998f	-
61:1366|82ab1ee7-9713-4055-86b3-db32b04864c9	+
61:1370|685a4525-3025-424c-99a3-3e7d23142c9f	-
61:1379|c32d1e0c-f9e5-43a7-bbd1-5947df08be24	-
61:1394|06b1a1c8-6556-4972-93ed-ea165784c16f	+
61:1462|18bbf180-6cec-4b87-b201-ef5bd5173b00	+
61:1463|bc6b5dd5-eb69-49bc-9580-b5226b4be5f0	+
61:1488|a8142777-0499-41f7-8b94-9435b320fed9	+
61:1495|33a0a9bd-10c1-44fb-88fc-09cec6b128b7	+
61:1495|fe3582e2-9712-4121-94bb-b164d230bb64	+
61:1498|22ce5069-cba7-4c8c-bb4c-b625599e1155	+
61:1500|e99b69b4-e1d6-4997-8e45-293f77f653cc	+
61:1501|b9317228-8662-4285-a240-17c0c78dc4b3	+
61:1505|3bbfe5ac-87af-432c-ad75-21043ad99375	+
61:1525|05764178-2d41-4d9a-807b-47035d9c87d9	+
61:1536|40a9e12f-c610-4a98-9ffa-2bc9e1948ebf	+
61:1551|7dc5ba06-3fb9-4aa6-b3ae-d1fd5bce9173	+
61:1622|cfb27b5c-677a-4ff5-8ba9-55363920120a	+
61:1626|82e16cb6-2f63-4c4e-ac3f-68f6edd7a478	+
61:1631|ad97e237-c123-4c3e-aeaf-6a2500bc2ccf	+
61:1637|848da436-2650-4fa5-b9ae-1202219722b8	+
61:1639|d7917f34-fada-48e9-87bc-56e0165e63f3	+
61:1785|f8b2ee1c-be60-4013-8151-a7b0efcbee26	+
61:1959|4287f4d4-ccf7-467d-bbbd-d20b4c3d70a2	+
61:1991|01697a8e-411f-45a1-8832-89bd9826b6a4	+
61:2085|0c4b90cf-0e5d-4d16-968e-9ffe3e1efec4	+
61:2088|40bba9b0-3c87-474e-974f-cb75c3fb3f3a	+
61:2088|6edd3f50-8bdc-45ca-82a9-b193199c4fb6	+
61:2089|e1a51eb7-c00f-47bc-a2b4-16bf0ef4f0bf	+
61:2090|0c8b36ae-e785-4f79-975f-2ede6fef4870	+
61:2090|55aa01bc-0f65-4b67-ab6d-e671fea8046b	+
61:2099|5ed9b4b9-1543-4fe9-bfc1-cb16f45b80d0	+
61:2101|14c4a885-b4c0-40bc-9991-632e82bac1b8	+
61:2102|5c2b4d7f-b70b-4c56-8511-4bc4ffe0a547	+
61:2103|1eeceae1-021a-416a-ad68-4c8a531de34c	+
61:2104|fe2e303c-4d0b-46aa-981f-883b64843a28	+
61:2105|7b284528-ce76-44ff-bb43-5bac8c869a97	+
612:1283|93ed1862-d2f0-4683-89b7-930c927b0b13	-
61:2155|d1034c18-6031-440b-ad41-3c02c5663eb7	+
61:245|d9c4d614-aa9e-40ab-8766-11173318f764	+
61:249|3b1eb104-2631-42ea-ac94-a00e3862da5e	-
61:2532|8d97ba54-881d-41aa-afbd-58840d957d7b	+
61:2559|2cb42911-5c83-4ba1-84c9-916e0b6e278c	+
61:271|c0aa8ec6-0613-431b-9ae0-6102f33eea0f	+
61:283|0e074965-a7c3-4e0d-bb97-51d376efc49d	-
61:309|ef852415-fb2d-421e-8f03-d74654cfa9cc	-
61:311|08ab4eef-3a7d-4185-bbef-86a2c9be9920	-
613:2013|6fb5ad9b-085c-4ad5-a6f9-c431fd69e2d2	-
6134:6708|f8d366e5-415f-4105-ad35-a1b075ba3e51	+
61:355|ad7e68b6-1ca0-4752-aa29-c200e3fad616	+
61:357|562c5a91-3879-4419-b946-fcf545089d76	-
61:360|853fdeb9-8cf3-4ef7-83f0-619ff58d1610	-
61:373|214f54fa-4645-47d2-b579-275f6c2c5892	-
61:374|8623c87c-f957-4cab-8b57-484613e0fdb7	+
61:385|75c7573f-5072-4dd6-b5e6-e53dd89e2622	+
61:388|64091168-3431-4ae9-8b20-98c543c61684	+
61:397|a37a6949-4cf7-4082-8649-7db7433a0c2d	+
61:403|1253b7b1-8ae0-42c9-86f8-7025ab0d4d9b	+
61:4092|91dc1d20-293e-46fe-bad4-badd67e856ac	+
614:1229|9957e03a-5e55-422e-bbaa-25a099e532d5	-
61:416|97916fba-89d0-4b7c-ac20-bd9cd7dca30b	-
61:423|0ce18e65-499c-4c7f-8382-897adf1e3f74	+
61:428|fd8f22d8-eaee-427d-890f-3a516db5adc4	+
61:438|40d7a699-23bc-564f-ad61-5ed558cf6b59	+
61:440|d5732612-636f-4daf-a8fb-1c498dd0abe8	+
61:447|7358d96f-ab79-477e-ba8e-e15c7be559a6	+
61:454|8ae01b79-a844-4ccf-bd09-0d7af76f449f	+
61:457|3b4d61a4-d120-450d-a50a-f8a85e4e54cf	-
61:457|e2b9334a-4eb2-43fd-b54e-e5c39b9adeb0	-
61:466|76630977-d3b5-4fdb-b71f-69f37e05d307	+
61:484|dcf85d6e-4e4d-4350-b472-e06576d9f9d2	+
61:485|de06a0fb-6554-481e-824b-e7d1daee7bd4	-
61:488|b0b9ae2d-af38-43a3-8ae8-14cc2b645918	-
61:489|1b2bb726-08bd-42f4-8bcc-742dd7ccf630	-
61:489|1e301757-650f-480c-bed5-e84df030d326	-
61:489|84ba3589-9a1c-405b-97fe-c5c1a640b1f4	-
61:490|90a78ef8-5c5f-439c-a065-774e8d2f6daa	-
61:492|bdc13f39-4151-4dd2-be90-605c448b875c	-
61:492|ca557482-e1a3-41f0-969c-5e21f8c18403	-
61:493|20c4df3c-4b53-4b44-b598-50ea1afb9721	-
61:495|3f1d62da-65d5-41d4-9d1b-ea662450b340	-
61:498|e3e8fbd1-3fbf-4d4b-9d70-70f193b2de85	+
61:499|cdc623d8-8b0f-44e4-aea7-80d1ca46be79	+
61:501|719fa3cf-6892-4a6b-a064-c2ebbf754317	-
61:511|6a5803c8-923d-49e8-a4a6-87f7c173ece1	+
61:511|6d19ac83-3a49-4fd2-8142-31846971454c	+
61:512|5f3e42bd-94b8-4132-8f7b-4fab6a5cf2a7	-
61:513|63b806bc-a5bc-46c1-891a-47f0afc5d682	+
61:516|5c0228d1-5cbd-4ee9-999b-a194a07f0ef9	+
61:516|9bda1f3c-6a79-4346-901a-d35e3faab678	+
61:519|92550fd6-ff34-44e3-afc3-1a8186d8ed08	+
61:521|91d8b9ae-7a91-42ec-803c-0c53e341b356	+
61:522|62c6ad78-cb4f-4acf-930f-f7593f664d49	+
61:522|cfa6f881-c5af-4b23-abf7-f57f31266b01	+
61:524|8eb63ac4-9f68-436b-8d7b-96b36e7a99c9	+
61:525|943ca771-229a-4c14-8c84-2af66f4d1041	+
61:525|c4af8c50-f656-47fa-be79-358040721272	+
61:528|b0e5f08a-b058-4dea-aad3-bb753110fdac	+
61:529|62af78a6-dc87-40af-9e9a-a9ece2f202b3	+
61:531|d9589dff-4d7a-444c-893d-1743af489b61	+
61:532|2519e4f9-dd68-4e32-9e92-46b1fec1e1ef	+
61:532|f469f619-0245-4ab4-97b5-5b7ebee2da24	+
61:534|0c413f79-edc9-4da8-9e27-e391ed05a388	+
61:534|a32deeb7-7a4c-4d34-9a36-bf197540f262	+
61:535|341db267-2531-49b6-8889-31452eeb7dab	-
61:536|39c20bf6-594a-4f1b-9651-4188e05b57fd	-
61:537|155d0a65-9522-4756-9a5c-bebd27109888	+
61:537|1e88262b-23b2-4d75-b38f-6159fd8f0bfc	+
61:537|42cd1cbb-6479-44f3-9fbf-f8c573ab4632	-
61:538|096471d2-1ec1-4625-badc-547d18eb43b4	+
61:538|7c0b58fe-b5b3-40d6-8cd5-1c47c375e8f3	-
61:538|ce91368d-9832-4f49-9770-559691694c7c	+
61:539|535ee7a5-85cf-40fa-a8e7-27b4baacbe95	-
61:539|e834219b-6bca-4a3d-93f8-9580e220b5bf	+
61:539|fd42be0d-ac6d-4b00-a86c-4d0e04be615c	+
61:540|2b06013b-1ea4-4cb5-a486-d5c4e9f8fde7	-
61:540|3067e9db-a7cb-4511-a81a-f529554f3262	-
61:541|026080ac-7672-457d-be0a-8a6bacd713d4	-
61:541|1e5496f7-7a58-4ba6-8736-75b3463d4763	+
61:542|1bf6142d-2bc4-4673-b078-c913fa3df1e9	-
61:542|22690bb8-fc03-4819-9f1f-f81bf6f45287	-
61:542|23ab4a3d-c47c-419c-ba18-8b66ff9d65c0	+
61:542|4f18f6c4-0308-4cfe-b60b-71981cbe5269	+
61:542|508cac0c-c7fc-422b-93fb-d21ea8227bdb	-
61:542|5e5463f5-0bd8-489e-9cc1-e9594c6a2982	-
61:542|5ebcb6aa-7f0d-4718-9a3a-a6d6f7555163	-
61:542|84a59c85-db89-41c1-ad31-f6978ea1f34c	-
61:542|b9d23540-d1f4-4065-857a-97211af8c213	-
61:542|ce0ffb64-42d1-436a-8ccc-c06cf8d26116	+
61:543|2de24d0f-8deb-4bf3-bc97-4fa45a1e441e	-
61:543|a31c7e56-c492-4c89-b44a-b1088e8828e9	-
61:544|66f140b1-cc94-46d7-aa7b-364f818bbb52	+
61:545|0d88e36e-a0b7-4853-98e2-1b2ea156ca69	+
61:545|90689cd7-f2d5-4d87-992b-2ad132e65e82	-
61:545|9a7def5c-0eeb-4969-b415-33dc07659a1a	+
61:545|9c9be5ca-b10e-4e77-9a0e-7fc1e4b8d666	-
61:545|a2247f64-42e2-4e7b-a9af-23cf6d4bb9a5	+
61:545|b04f43ce-effa-479a-b2d0-83b06e79af67	+
61:546|a6db57ce-a0db-474a-a3ae-a835731a0bd9	-
61:547|28c552d6-7acf-43bd-ba1f-3e14d1b5a4f9	+
61:547|3d53462c-2c2d-48bf-b1b9-7f4ecc386954	+
61:547|6e0aa08e-f0c9-4c61-9bca-f0da2d1b5f37	-
61:547|7f47049a-086f-4b6e-9e3d-0fffedf6f5be	+
61:548|2d1af11f-5a30-45c9-bb15-08e683062ce8	+
61:548|4919afa3-46e1-4fe2-8f11-3b3437b5cbc8	+
61:548|702e4467-8fe6-45f0-ab91-d48bd06703c5	+
61:548|92666166-b99f-4c3a-b5e4-d51d2e7ea08a	-
61:548|a06bca49-799c-4d58-af0b-7e4621ff7a7c	+
61:549|2b6e02d9-7f62-48c7-8b9a-27763bff3c4f	+
61:549|2cd727d3-9bc0-44ed-84cc-60984540186e	+
61:549|f1d0124b-cd35-40c8-95e5-bfd655b0f9e1	+
61:550|23165653-16bd-4284-b16b-1eaefd4d1cb2	+
61:551|339313ca-3c7e-44f3-8063-5bd181353f6a	-
61:551|f418104e-e113-41c2-8bc3-0c23c90e3665	+
61:552|673518fa-e4f2-4e85-95be-d5a3a2ecce08	+
61:552|cdf3aeac-2710-4826-9068-0a247588ead4	+
61:553|511470e6-8ef0-4139-af5f-0d76d193e549	+
61:553|e0513941-0907-41e5-9e88-7a358964c654	+
61:553|f40adba9-b241-4353-8bf7-eb856a2f883a	+
61:554|2d7f771c-2c12-4f9e-91f8-a405b409482f	+
61:556|e3ecefe8-6ab4-440b-89bc-37e4b31f1472	+
61:559|d4d6515d-1ec1-47e2-9d36-3359c451d1cc	+
61:560|39f3901d-0a6e-4788-ac1c-062fd23ee847	+
61:561|8908ac9b-62da-480d-8b68-f917da64f732	+
61:562|6a8d136d-df91-43fe-8943-1bcb8cfdad8f	+
61:567|1d4dda67-a8ac-4195-8ee9-c8744e2dba40	+
61:567|ac917c8a-cac7-477b-816b-68a6d100f453	+
61:568|418dafbd-a35f-452d-8ce3-5b646725b719	+
61:568|e67dfb19-6a1f-46bd-b5f6-4a8bc1d3b724	+
61:572|3d20b6ed-a514-4dea-bc4a-9a88f929efcd	+
61:575|a8576cda-71ff-4c5c-a8cb-736ed8c8a2f2	+
61:579|881796da-25fe-43a2-8cd8-9e797b90b8a3	+
61:586|9ad9cd2e-946e-434b-ae2d-40d599c0a150	+
61:587|8c36f200-2283-455c-85f4-87536786a675	+
61:587|ec730da1-7db1-4b17-ab92-5ffee359774c	+
61:588|0ce7c5cf-eca1-44ef-a7a0-24c35afc6b08	+
61:592|46f537f5-d58b-4f38-824a-56ea905cee3d	-
61:594|3de65489-1f99-4045-818c-0176f683d35e	+
61:595|5a15a2c2-18e1-4aea-932c-40f65d13cff4	+
61:595|7afe4115-c58e-47e2-ae40-ed47590cffbf	+
61:596|f5677cc2-41e9-49a4-ab39-d7198036d5e8	+
61:598|483402d3-c61d-4f02-be19-40b266523646	+
61:598|df740720-fb16-434d-bed7-d52a582d0fe2	+
61:599|eb4643a0-b491-4bf5-9016-e5f83c1fc7fc	+
61:599|f2e3acf7-260e-4c05-925f-57eddcb136aa	+
61:602|35d02990-6a7d-43a5-ade7-30b9bb1ec2f3	+
61:602|dda5d950-bfe4-4e02-932b-657f2cd8b9e5	+
61:604|d50168ca-d3c0-4927-8185-33f8eccfb207	+
61:608|51a3ed7d-403e-49b6-85d4-f1b5a5361db2	+
61:608|976fa7cb-b827-455e-bc70-648e63a20c61	+
61:609|11fb3092-e4d7-4e55-a314-6ae7e1fd290b	+
61:609|2fcd886c-a237-43c6-8c1b-3f8f8a0d62bc	+
61:610|c1d71983-3ed8-43d0-801d-2644ebbf052c	+
61:612|5a687f1d-f26e-4555-bde1-238d3c181c3c	+
61:614|5af9c69a-6b36-4124-9563-d18a034b7918	+
61:615|6d29c6b5-4c86-4f10-bac7-f27583b8b588	+
61:621|1b136c62-715f-45ac-ad93-7dfedd6ef624	+
61:621|c76c85b7-ad5c-4da4-89aa-405c16d1ea81	+
61:623|48c3dabf-2487-4f4d-845c-368f9dc9260e	+
61:627|2f22d108-44d9-46df-a425-2107164d2cbe	+
61:628|cb150d69-63f8-4254-b976-94625bf6ca61	+
61:628|ec3b21f1-d445-4dda-a850-4093ee77b0fc	+
61:632|329704ac-a849-4397-85d5-fa483109c48a	+
61:633|29fb97ea-ef33-4023-9085-5a77f7f12f1d	+
61:633|f9ae3262-0e3e-4fe3-92d7-2663633f6792	+
61:634|106a705f-6a67-4ddc-ac70-4dce2c517297	+
61:634|1b7b2c7c-38ef-4e6f-8805-c476c9fad449	+
61:634|283a58af-ecbf-49b6-b793-7fa67a4e4fdb	+
61:636|13ec98d1-d449-4fe6-969e-9427c813b1a2	+
61:636|1530e8ea-fd78-4626-8700-45bce06dd3c9	+
61:636|45d3dd12-47e3-476f-94d3-e43525c9ccb9	+
61:636|d8ce98e8-9c6c-4427-aa50-1c2ba6b670d1	+
61:637|1f7ac8de-a2f8-466d-b388-e75d8a23166b	+
61:637|33066e83-e1f6-4ea7-b352-a7674331f032	+
61:637|85aca585-ffe1-449e-9fe0-0a187c6c5f28	+
61:637|b1d9a8b3-cfdf-4877-a36f-b3649293e6e3	+
61:637|b3642b2e-0ab0-4972-a6c1-a18d34755aa6	+
61:638|03e11cb1-7db2-45ce-932a-4faa77f72a3c	+
61:638|0dce56b6-7f3a-46dd-8c8f-580dbea3578a	+
61:638|624fbe93-2c47-4a03-bd3a-fc9b1cf7412c	+
61:638|9af2f171-4ae8-48aa-8b92-deed2f405389	+
61:639|4e708afe-8fe5-481d-a5c2-08f88f7dbe3b	-
61:640|748797c7-5056-4a5b-9f8d-d526c7a8ddfc	+
61:640|75cb5bce-db99-4a4e-8032-e632dacb5257	+
61:643|1a1a8f49-286f-40ef-ad3e-0bc9fb10f480	+
61:643|7441fddd-9996-4c8f-80e8-a8668d586c60	+
61:644|50c6521c-116d-431f-8d8d-5379ab1bb726	+
61:646|bc04c14c-cda0-4fd0-b9c7-97287df6105e	+
61:647|21d2c380-8e28-4e5c-b70d-7338aeef48cd	+
61:647|b3b5f052-b83c-4c3c-9b76-e7208d33e25c	+
61:651|dbed6250-3082-45e5-896e-6f0649d6b0f3	-
61:651|fea3f7e1-65b1-4f07-81e3-b4f997d0064b	+
61:652|b4971ad2-64d6-4b1e-99a2-e4c86ae95a20	-
61:653|8f0730d6-3479-4b59-b09f-4d19d5be44a1	-
61:654|5d0ab83d-2186-41d7-905f-1a175b2c2231	-
61:658|5b009f9a-c1ec-4d4f-af83-29ecd112fe6c	+
61:662|4285d8fa-6660-4480-816f-a51237806f18	+
61:663|7ae92f8c-83e4-4d6d-be99-1133b130620a	-
61:664|c8cb0d6a-cd6d-4852-8376-ff113f09ef6f	-
61:668|ba0e8008-92f3-4e76-a39f-746812899c6d	+
61:677|793c357e-17c8-5dd3-8a5d-4e0c6e877e4c	-
61:679|0963589e-a6c2-4538-8e14-f80a34720f06	+
61:680|eab210d1-2157-4de2-bef1-734ad53aaefc	-
61:693|299ed57f-9249-4c76-a777-b64c91668fed	-
61:701|f9837ed4-2097-4cde-bbc0-b145c7149c68	+
61:732|6c1c95ab-9b04-4eac-9b22-6bba88f19694	-
61:732|95517fa7-3602-4249-9c91-d428a39ec23f	-
61:735|d8796e36-aad4-4002-9438-ec83218c53d2	-
61:736|f6830788-6b8f-42c6-b662-eeb37d39171c	-
61:737|cac77cbc-1ccb-44e7-8c2e-96bbefcc5aa1	-
61:738|2b14dd88-b8e4-4c99-9753-565d9d353463	+
61:738|e97f6ed3-fe87-42ee-90f7-bc57ebf3268c	-
61:740|aa3afb4d-e9aa-4c2a-bc44-d56d6bcffea6	-
61:741|71499fb9-f8bd-4da2-ab33-76953c199b9f	-
61:751|b0b18ba9-cddc-4cc6-8c61-cef9bc766b45	-
61:762|3cf5bfc8-5bf2-4bc8-8966-172b95f8ece1	+
61:766|45b50538-42f3-46ae-a35e-68a5dce36eef	+
61:792|f72db65b-4470-4e31-9c13-3a7ebb47d43d	-
61:831|aa4e5679-8c68-400d-9f66-56795867d4ee	+
61:832|697d8300-8b49-4830-8e85-6cd89e32acef	+
61:838|7ea1d515-f3f0-4e26-9414-c732b97d0c64	+
61:842|872f4c5e-d410-456c-91b9-9007aa2f829d	+
61:843|2e9c7d59-0654-4436-93d3-8531a5e1b952	+
61:843|c8109755-ea2d-45d3-bb8c-5d1e35d09f13	+
61:844|931102e8-c0cb-4a8c-b819-fb941a680608	+
61:844|95235b6b-8cf7-4c5d-a1db-510845ed8772	+
61:844|9c89cecc-e54b-4c12-8e96-ae832f010a7c	+
61:845|6dcf01d4-45c4-469a-90a6-90c848548ff9	+
61:846|2a97d89d-8cd4-4364-a1fe-7b4fc8a323f2	+
61:847|5865a3c5-72e5-4b08-8f19-40ccbd3afc13	+
61:847|6f0aed9a-c5b0-4c0a-b6ae-082c0c2c90bd	+
61:848|08caada2-c4f2-4887-a7ba-3dd22857da30	+
61:848|7290a20d-1d7b-4756-b50d-f88b23d72fbc	+
61:849|77a714be-dc62-4922-a6f1-b4b76c9e2e09	+
61:853|0662d65e-dcba-4439-8a1c-1f77e7c1aa74	+
61:853|6431341e-e12c-432f-b981-178a509958c1	+
61:854|6ada5f1c-4e03-4334-b494-75fcc7013364	+
61:856|faab9b54-0b06-4666-a8de-a0d443a81cbf	+
61:857|794edcd5-b311-44d5-86a1-710085a81556	+
61:857|8be10359-639a-40a7-ac59-1aa0b5225f6e	-
61:857|fd9bb02f-7842-450c-81b8-21ab724d120d	-
61:858|a0ea4056-96c4-41f1-ac1a-e842a0f717d4	+
61:861|a79db41f-c93e-4a8f-8d4d-8f374c240bb8	-
61:862|c7898b57-c0f0-48f0-93a8-e7a035b920f3	-
61:867|9ba29c0a-9960-4bc7-9c4a-10a76356e669	-
619:1201|33f435b5-e9c6-42dd-81c8-d149fe502398	+
61:935|992515e7-4090-43cf-beaf-9888f1959712	+
61:950|7edd9766-0547-40b4-ab1b-a129c33b667d	-
61:954|3e81c2e6-a81d-4af2-9f3c-81727e9569c0	-
61:960|97dada6f-b2c9-4600-9f19-73e703291fef	+
61:988|0ad2d670-930e-4962-b58c-31248301276d	-
620:1582|b2522e95-9996-423b-b789-664ea8783a13	+
62:1006|c20e3143-230e-4137-811e-a9bdce59bd08	-
62:1008|bed32fe5-8022-447a-8008-d81d98e7d042	-
62:1009|eda6e465-5c54-4843-935c-0160cf2e14ae	-
62:1013|01c9952c-bec5-469a-a212-6f611511fc0c	-
62:1014|7168cb0b-3489-4bbb-be13-aa9deaf857cb	+
62:1019|738016de-ff32-428a-9aeb-f0b9734d3fdd	+
62:1020|f7a8350a-c991-4cb3-85ab-e90d6c30af92	+
62:1021|a10d8dd6-4815-4904-bfc8-5edb950c53d6	+
62:1024|8d4aa79e-59d1-4c42-91de-e938d17fbeb9	+
62:1025|84fe70d6-a0c6-481c-8974-22a4aba8c5ef	+
62:1036|5e1e7976-1fac-4b57-b4d9-f642e4a9be92	-
62:1066|dda7e7cd-3f54-4f77-bc35-49f2cc87c3f4	+
62:1070|b1d47578-ea9b-44c7-b2cf-4a9db480ab9b	+
62:1135|c9d7b567-96ce-4626-a421-2068d8b770be	+
62:1145|df86a827-fee2-4dcd-9151-d2d170f1c422	+
62:1147|fe86918b-815a-4a01-b923-81aefc91ea24	+
62:1149|7b556011-2d79-420f-85a7-75eb584dd5f0	+
62:1150|98686e8f-f168-4a83-9bf7-f68087be7a29	+
62:1151|c982b3af-c548-457c-a358-72cbd97f6d0d	+
62:1155|673f761a-a561-4c14-bcea-7e88e1085a91	+
62:1158|7dd606b2-8c30-438a-bc52-e88823606b04	+
62:1166|cc213405-3fd6-471c-af0c-e769255ff1cd	+
62:1167|19bc4d0a-b75b-4eb2-b413-334fac7071d9	+
62:1176|0e078762-5cb6-4718-80ae-1a32fce5eb68	+
62:1219|2e83322b-5a3e-4f21-91f1-b329c68fc26d	+
62:1225|05cdf677-79e4-4137-aebe-ad416f1494fc	+
62:1241|e9c3b298-b135-4832-bc93-147341f577f1	+
62:1242|93ce37d2-6853-4f22-9db7-e6db7f47a3e0	-
62:1257|6858fb4d-a4fa-469b-804b-8ee82b735170	+
62:1266|f3bd104e-4cae-418b-9725-b69ef76c16e6	+
62:1289|c594056e-1f04-42fe-b22d-90be5961f6f2	+
62:1324|3e8511fd-ff87-4eae-ad7c-55f191f722fe	-
62:1366|d0ed62b6-cfbf-46d2-847a-10c289988856	-
62:1443|619142b8-1a61-464a-9380-d91d1d98a749	+
62:1463|65c522c1-f910-418d-bf04-3c6f98ab9077	+
62:1470|db1fff18-d5c1-498e-893d-bdc3488a9ff5	+
62:1475|c8566c91-bf8b-4633-8fb2-e5cbf023c09e	+
62:1487|bd11b560-e575-4cd3-8022-89134d327776	+
62:1495|fb4b6963-446b-4818-af21-9fd231dae227	+
62:1501|1c9fb1bd-dea4-4124-91e6-282021fe3df6	+
62:1503|ed11ae47-2b76-4f77-b920-04fe14a1666b	+
62:1512|ba9d78ad-4c3c-4b21-947e-bcf58316d0ca	+
62:1514|06f4228a-c379-411f-8aa4-ce29f988ff9e	+
62:1768|71d02a71-a87a-53e6-84b1-8a9c32c25522	+
62:178|d2e66f4f-0e91-4e31-91a1-c22399162f77	-
62:1869|d5d602e1-1428-464d-8d42-4be17e4966b4	+
62:1949|6dee4f08-61c4-456a-be5d-5812d02b1f0a	+
62:1959|de6c9cbe-a55f-42d8-86a2-1caa9c671a9b	+
62:2060|8a210606-a214-4d90-ac23-300c3485e82f	-
62:2087|09ce7568-c049-4642-abb4-b40802226de1	+
62:2087|6a8cf112-babf-42d6-8df9-aae0e90362a7	+
62:2088|a3bbee2e-53f5-4322-909f-05cac99df542	+
62:2093|c67d1328-b55a-458c-a792-a04128c1b1ad	+
62:2095|988e6f22-b733-4433-b739-fc3bd52ad311	+
62:2098|4b1baf94-cc1a-403c-8d79-8032831d7ebb	+
62:2105|e0595e5f-caf9-4ca5-a1cc-98df33bb1b3c	+
62:2110|820f4086-2d94-45d2-a224-36ef025ef668	+
62:2155|1c428bf6-9ba7-4dd8-9782-217fb7bad6b3	+
62:2514|c60a2000-a537-4ab6-8d6c-fe2bae317b15	-
62:2529|c054e705-2081-4711-8e07-aceaccaa52ba	-
62:2536|6f823113-8dd7-42f1-9be5-730704bb3c29	+
62:2564|ab35b492-e2c5-4f69-b1a2-c151c55aa84d	+
62:2584|01759e5e-b557-485a-905e-74f0c99abbf6	-
62:278|d7d0ef03-a870-4e4a-8de4-4d76703b51a2	+
62:298|230a476d-3fcf-43f4-ae74-dabccc04298c	-
62:327|22ee2134-2c07-4879-94bf-ca3863b2a698	+
62:334|2f9ba1df-054e-4b30-9be3-09a364ca286d	+
62:343|168aedc0-f458-4c32-8e6d-9e29cd7df908	+
62:356|e5f80214-ee52-4bec-8faa-379e475d2901	+
62:359|66888b70-b5b9-4ab5-b3d7-1dad39f624c2	+
62:367|ca78c3ab-26be-4923-8670-b41fc360d9a7	-
62:391|c0b65eb8-0bf1-4990-a0cf-d85f820bdf0b	+
62:4055|bf321421-eb98-41ff-ba3b-a81e56e2a102	+
62:408|0fb7f372-12eb-43c9-8bcc-877dc80d2204	+
62:409|0018b247-41d5-46f8-a7ac-532922c19627	+
62:420|197e0cf6-cb82-415d-b58f-cca821074acb	+
62:423|1871f46b-ef1d-40d9-a8bd-512a088071e6	+
62:424|75a9e9c3-daee-4fd6-9e8a-71265ecfdb5f	-
62:432|f3634cb8-05c2-4437-89d1-9d607835794a	+
62:440|1ed99623-7e47-4950-93db-4aac6a9eed36	+
62:441|a0c43f52-7cb3-41f2-9406-9c25c3b6ff5b	+
62:441|bb5d58ca-01f5-4a5b-ba69-52c5478404fa	+
62:443|105218d1-692f-461e-9ef3-47cda2a9e4b8	+
62:445|6df3127a-498f-41f0-891a-4006cb9fd13d	+
62:455|1212a885-e165-417a-953f-fca93af06747	+
62:457|c54dbf63-d525-4c4b-92c1-612375c7d0e5	-
62:464|3a76dd3c-1185-4f06-8f7e-9eb21861fae0	+
62:467|e463d5f4-2a2a-4603-800b-4d96e4af0355	-
62:470|2def75be-3e44-43a8-9705-3d935bce6df7	+
62:484|7b86f119-04be-48f6-9cbc-5e0481dbc1db	-
62:484|fba0a725-735f-42b1-bff2-295766900014	+
62:486|e564baca-d1b8-499d-99d4-d749aed42809	+
62:490|4a5b5fd8-987c-41bf-b6b4-6bcfc27d0b66	-
62:491|5b9ff1ca-1860-429d-9aff-4d538541e1be	-
62:492|134d0a9a-3c51-4603-b52c-29d643fc4874	-
62:492|3ff11fd9-0ce6-441a-9870-e883b1631b0a	-
62:492|61175647-e4a1-4df2-b196-ab5091a5e592	-
62:494|a9233850-c25d-4f44-9cca-f272129ca734	-
62:498|93df565b-878b-478f-a6f9-18e8a518307d	-
62:503|2ef694c6-0ebc-4e97-b7d8-f66646870a57	-
62:504|678a8bbd-a5f6-456d-bcf5-0b3e88dce73f	-
62:513|88e3913d-e7bf-42fb-bd5a-d2743b33211c	+
62:513|8920ba4c-569f-4aae-ab4b-cc6385090a4a	+
62:516|5a592df3-848a-4de7-b262-9edaac89f8e2	+
62:523|626d6d3e-0a92-439c-bffa-f01be747072c	+
62:524|083124ef-2f37-4f8c-90f0-f82cabebbe2e	+
62:524|1dac155f-32a9-41f8-a12a-c048f5cbcdb9	+
62:524|5416064c-94c5-4ecc-ab1c-2221ae342293	+
62:525|469f4e7a-f64d-4ef3-9fd0-9cf66ed6b5db	+
62:525|51b065e8-224c-5e93-b9f9-b59fadccc8ff	+
62:526|b1827b03-0e62-4b29-9075-d4eae798ce49	+
62:527|611852ba-6e95-4f41-8b99-de03367227b7	+
62:529|08093b13-d8c7-4378-9883-566b72700183	+
62:529|82a8deb5-27ff-473b-a7b2-41f6e0a06a6a	+
62:529|fbaad179-e1bf-4b75-8569-8bc2d4c05695	+
62:533|4d710761-702b-4b58-b4de-0e0fcec50ef5	+
62:533|bd7a8932-5013-4fff-af8e-4a8852d805d9	+
62:535|aa412091-0a01-4649-ae98-d2b4c2d68288	-
62:536|1bdf1b26-053e-4409-a172-9b8d45e4db42	-
62:539|4a2b7c75-e534-45b4-b250-8a4d393202eb	+
62:540|0ac50b26-1854-4b2f-b35d-d04afe6455d1	-
62:540|76494106-ad1e-4d26-83e9-bba59cf982fb	-
62:541|5efb665b-2569-4bde-834d-3a81389e4f72	-
62:542|1f622969-832b-48e9-a58d-916b2309367f	-
62:542|22258e1d-621f-414b-a5bd-fcbb4521cd25	-
62:542|644a67eb-588d-4a37-9044-8d998ffdc7f1	-
62:542|839beb10-c883-45b8-a9c0-147f17559ef7	+
62:542|9fa2836d-a09a-4912-83c5-6400526c7d12	-
62:542|efe90476-0f20-4a20-bb7c-e5faeeaa2788	-
62:543|52060798-cb21-440a-8265-74461234e43b	+
62:543|55cbc7a9-c935-4418-ad4c-56134f51be27	-
62:544|6cb8e539-763a-498c-98cd-860abdd3ab71	-
62:544|f169b64d-38c4-44a2-b00f-ce1b7f6f6f29	+
62:545|1de8996c-1f83-438d-b5ba-1bd66a7d0226	+
62:545|3014f06b-8533-4775-90a7-a1aa9e48b480	-
62:545|dd88137b-8afa-454c-b24d-4b6ab8ffe898	+
62:545|ed209693-4967-46ac-8380-c517e1da089c	+
62:546|06d171c1-28a6-4fcf-9597-c73f96cd70a6	-
62:546|80803d1c-bcfa-4611-b7db-873102a96cac	+
62:547|55369ad0-3c98-492d-aa68-3b721db2a990	-
62:547|a450c305-488e-4dbc-bd4c-53273cb45f6c	-
62:547|b006f3eb-120c-474c-89dc-3302a1580463	+
62:548|9fd06926-81f6-466d-97bf-798376fb9b8a	-
62:549|194418c6-50c1-4777-8321-fcd03ef8b60f	+
62:549|2f8bdbfc-780d-49cb-8efb-b0de0876cb48	+
62:549|4d0dfb12-b5d1-4e46-9b74-ab0d624ba96f	+
62:549|5efcf391-3fa7-4fb5-aa33-69f499441be1	+
62:549|829c518b-3365-43dd-ae48-d9acaaaa2e0e	+
62:549|935feb0e-ec0e-4337-a4db-f309baae097d	+
62:549|df73ddf9-9d52-4d72-81fc-47d0facdd61c	+
62:550|ab6f12e1-d16f-44b7-8f3b-ec1b75862517	+
62:551|35b9e56e-192e-44bd-9ec2-655e28b53df7	+
62:551|72b00a55-8b00-4f5e-b1f7-2e1610a966de	+
62:552|216af514-df5f-4154-9a65-5c4f68e273e8	+
62:552|5e5440f2-aec7-4a07-9cd2-7d788d663096	+
62:552|643435d2-d332-4fbb-9033-25c9f647b87d	+
62:552|8690f120-18c2-43ff-9870-42800e349640	+
62:552|ca99f338-c295-4b32-97dc-55e3c60005ff	+
62:553|bbaa6481-5ffd-4a93-afbb-b5d418ddb35c	+
62:554|07e53146-1a82-4c5b-a117-21c2a8204ede	+
62:554|2b0fda69-0d8f-43f7-b1c9-89359e0eda66	+
62:554|448d9bee-80e1-4784-b013-0eced9bf4903	+
62:555|9388bd3a-e4f8-45e4-93c4-eb5bd2778ac1	+
62:557|90cd0440-4d1c-44ec-bc32-f6d9c9161e5f	+
62:558|3f75a52a-98aa-4740-aa46-5497373ede35	+
62:558|42974d85-0852-43dd-8de8-f2c2bd8d8d11	+
62:560|700cd92b-ced2-40c3-8eda-72e26a9b77cc	+
62:562|3bd171a4-c252-4fc1-9fa0-e51303dc2358	+
62:566|e3862eb0-043a-4baf-b9c5-3ac7432d21ca	+
62:572|360ced8e-d465-4787-bb81-60a2061422ac	+
62:572|b5bfde83-62e4-4196-910c-0b3e0e49b11e	+
62:577|6a431720-fd2b-49b8-977c-87fab0310ceb	-
62:582|c7c9741a-8a82-496c-a804-4739747bc7aa	+
62:584|cf7e111d-574f-453b-9fce-a498949c92ff	-
62:585|3fd99fbf-ac06-4a08-aca6-ef9d06abd4ff	+
62:590|84a07e22-67a2-4942-b58c-80ca4d87ab79	+
62:591|9d9cbbbe-8623-4605-92fd-cbd32a6f6514	+
62:592|ca1cfac8-2bf2-4d40-bcdf-7248c499cd04	+
62:593|7402e873-20ff-4607-9eee-4cb27557c537	+
62:593|b33fd064-c413-4c67-be7c-037b5249ab13	+
62:593|b91687dd-70c9-4c60-a4af-3b5b2b2a470a	-
62:595|6ec63d6d-2a39-485c-b9f3-461fb3d2acbd	+
62:597|30f89086-24df-41df-8c0b-8d8b647799be	+
62:597|7b2eed67-d11e-4767-b1b7-03ad405adcbd	+
62:597|7d774096-feec-4a11-bdc1-491bdd807260	+
62:597|86b0d071-43bf-4adb-bb2b-b1e4212e0781	+
62:597|a2b327ea-251e-4a8d-9e45-5f787e67e31a	+
62:597|dd207890-0377-44c7-a42b-102c58edf8ec	+
62:597|e1da7743-81b2-4f1d-b920-3838b811b622	+
62:598|a1ac1696-f46e-4e67-aefa-44fa9656f293	+
62:598|dcb53cc0-748c-4db0-b319-cb22f553e41f	+
62:599|252f0cfc-002b-4046-b517-049e361378e9	+
62:599|e7c432c9-c881-4762-9020-5aea2c533b4c	+
62:600|aba26398-15c8-49eb-b1ab-d370a3affd38	+
62:600|e93795c6-0320-419d-b113-e9a957958c66	+
62:601|df1502c5-1fb7-48e6-a76f-179f710ac0f4	+
62:602|39e06574-5b56-4be7-8663-d92d0cfaaf7b	+
62:602|4ef0666d-eb82-41b8-b8b3-85c721b21b22	+
62:605|322b0128-609b-481b-87c8-68c618084db9	+
62:606|c3f23f74-dc6d-4868-940b-8dfeaf363e76	+
62:607|31039408-73cc-4e4f-bc88-1ab11eddc686	+
62:607|b44d081d-44ec-474a-8ac1-4721b8290165	+
62:609|33ee8103-c8d3-4ca7-b6bc-ff767d51101d	+
62:610|2b6c5b5c-5b49-4f63-b309-2a50c5e1a783	+
62:611|62529d28-f674-49a7-b643-ac634f68c74b	+
626:1207|8539ed3f-6cf7-469d-bac4-42425efc7d9f	-
62:612|ba04e896-ae81-43bd-98bb-9600bbcff140	+
62:613|8b42638b-bf62-4e3a-afc7-2441cd25d8c3	+
62:615|3ed5fe02-52d8-4546-b925-441c10da8b0c	+
62:617|905355aa-d3f4-4fb3-abda-a76a77116a7b	+
62:618|e99d3e27-8832-415f-866a-d4e965cb70c8	+
62:621|1a5800db-0194-4f64-bc5f-4de935cb15ff	+
62:623|e7b625b8-55b7-408f-9cda-0f1b6d5eb2fe	+
62:626|30355e13-8c6f-4315-b36b-d9f60d69604d	+
62:630|360f1f3e-8691-5b03-9764-f56c2db48b08	-
62:632|46a82b46-2823-479d-a67a-8dbea4d632da	-
62:632|ddba0927-907c-4390-bdba-d66e9aa10c9a	+
62:632|fe8c7d5a-d187-42ba-8af9-ceca6c979e91	+
62:633|00e589db-0024-4b7e-81ec-28c3326acfb6	+
62:634|27fbfc19-6fef-428b-8fdb-c28bbfd633e9	+
62:634|5644664f-698f-4cca-acf5-6766700588b0	+
62:636|ce813bf0-9637-4940-9eee-94cbb519082d	+
62:636|f8e48584-e467-40bd-b20d-90ce25a30bf6	+
62:638|3ab683d9-dfe8-4dc4-9f27-30a0ab3a350b	+
62:639|6cc27d34-ce02-4436-83ff-d42d59729338	+
62:640|279bdae0-ec03-4f72-ade1-28c2d35886b2	+
62:640|74712f8f-22ed-49f3-b3e7-cbf44708bdea	+
62:641|3215d555-6be2-4e25-80ad-b65428412979	+
62:641|94b75301-8bb3-42d7-a234-503b709462f4	+
62:641|f0eeb0fa-45bf-4217-9c80-0b2b97fdc2c6	+
62:642|2b4c264c-8bfd-42dd-9c51-bbeddaac31bb	+
62:643|5c7f077b-7dd5-4172-beb9-15f86da47b57	+
62:643|c88a9ad7-01b9-4fd0-9deb-5347f28c9b84	+
62:644|7d5ab361-09ca-47fa-aa64-c1b1e1516f4e	+
62:644|f8e1d05e-7fa0-45d0-a347-150a38f0f295	+
62:645|4fda936f-f7a0-40c8-9d31-19a4cbfdfde0	+
62:645|dc115bb8-513b-400d-9cea-8f0ef18eba32	+
62:647|2cb93e4e-a549-4a36-8873-29adab614604	+
62:649|f26ff1e1-41a0-4b55-b11b-db2e34b568bb	+
62:651|435f5658-7d1e-479c-859d-cb6cc368bb78	+
62:651|d600b6d2-b390-4ba3-a51b-5c7f94207935	+
62:653|eab85960-9003-4a1a-b42f-762791ae6edc	+
62:660|c8563843-e703-4801-8d5d-197a7a0484e2	-
62:666|30533357-df18-4f99-b2c6-bc13e461e8bb	-
62:669|6748cca0-9679-45db-a839-1f83d306e30e	+
62:671|a817fe96-fea5-4263-b89e-6e79787f4d5d	-
62:676|6a60aaa3-0cc5-47dc-9443-781714930240	-
62:678|56441785-1b4e-4315-b57e-dc929c855546	-
62:682|08bed8be-acd8-4940-a97d-636f666e209f	-
62:690|e604bf7a-4f3a-46ba-8188-0493536f71a7	-
62:692|c1dd2bd3-df7e-44eb-917f-272dbf21c454	-
62:694|904af713-f18d-4e82-b463-cd3d73b13b24	+
627:1108|76760c72-c050-4c36-a8ba-521317f43433	+
62:724|e692a7f0-686d-4a4a-bf1c-8785fb588825	-
62:727|c9a4cf8a-b639-4eca-a17f-3f80603b1973	-
62:730|5c90d897-63cc-4c5a-b6ad-a60e344bb6d1	-
62:734|b3c88fec-489a-4b20-a687-4885e9aa5813	-
62:734|d044fb7a-92ba-4443-8c5b-be3d82953d51	-
62:734|e7764b70-c565-463d-9ade-73edef12a00f	-
62:736|b6c8853a-75b0-4554-b95e-fc9f3147cde3	-
62:737|281474bd-fcdc-4b57-85ab-eb11cb66abc5	-
62:739|40f8de09-2b00-44c0-8461-418abed32fec	-
62:758|74097174-f517-46bf-92b4-9617d2a72d22	+
62:812|7afd5a5f-b10c-4cc5-933a-4ae26c1cd52d	+
62:813|01fd3005-7514-4c83-bec4-f510f63bf7d1	-
62:838|6fe65403-a822-407d-90c7-e30b0eb6055d	-
62:840|946ce7d1-e1ee-47a0-ba83-2f95e42709bd	+
62:840|af6632b3-9812-42d1-a12d-574129d2791c	+
62:842|0290db31-cfe2-45e2-93b5-ef3f5aa02d0f	+
62:842|77b72c0c-755f-4231-933c-1ffcf2a1af6f	+
62:842|b7eb4c55-07d2-4e20-ae7a-ac82d224bd98	+
62:843|a2c70e39-4866-46ca-95e0-882de825e203	+
62:844|673db941-532b-462f-a6ba-32d5db582945	+
62:844|befa288b-7c80-456c-a10f-e78e4c0c4638	+
62:844|e11b4647-43a5-4922-8077-02aef1cda80c	+
62:846|1d6e867f-78f1-45ac-95d1-da1a51d8a903	-
62:846|1e6720b6-0dd0-498a-8346-011257772397	+
62:846|24a72e3f-47e2-471f-9612-9d426ee1d3ac	+
62:847|120310a6-0f9c-417b-88e4-0e08508b8787	+
62:847|6c9bc5bb-b3f8-48a9-93d1-3ff5510480d6	+
62:848|155360c1-33a8-4fb5-af33-52f6a8eadbae	+
62:848|eeb9bcbf-6e08-4683-9b3b-84d57caabc1d	+
62:848|f17cf02e-c317-49ed-9401-46f9eb6a38d5	+
62:849|54d10f5a-7244-42b7-bf20-bf61137fed9e	+
62:850|6f215d5c-b973-4cbb-926a-5c534c5054c4	+
62:850|dd28393f-13c7-4190-8022-6b653cde1acc	+
62:850|eba1233c-5fce-4777-99ac-52432060ad4b	+
62:851|787239d6-8dcd-47b9-9c7e-d6c2c6abf628	+
62:852|400a7c58-ccef-46f5-91c0-4cfda75785a2	+
62:852|4584eb52-d61f-4b50-8e4a-c98524e3fca9	+
62:855|402aa711-6e8d-43a7-8751-5875cef1f0b9	+
62:856|52accee8-1e78-47bb-86a1-64ddb7a12850	+
62:856|80dc3abd-7d1f-48d3-99ef-ea2e1a0a9303	+
62:856|959979b9-eac1-4a25-9845-fa7e451337ce	+
62:859|c287f951-dadd-4d10-89e2-d38e85ecad94	-
62:861|21a031a9-bff1-44f3-a616-b5f2e7f32fd0	-
62:863|edf01568-1434-418b-ad0f-eb53991fcd91	+
62:875|f112c583-11d6-4ac6-81ac-e8397c1b2538	-
62:896|07508e85-45ec-4846-9dac-134dfd947d09	+
62:968|ccc4db08-ea3e-4c7f-8f40-ee7a517adba3	+
62:984|2493a748-aacd-439d-b536-7a0b30f6e442	+
63:1010|5e8b8315-3731-4354-aeab-ab592642af6f	+
63:1012|0b11f1bf-86e4-4fd6-b909-85e86db14f36	-
63:1016|ea7c1187-f8aa-42f1-847b-a7d4435cc3d6	+
63:1022|7d093973-7231-4fa8-b78f-789cd6f759f4	+
63:1026|d233e00f-ec24-4199-a15d-e851054dc7ba	+
63:1046|3a8793a2-99c4-4f02-a8f0-0c1b8786a553	+
63:1054|c0a5f034-5458-4d64-a8b0-3f37d322fae4	+
63:1073|95a16e40-8bc4-40e6-ac29-d2ea24f845a7	-
63:1114|5ef1b481-fbc2-4cb7-b372-da3eb7346645	+
63:1136|43ade06a-7dfa-4b4f-a972-e743f414a812	+
63:1136|9952297d-a321-4701-89ec-2d6536bb7f9c	+
63:1141|d6447139-d0e4-4c64-b09c-ffae6a0f5362	+
63:1146|fb60acb1-27d3-4da0-9997-8316433eb47d	+
63:1148|f220b818-3872-4383-874c-680bf278919e	+
63:1151|21d56b35-0bca-4316-9544-a80fc939826f	+
63:1152|2aaa2c3a-795a-4a9e-a2cb-ff11f6282fee	+
63:1153|bb978bf1-ef3a-4d60-a548-f0cd09f16bbf	+
63:1155|3140f8bf-8b1b-4c88-902a-1c98c246e2b7	+
63:1157|5dfd4119-0328-441b-a69d-ed6b819d8d92	+
63:1159|2b34396a-a909-48e1-8b00-72e071debccd	+
63:1161|08382e66-0e50-476a-8d59-f25350e10e18	+
63:1174|5d64c1c4-7d82-401b-868c-b37813e0c533	+
63:1176|3250348c-7d22-494f-a5f1-9bec7e497021	+
63:1223|1181c918-5a52-4cac-bd17-bd20b5bbbc49	+
63:1226|2b5b960c-98f4-4665-801c-d031cef11ce8	+
63:1271|415f19f2-865b-488d-9f5d-2ca4fe8ca06b	+
63:1356|ddc4215b-a7fd-4401-b9f5-7681ce155001	-
63:1361|384a5758-e414-4ae3-8429-19658b8253e9	-
63:1362|38fa60e5-9051-499a-8653-6d2a054cbbbb	-
63:1376|4b11f43f-2eb1-47ef-a7c0-2d90b0b63846	-
63:1433|02d67757-71ca-4e6e-9a95-b195472705e6	-
63:1479|76f24fd4-96dc-4793-839f-89fa43389061	+
63:1498|224232fa-ecd5-4918-9ea7-4d065ee17f24	+
63:1501|1f7d13a6-8d9d-4ea4-97bd-bffd83b6e22d	+
63:1501|557dadb4-5c2b-4477-817f-fa9d0ed3cb21	+
63:1517|e58b25cc-34ed-405d-968b-aa8fcf32aff0	+
63:1705|543a3145-851d-4c5f-bcb2-8d1d3621d431	+
63:1715|b161422b-0d26-4f2c-bd66-8dfdab9c12fb	+
63:1837|39a19376-f545-417c-a630-b94b54ebb02c	+
63:1870|9ba0139c-5340-497b-96ad-782a5bd522c5	+
63:2072|e7249c2e-83a3-431b-b5a2-09323fed4d94	+
63:2089|f2a6726b-6996-4ff3-acf6-b37d63704b3e	+
63:2092|1b2b4c75-d656-4120-b903-404fd3b9aa86	+
63:2093|5adc6821-9fec-40a6-aad7-e7b1d9135cd7	+
63:2094|09e8ffc9-02c0-4d27-957d-e43d0398a6fe	+
63:2094|40e369b0-c732-4892-9787-da43f4d267fc	+
63:2108|d50d05a7-8d71-4168-979e-d1506c830217	+
63:2125|8c9c9f6f-8d4c-5c47-870a-ef9bfd66ff2f	+
63:2130|31dfec36-b08f-4607-86fb-3a2fa955f825	+
63:2318|b5a6f18a-477d-416e-a32c-184457c6b8e7	-
63:2515|57d68f19-96f9-46fc-9012-0e48fffdee25	-
63:2538|ac1d0ec6-4d17-4bff-8eee-622cb4d4b3e4	-
63:2538|b7196edb-7395-4aad-89b2-2a85ac21983f	-
63:2551|b9e27127-5cbd-4ab8-bb76-00052bb343d4	+
63:265|fd229dc0-d44c-4702-ae45-6cc4630a528d	+
63:284|133da6cf-f8d3-462f-aedc-643b12265ca8	-
63:2920|afd0e63f-716d-4e95-bc9d-b12c2715f41c	+
63:303|8ce2c06e-5fb7-41a1-9318-50b4cf575439	+
633:1150|ee2de1f9-eec0-4812-8a12-29465b73cfc5	+
63:319|7fbcb7ff-48f0-4551-8f5b-4f833ac72593	+
63:329|40cab722-4b93-42d0-b46b-cbfac4cd94f8	+
63:347|9052b410-5bf9-4589-9f42-a90f9017bdd2	-
63:360|f8574075-8a57-4246-a95e-bef6febcd6bb	+
63:369|df8a79c4-2180-4d07-af4d-0ffb67116978	+
63:385|d04826da-e274-44f8-8f6d-e74463ee2fd2	-
63:387|eda81fa5-41e8-4d71-b5fc-0599abcb335f	+
63:389|785692d5-6ae5-4649-a4cc-36ec0ab08c70	-
63:4062|e426be70-c600-41d6-89f2-a795571620ec	+
634:1112|1f3eed5d-6c24-4205-a681-5adf1bfccee9	+
63:415|22cc4934-bbae-4fed-9f59-24745de854f9	+
63:444|ec372f28-d447-4299-8cee-15e24bd2abca	+
63:445|fb0cdd67-f94c-4001-a884-699ab195f535	+
63:449|44a65c8a-b017-43a8-8aad-400c1102900b	+
63:451|43346d0f-cf07-4514-9f71-690acaebd29b	+
63:457|4556fd1b-0c37-402b-b1b2-f7f074562912	+
63:461|9b7da946-3346-4a47-9b97-9775d6682bd3	-
63:465|e17f875b-af85-45c7-bac8-ea00953dbbf1	+
63:474|e840221c-2650-4ba7-a62d-a743a6f71c95	+
63:476|9c69dd11-d6fc-43fa-91e0-88207aa4215e	+
63:489|8e0f477d-ab8c-4e29-9c54-eab5c538a0bf	-
63:490|744c2989-1516-468b-9fae-8d0f3183a024	-
63:490|8946934c-8f1f-4ee5-ace1-0883d489e12e	-
63:491|0d6390ea-eb71-40bb-a5ef-06515fd49d5a	-
63:492|51e7c68d-448f-49fa-ae37-d3bf8d63472c	-
63:492|9acd7765-84b0-4f9c-bad5-6a5754f856b2	-
63:492|9e4aa93a-2775-4cc7-9917-3cc47f8061ad	+
63:493|4041a0b4-df78-4910-8472-ba89ace7d196	-
63:493|76831374-22e1-4b08-bed1-daf2cf7f926d	-
63:493|c0e00b07-222e-4889-ab04-3cdfb046935c	-
63:497|0f801eba-83c5-40f5-9fa7-0f40ca7c7d00	-
63:499|904e4fc1-2fa2-4bbc-bdea-881ead4cea45	+
63:500|720e80dd-1f30-4be1-8ec0-a25304e36e1d	+
63:509|cd502444-ed44-48c5-a962-d02690b00791	-
63:511|0a7333ff-524c-4e45-b220-bfd41d094243	+
635:1122|26769512-f2c7-421b-8c70-c85587dd0f3e	+
63:515|11a94392-a242-43de-ab0c-64a672675c22	+
63:519|d1015a15-5871-4683-a0e4-3f6a25698937	+
63:521|0e6fcec6-bfe8-4bfc-84ec-2a06ca6e0649	+
63:521|ec9f8ed5-ddfa-496d-8885-755e72d5d790	+
63:522|985787dc-8fb8-44c7-b91f-22dfeb77e68a	+
63:524|1004ddb3-6980-4360-9a09-836369112874	-
63:526|357e6b32-3b2b-4011-adba-002e1b8aca76	+
63:526|f7fcb2ea-cada-447c-b703-157aa8a053ae	+
63:527|e91b08b3-8874-4f1c-81c7-392761cddd39	+
63:529|5df605c2-5f59-4c08-91ec-3a3d2f58b7ab	+
63:530|6dee1043-cca8-423a-9199-1c70e7d54185	+
63:532|28406e89-7af4-48c3-badd-1c10d9ca0a3f	+
63:532|f5df9e58-d36b-47a3-9689-a8020e96814a	+
63:533|21d32512-395a-4eef-a7da-ff64066c9b71	+
63:534|52c3a422-b243-42cf-bd87-84ff22c92ccf	-
63:534|7c473049-293e-460a-8ab2-882ce0f84a5e	+
63:536|c0830fe9-c79f-4c5a-bc05-81e330ffd4b7	-
63:536|ffe509db-8e8a-4d0e-9157-62f21d0c6470	+
63:537|55927c36-d295-40b7-bb4e-c5ccfed9f82c	+
63:537|7f219510-74e8-4d38-98d1-7c45b4b5d3a0	+
63:538|a7dd0f0c-bd1a-4814-8dd9-4121b7e2d4ed	-
63:538|b4edd6b6-d0f3-4644-a659-8ab70c0a8080	+
63:539|869a20fa-cc43-49b9-ae8c-208f6c453cd4	+
63:539|f9632d36-90a4-44e7-a438-8512c547da00	-
63:540|42373abf-9c5d-463a-843e-698401800ccc	-
63:542|118f5234-df6c-4741-ba37-211349b786e9	-
63:542|1b3576eb-48d7-4108-adc8-671c8297c883	-
63:543|f1c9f192-039a-4a1a-8a3f-ef30b9a310b1	-
63:544|c7ae377e-8c56-4752-a91d-deedb711f20f	-
63:545|0a9606f3-f178-4fc4-87eb-bee73e776a0d	-
63:545|161c1934-ecae-4c22-84b6-8e18ca43b105	-
63:546|0231a3e0-fe4f-41df-afa3-b1980ba5a3e2	+
63:546|2dadc410-096b-4c34-be36-9f0c673d32fa	+
63:546|88ab1765-2576-43ed-9fe9-7169f50ddfbc	+
63:546|9d13d3b2-e411-402f-b5d5-1834fad7038e	-
63:547|8c3b17ab-f0e2-459e-86c8-c59ea1e6fb3a	-
63:547|947adb12-9ffb-4230-98c9-4574b17fe952	+
63:547|9a8db277-d277-4664-89c9-ae62caf1763a	-
63:548|10316992-19ba-4a46-b751-f210315b30fc	-
63:548|3ed4348a-ac7f-4cc6-ba71-e1f5171237c7	+
63:549|5be55719-97da-40ad-88b6-fba904d0c564	+
63:549|db62ea81-32dd-4dd6-94b4-a762fcf1dfe5	+
63:550|fb3afffc-51ec-49be-b1f3-b23a50549530	+
63:551|f8ec7428-5f51-4640-8310-f59879063b16	+
63:552|0c7da6b8-a917-4c9e-84e4-f5deb8de78cc	+
63:552|3d1ca472-7ca8-474b-b541-5b1bf6ca762d	+
63:552|70e3be01-7bbc-40d6-82f2-4a6961b59557	+
63:553|0c27c8c3-7dad-452e-aa94-a4ed4944dd85	+
63:553|6e1dbc9d-9f73-4b6a-8ce1-f5ce7ff9d782	-
63:554|8818e46a-fccc-4326-9c89-39bbfe25d22d	+
63:554|a92b97d7-4ef5-4492-bdfd-0d309aed89e0	+
63:554|ce0cd167-4698-4f33-9033-8d42db66d56a	+
63:555|9f3f7f63-a126-451f-85b9-203021e82888	+
63:555|fb47ae97-d9ce-467b-b21b-157d09052f3e	+
63:556|de0e628c-c2e8-4ce4-8ea7-1fd35552a04c	+
63:557|30ee0f36-5014-4ebd-b2aa-4c1e78edcd64	-
63:558|0e4cbbc6-082b-4dd6-a6e3-03530adbc37a	+
63:558|af9bac8b-c4ce-4a1f-9282-2c5d6782548c	-
63:559|22da0ad4-1085-485c-b6ac-1f7e136d813e	+
63:559|289a4559-db17-4663-971e-a45a2c5c5c37	+
63:559|6062d9bf-602b-4b8b-aeca-65c13f577cf7	+
63:560|9b7d2a5a-4653-401e-9b9b-b353f14d6e4e	-
63:561|ab2087fc-c4a3-46c4-a846-c5d603dcc4a1	+
63:563|4b6b2bbe-f827-4221-a822-7842b90be5ce	+
63:563|5e1585bd-0a5b-426a-9642-1c7a78f142bb	+
63:566|cc37523c-3465-4b79-8448-c430f64977af	+
63:567|1dac5b8c-0afa-49aa-92e4-1e205561dce0	+
63:569|af97f9d6-cbbc-4bd4-839e-085dab2693a9	+
63:572|4ea90d23-50fc-462c-a51d-a94fdcc0657e	+
63:574|720f9366-570a-4c0a-b00e-59bdb735d091	+
63:581|13dabd2c-0704-48bd-8cf5-cc55b1cc2f5b	+
63:592|a2ddfb6f-fc0b-41a3-a052-68a40e77842e	+
63:593|d46d1ac5-7705-4d2c-9e28-6329d0b24eae	+
63:595|4ad4ddf7-dac4-4db1-b185-de08fd7f280a	+
63:596|69ac4148-6873-4817-9ddb-2114add803d6	+
63:596|aaf74179-eeb7-4684-ab9c-0713600aa035	+
63:597|aaaf14fc-34e4-4b16-8d75-f48db7a5d81d	+
63:597|c93afef6-92dc-4b1f-b9b3-741d8d9fe11a	+
63:597|eede0af5-80af-4604-9cb0-385c7c0f5b1e	+
63:598|8148439a-fa3e-4c88-a6a4-81e270d8f813	+
63:598|aec6b668-f034-4b25-a62a-2233793b72eb	+
63:598|c73b1021-4b3a-4008-b019-65ca1bfc3cf0	+
63:598|fef11502-0530-46f8-aa4b-511d37c75987	+
63:599|2e4c8e6a-7e17-4321-a78b-440e8cab5281	+
63:599|3d2acfe3-4cb0-4a47-b3a6-f862a964250d	+
63:599|416de84e-1a6c-4479-9ad0-804b4cb079f6	-
63:599|b7bfda8d-725d-471d-83e8-e47b923725a0	+
63:600|1fc053fc-e105-4bdb-9f2c-8a46f5e76cbe	+
63:600|c8725262-8fb7-43f9-9c3f-de1afb53c245	+
63:600|d1226be5-4f79-4193-b90f-3f90ae08d4d4	+
63:602|7f22a8ed-cae7-4605-ba51-f957c1eef861	+
63:602|c96038e1-03e8-4665-ae71-d455f73d10f1	+
63:604|d28b0b73-905e-4119-bba3-e17e35bcece7	+
63:605|1633e2dd-c7ef-495b-a451-e76b378eb0f4	+
63:610|36d4d02d-9609-4955-a065-d131964ffab8	+
636:1158|65e0e0c9-87c7-432e-a74f-c33fafa081ba	+
63:612|023e85d3-da84-49d8-b672-62e93d15c5ff	+
63:613|00f9d4b1-7273-42b2-97fd-ed1c6726c68e	+
63:614|f52aea5c-7460-47dc-a1cb-d31c9140d4c3	+
63:615|0b9c9374-319a-4955-982d-db2dcc74c2cb	+
63:622|0720e1c3-9c25-4c5a-8822-768e4a8031fa	+
63:624|cc92e719-8db2-4f69-a7f6-29396f693941	+
63:630|c0a2e00e-4981-4f1e-a097-dda7e707bb57	+
63:631|0f30efa2-ae98-45fd-88e6-7b169a45d8e0	+
63:631|22084039-c33b-45b2-90f4-4251b114c4f1	+
63:633|6869843f-9b2c-4ee7-80c3-60fe259a1636	+
63:634|8f01d254-808b-4a44-9717-824605c400cd	+
63:635|2d71391d-ed97-4d0d-8d31-92513630c24d	+
63:636|122e09ff-8827-4158-af92-62104ce928f7	+
63:637|07d23675-08f5-4377-b8d3-574339685f6c	+
63:637|58d31ef5-509a-4d48-9ec3-bd2ee21bcbb2	+
63:637|5b17c471-d5d9-450e-9a00-af8407b1f34d	-
63:637|9e2ad9db-c087-47ab-9e80-210a2ad9b2f8	+
63:639|14484e1a-a1b5-4a7f-b64e-7c4dee9358f2	+
63:639|40cd40ed-45d5-42fb-956b-e9a081f07de5	+
63:639|41080a35-3503-4b55-a6ba-6b82ecc56047	+
63:639|d0060140-3857-4cde-bd4c-3a10cd7fe835	+
63:640|484d56e1-cf09-4890-83a5-811a2a693e39	+
63:641|52284700-2cf7-46e0-9662-53bc0cc122f2	+
63:641|5d7efea4-ee2f-4ac2-84d8-09aa7e8d7e5f	-
63:641|5ed7a2cf-446c-4654-9e08-4b29a188260d	+
63:643|1254b520-4020-4509-8538-baa45cba6f84	+
63:643|4cf55c21-c1fc-442c-b282-d63287ee9ad2	+
63:643|71cea483-c9d6-4cf7-b095-2184c923963c	+
63:644|81375c83-c840-48f4-afcd-d8e51b0b902d	+
63:644|dbfc3e24-d503-49e0-bbee-99dd1c9facce	-
63:645|ea45b46e-9079-42c2-840f-62a666b32c51	+
63:646|752ddf85-57b9-4e7b-9b72-1efa1f697ce8	+
63:646|9a67f004-d50f-4da7-82ab-84987e4a34ee	-
63:646|be9497f2-935b-46ab-819f-be040b501f12	+
63:648|fc9fe946-02f4-4e2f-88d5-2e64cf1463b8	+
63:649|6b142b97-9244-44a1-9198-ae46a5c1b2bc	+
63:649|79de2cd1-05f8-4a4b-adb1-0c389df72139	+
63:654|9869779e-691a-4fa9-9aa8-6be9295a0813	-
63:654|b1a69e6e-fdbc-413a-921b-726c8d89c323	-
63:654|d9c8479c-41da-4658-b105-681b3dc81799	+
63:655|13b5d1bf-1d5f-4f57-be9e-14263bd55a2b	-
63:655|37eea243-65ba-490f-9b59-33f918c3cbdd	-
63:655|c57944ff-b099-4606-bd57-121129443ca8	-
63:657|bbb5b890-371a-47f6-b8bf-953ca389b483	-
63:658|aeeb6683-f520-4d85-a2f6-6c44545a78fe	-
63:660|05d46ca3-3e56-48f1-a167-5d9a4cb6329c	-
63:676|186d7b1a-728a-4ec8-8687-d81596d7b28a	-
63:680|5e47909d-199b-4347-875f-66daf1ac5867	-
63:680|b356f49c-2363-4618-ac9b-2cf1655da155	-
63:681|d308a913-55cc-4f9f-88dd-f81773b51f2c	-
63:682|e7cd0942-f147-49dc-adb5-3def37bcfe0b	-
63:686|0d8dbe4b-bf49-4e52-ba61-14912d841cc1	-
63:691|59cc6361-b76d-4764-99eb-7eb96baad347	-
63:694|a75d659d-ceba-4397-aec6-c6159cf3077f	-
63:694|b70ad095-cec8-430a-a2a4-c093e030c663	-
63:709|d0ba5ec1-a3cb-4a3c-b82d-3af126023775	-
637:2584|4424bf4c-52f0-4fae-b30c-065c8ee9e7bc	+
63:736|aab8243d-95eb-4ec2-87a1-c40a8ea74c87	-
63:737|51522fa2-548d-40ab-9cac-d74cd07207e7	-
63:739|71faff9b-ec55-484b-a3dc-e66e2cc74b09	-
63:768|6a9ee81a-d4de-457b-946b-ffd27b16ca6a	-
63:772|23cd9696-62f6-4eb0-a3a6-d6996d2e58ab	+
63:800|85638136-3829-4484-8258-2c1595bd1fc7	-
63:813|eeb49b97-0e8a-4982-af2d-2b5695ab2d2f	+
63:823|422ae0a9-b7c3-445f-9441-3269765fd5bb	+
63:836|90e899cd-bde1-4844-b492-b94c6ace4587	+
63:842|11e2afa2-e578-4a93-954b-f2058f0efa0e	+
63:842|22c99d74-2ab4-478f-ae03-688bc35b2c1e	+
63:842|91f61425-c4b0-47e9-80bc-d324559e227d	+
63:845|e0c79f8f-b569-473a-933f-8fb9bebb8153	+
63:846|2832e369-fe13-4f69-8da7-ff4b0a30b002	+
63:846|2decedf3-acd2-4158-af57-dca3dbb29347	+
63:848|3b1eb374-be6e-4eca-9465-991fb710cc94	+
63:850|d913fe51-65c9-4abd-8a0e-3338f3fb6130	+
63:851|6d7d1b13-2f07-44ec-8a54-a50f1ed3b844	+
63:852|5f6676f2-af2f-4c0c-98d1-c38c96d556e3	+
63:853|27fcfa7d-edcb-4d4c-acd3-808971b6bbf9	+
63:853|3ec2fdec-5e8d-4ce1-9ce1-af68e00489b5	+
63:853|a6d7b956-094a-4e38-a50c-c18b258d0e46	+
63:854|0beacd06-c924-49ec-8f56-95569217b8d2	+
63:854|91792991-bfeb-4031-bfee-87c031f0e1c0	+
63:856|659712d6-c750-4ef0-82a2-06758096eaf0	+
63:859|97afe29a-dc78-4938-94ae-d0a7bd6084fe	-
63:862|e24e0cab-6c62-4f20-8daa-57451899a947	-
63:932|b8b0876d-63b7-4e93-9d2e-ebcf36478c04	+
63:941|aeb65b66-af27-4cf8-a91c-1ef3ecb6eda6	+
63:947|318bc922-b5fe-4be1-8623-06a423625bae	-
63:956|64bb6075-34ed-4140-b26d-7fd1aeb7ddbf	-
63:956|9c49b37c-a77e-491e-be69-9d10c99910ec	+
64:1007|eff51668-bc47-4e56-8128-24fa66560e41	-
64:1008|b44c35a1-a217-4aa8-bd31-7e32ff971432	-
64:1013|1a3ee64f-16ec-42cc-9d6a-75e66a62118f	+
64:1016|97738611-df15-4ad6-9cee-2d73629520d6	+
64:1019|0d03b5a7-9478-4376-ae74-0940ed4d425a	-
64:1021|cbb2d952-9466-4000-8fd8-42681a8d9869	+
64:1046|3a7130df-2642-400a-bc42-53c99677402d	-
64:1067|3166e00d-562e-48a0-9dfa-1305ff58280b	+
64:1133|63c0334e-adba-44ca-a82e-b803da99c118	+
64:1138|c87846ef-caa5-4963-9d0c-6a7fedf3103c	+
64:1140|da2dcad0-6797-4d78-b03b-1f3cb3551cc5	+
64:1142|138b90f2-ffdb-47bc-a58c-779e0f1c7fd3	+
64:1150|35932c5d-78f2-4e12-a759-ff07706b40a9	+
64:1151|16d1d9b6-0de0-49b0-8fa0-a7900358449a	+
64:1152|3e66322c-3f4d-4018-80bb-c3d64450ba17	+
64:1152|77baad93-d4d2-478b-8cc4-6a3dc76d53cd	+
64:1156|7c7eaf5c-d60b-4bf2-99e0-3c7007ad6a0b	+
64:1178|ad4bacdb-288d-4b9b-b8a5-0760e31faeb3	+
64:1226|fe59a4c1-9978-4fb1-8d97-506b25855a4d	+
64:1229|358a32ad-375a-46b3-a837-6d43c2938011	+
64:1240|a59c1f23-685b-4561-acb2-ab7a9e002b68	-
64:1265|73bdc7da-4707-41b4-9276-9b608c2b8670	+
64:1281|1cd93f13-aeb7-4c4d-84d4-68077e8c3095	+
64:1359|db6499f2-263f-48f9-80ee-2c639165dd8c	+
64:1363|36b285ea-dedc-4799-ac7e-cc2fa24398e3	-
64:1363|40fb33e3-8ae1-469d-a655-2fd8173a7937	+
64:1370|6d79e33b-4c23-40dd-b45e-bc6050284fba	-
64:1387|6dace411-49ba-445d-8b2f-213f2effe355	-
64:1428|e1316e86-9294-401b-9716-4c863164bbfb	-
64:1477|69727328-b78d-43f3-a7d8-1ee099a98622	+
64:1496|556bb15a-44e5-4093-b618-5ecb8cb5d8ba	+
64:1496|b13efce6-5046-403c-bd66-7d12126378a4	+
64:1503|453081ac-1264-4885-b7df-7f64f71d3cc5	+
64:1504|b8e155d1-69b5-4f2f-9b7c-71ce32c776cf	+
64:1504|f55b84b8-a28c-43b7-9531-7ef4d495f3ee	+
64:1513|37e96821-ce6f-423d-a895-3d621a4e29ee	+
64:1513|eafb56d5-e5af-452c-a8b2-5c86feab9430	+
64:1525|e83e8cfe-0c52-439d-afd8-696c0a731a86	+
64:1595|aa1bf7e3-b27f-4224-aaa1-8ef183fd1027	-
64:1609|4ccd515f-6dee-44f8-a429-e38d1ad02e69	+
64:1748|b4ee1daf-8413-4dd9-ab45-bb297836b42b	+
64:1807|2d4e94b4-778f-4205-8d63-a8cd5c62a516	+
64:1818|b9985381-497d-47a7-a902-7a061a53b8b3	+
64:1899|48bc60e0-c153-4c41-8baf-43000b43a25e	+
64:2029|1fd36b2e-3f92-4d75-8c81-98ebd032190d	+
64:2075|6f30aca9-e362-4e1b-954b-2d27bd3ca2de	+
64:2086|6ce6a5d2-383f-4ac9-9771-cc3759b4f244	-
64:2087|06554fe8-7f20-4f7f-adf4-4eb2889ebc3a	+
64:2090|5753e0bd-519c-4929-8799-93273f7f8f20	+
64:2094|fc43dcb0-c2fd-43d1-b812-7ca70d17d67e	+
64:2102|60fc94d1-1247-4af6-bea8-3513c84cf00f	+
64:2105|162209e9-9c2b-4826-90a0-0eb9415fc325	+
64:2106|13d5f918-1ab8-4e6e-a5d8-3f6b68f5d15c	+
64:2107|9db073ed-0886-47ac-bbf7-81f6a7eb2647	+
64:2112|d69b913e-d8b3-48ef-a63c-c0148bb4c932	+
64:2118|4ce283cd-ec2f-460f-b7e6-2b7553eb1881	+
64:2129|37dceb45-8a18-44e1-bbee-7e5d027bd8be	+
64:2308|196272f5-455d-4787-8e0c-4fb4fed91dd9	-
64:2311|f8347757-559a-4ccf-8e5b-63688dd4d3de	-
64:2568|e81ff4ff-d1e8-43cd-a3b2-9c3badb60402	-
64:288|38a94624-ffe8-45f4-9b01-7361812acff1	-
64:322|b49bdd81-790e-4398-b53d-14f0a48c15a0	+
64:347|92a738d6-c24e-4ce1-a7aa-d316267e8e02	+
64:349|5d7f72cd-b6b3-4013-8e6a-c3262682c1c5	+
64:353|af04fd9d-a948-4251-b0e2-49488bffe559	+
64:3597|ca7c63d0-1a1e-4872-9946-d83213d14b0f	+
64:368|79a705f6-865d-4f19-9b7e-28d7c933365d	+
64:390|caaec286-57e9-4372-83b8-ca045f6be58f	+
64:395|f0e169ef-ebd9-4042-8432-1f5259bcb199	+
64:400|ed1e3d42-db5f-4ce0-aef1-2da43279276a	+
64:403|36917824-4e1c-43e2-8da1-64346732e804	-
64:418|fba4235d-bd47-4416-8b53-45aa8eccda54	+
64:442|494d296f-1852-4c01-be2b-72515f6eba74	+
64:461|39b5a09d-5a0f-4199-961a-7ac8fcb3a42a	+
64:461|c7e25d70-44b2-44cf-912b-54253496d61a	+
64:462|3d0ede28-22b8-4915-9728-96516295719a	+
64:474|185453b4-98e8-4d3a-8059-cd7dc4c6a328	+
64:476|9896d960-0ab8-4f59-a8d1-998b355607df	+
64:485|687f323c-b8a0-4ca0-aac7-0e75c445570e	-
64:492|c505735d-aa63-49b9-9420-c1ea3e4ee03e	-
64:493|13e53c7c-77cc-41d2-82c3-c8c0a8979640	-
64:493|56fad538-2d87-4529-a3f3-e597b530ec07	-
64:493|bc9c0095-db7c-453e-aaae-0e560dd90143	-
64:494|a17cbc55-1f92-45ce-a25e-51a50728910c	-
64:497|46a7a6a2-df2b-4c49-9af7-1d76a9976ed5	+
64:497|d5ddcd7b-4e75-4a48-9ef1-4693d9a08d0a	-
64:499|932bbfda-df99-418c-ba3d-5e8a57cb7d2a	-
64:501|899bed1c-4bdd-4e42-932c-e2e9429e271d	-
64:503|da62c642-9821-4679-9c08-6750502ed1d7	-
64:504|11f0611c-ff7a-4e98-b6db-18f7601d12e8	+
64:507|75d47717-41e2-4cb2-9a01-13a88915d2fc	-
64:508|6f7ec6e5-0940-42a5-844a-bfff9039ad47	-
64:510|04754924-c8b1-4072-adfb-80a57befa576	+
645:1135|4aab09a9-2550-4dd9-8245-788b66891e0e	+
64:511|a6b59696-d675-4ddd-93bd-8881cd5448ef	+
645:1614|ef7edcda-4e3d-4765-8970-539eb9c23993	+
64:524|0ee5df5d-cd9d-4e40-bfc3-69dced328cd6	+
64:524|e5ec433b-e509-41b5-b02a-5a70b1dc0eb2	+
64:525|a198bf59-4ba6-4def-aad0-23ec97c18f8a	+
64:526|02d33afd-3474-48ba-b40b-7ad6ca6c12d0	+
64:526|cbbceee2-8273-4cf1-ba59-f2957a374229	+
64:527|1ae10e47-814f-4065-8fbe-c5b4cdcc727b	+
64:527|f4874825-38ad-41fd-b5b4-2f8857a2b223	+
64:528|65ee8182-8d79-4fce-8b23-cbbc76944c0b	+
64:528|c8c156e5-6bf0-4c34-83fa-0fecd15d5681	+
64:529|418ded6a-d493-4f62-840a-21dd86fad349	+
64:531|52137991-e5de-4e0f-b65a-994e5069cff0	+
64:531|595a45b6-e075-4141-bb41-6a71f3a14b78	+
64:532|3aa3836f-1b1b-41ff-ac55-9db6af2f7ce9	+
64:532|f0424ad3-99e7-481c-aae5-6e0c0ac94c05	+
64:534|9551bb92-e69c-49f1-8d84-ae2c26cca943	+
64:535|e4c8d0f7-858e-4b7f-8c2d-a89c8ca019da	+
64:537|b25128e4-513f-552f-827d-416ff948d791	+
64:538|eaea4149-a388-4651-8133-2bd8322deabf	+
64:538|ec6461cb-df78-48cf-95e4-ab1a0510ad2e	+
64:539|98958ff7-58e3-4045-aa9f-11f5c5ab508d	+
64:541|9e972099-3be2-4e67-b92b-dbfc3f17cbf8	+
64:542|064f9aa8-6745-4d4f-b126-d7159c8bb027	+
64:542|30f40b35-3651-4575-963c-fa3dc0374de8	+
64:542|6ce2567a-c9a2-48ab-a315-3fa93d0f4ef1	-
64:542|88082750-03ab-42e1-a24d-9fe3fd7929e5	-
64:542|a1b56bc3-69c5-4531-a62e-d7908d03d418	+
64:542|f566d4b1-d556-4da5-8353-e17b7e5e1abb	-
64:543|1802b387-e2c8-411a-b8dd-f0e38a1211ab	-
64:544|0ba2181d-ace5-43cd-a61f-936ffbd92fb6	-
64:544|0bbbf3f0-2371-42ac-9438-fe9f0c8803b7	-
64:545|2382b0b2-aae2-4db4-bfc7-1c5da6825cbc	-
64:546|7fec5574-b24f-4400-ad43-46e348c7b887	+
64:546|f5800cf5-cb23-45a8-88d0-da7dcee4bd01	-
64:546|ffc6ffd9-002f-4984-81da-83f0ad6b15f7	-
64:547|092ac490-a56c-4b4f-a648-90d79c11b5f9	-
64:547|4af5047b-56d8-498a-9e38-67e61671fe3b	-
64:547|e861e867-6748-482c-afeb-52d8979601ef	-
64:548|16876d13-e179-4597-b24e-6f1c9849bf28	+
64:548|2749d0cf-0bf6-496d-ab78-09ed55696df6	+
64:548|792a5338-399d-4e24-bb9c-e1e6b04b8ec5	+
64:549|827f9fc7-323a-4f24-9dcd-b271dc6ba78b	+
64:549|a7c7a195-dcfb-4d39-b223-0e4afcd4a641	-
64:549|bf6f47ee-d7f7-4612-9c75-a7bba898b42e	+
64:550|09608395-9843-414a-94f1-32c67aa29e10	-
64:550|d52be6b9-7650-45f6-90f0-981e1fe16ebf	+
64:551|2321faca-7630-4fd6-b316-0e2362788ef1	+
64:551|350c3628-757d-429c-ab1c-73c110c42113	+
64:551|4b1c4dcf-d80a-48b0-9b61-c8b624643cad	+
64:551|4fca74eb-3559-4c58-8f02-86fcd61dde3e	+
64:551|7e73ef7e-c9b6-4a20-b83e-c0af3d0b0453	+
64:551|850fe0ff-0e72-454e-9242-1f26611280e8	+
64:551|b62fe096-1a92-4fdc-9c9a-3d27cbf64b4b	+
64:551|bd5053cf-287b-4460-aa74-fd508f2d9b65	+
64:552|169f4a1b-d232-4ab8-b846-751e8f7253cc	+
64:552|46a31158-56f0-49a9-8821-b1e9ab9ee55b	+
64:552|54fb8ce7-5bf1-49bd-9d2e-bcfb6846f67a	+
64:552|7fc31129-4db0-425d-87a0-de3cedbbf85c	+
64:552|83eb5e5b-d9fd-4c24-ab73-df2c29f3ed5e	+
64:552|f66a7ab4-d338-4d26-b122-3a7075cf474a	+
64:553|7c0e5437-f3b7-49d5-a749-e6fd6e5ad713	+
64:553|a6786cb9-19a3-4117-bd4f-67f1e8edafd5	+
64:553|ee462127-29ba-4341-a424-07166513d06f	+
64:554|9abf33fb-6b2b-4781-9302-5a364ca8b813	+
64:554|f9e26e98-88c0-4fba-a8a9-b6789c95146d	+
64:555|06788be7-7ae3-4511-bd53-1b6506b6d904	+
64:555|75e3ebe1-6dca-44fa-958f-f6ee818623a9	+
64:555|98d80000-28e5-44a6-be6e-3fa4800fcfd9	-
64:556|1e89de6b-c987-4c44-a0a8-dc5090fe690f	+
64:556|431e247f-0f18-4027-8d0f-2fb13c2b72a6	-
64:556|d78b74e5-a217-5cbc-b4d6-823e9d28b4f2	+
64:557|7d97c1d1-f412-448d-b114-16a0712541cd	+
64:558|4488c95d-de6d-4808-8cbe-84947cbe7999	+
64:558|672feef8-f4f0-4a0f-abf4-452c146f4cc0	+
64:559|68b82809-7503-43ed-bb2f-0dafde07ca0d	+
64:559|d2a9b38f-cdc8-4ce1-99a7-368ac325728c	+
64:560|7436a9d3-35b8-47b1-b2b3-c76ebb437cb7	+
64:560|89f8fb81-d2b6-467e-8a0a-dcfe8a908a1a	+
64:563|b06604a2-1eae-4f37-908e-a99ee457fbe0	+
64:566|1443c179-4be0-4add-a088-ed1e59439413	+
64:566|fe3dba44-fc3e-4d34-b744-b099f4df0687	+
64:567|9d7674a2-71c7-4384-a48a-c74e3c240963	+
64:568|0380f488-1cdd-41f8-a277-752540259273	+
64:569|ae293b00-1a5a-4e09-bd14-c4a4e71b27a5	+
64:571|ef86ed98-3afe-4031-8dc9-1cbb708f8b23	+
64:574|418653bf-8f82-417a-9164-1a96cc820a4b	+
64:574|73c2f888-b471-407f-a7b5-c1b6bd877002	+
64:587|627ca65c-2bad-4f69-8dcf-efc070c272ea	+
64:592|b89ecb9f-8ae6-480d-a532-5054208729b2	+
64:594|340a2907-fe7c-459e-bfcf-cea64a4a7420	+
64:595|98bf94d2-11e6-4eea-8f9f-15c8ff87cec1	+
64:596|cb5a08da-268d-4838-863b-888c0b6f5a76	+
64:597|51da14e5-7c70-4179-bd0d-5cf001cbde41	-
64:597|731aa6b0-7d48-4026-b8fe-12196fb79302	+
64:597|ddd15556-d8f7-48bf-9e2e-13550231203d	+
64:599|6f7c9b06-f898-440b-bd2e-55c44f0a7c9f	+
64:599|f6868951-1c82-4e6b-80a6-8b96d57552be	+
64:600|ec2fac68-2a6a-4567-903e-a20d9ed1bc0c	+
64:601|64756846-2d13-404d-8cf9-5faeb8323068	+
64:601|8d6a480c-3447-415f-875b-33bb48e84460	+
64:601|daa0c7c1-7e01-4175-b476-7bd6ce7d9d4b	+
64:602|8ea58f1d-fea3-4512-bcd6-5fb6231fef37	+
64:602|a04c56a7-5eae-4f4e-89a4-cbc1ddf76308	+
64:602|bbb6a96c-673b-4a01-887e-48dee569087b	+
64:604|ed7a07f2-6f3d-4dbf-94aa-147fda00856e	+
64:606|299470e5-5723-4bbe-bbd7-ad4d6d7333bd	+
64:606|2cf23df6-011d-45a1-89f0-e5b21b532681	+
64:608|7f4e0ee8-c93b-4e57-b36a-bad62aa1ac1b	+
64:608|debf085e-e20a-4ae4-927f-4921ca7ddc85	+
64:609|db6f99b9-9b9f-477b-8b89-dc2a1ff32576	+
64:610|ad2165d8-23fc-47b2-bbef-865cb8c4c85d	+
64:611|1b205f06-e3d4-435f-80d8-325c88246018	+
64:611|f7c31104-a6e6-42a7-8ad4-cbbcdd42232c	+
64:612|84038446-acbd-4df2-93fd-e07550a98ab8	+
64:614|cc7cca87-52bf-4d34-8c79-17c30c2d1517	+
64:616|87f589d3-0130-467c-8b63-62869e2b0016	+
64:622|80786acc-6ddc-48ef-8a3f-46ebe58a0435	+
64:623|1cdc6455-ec19-4fa7-a74f-f993ea82936c	+
64:624|5d2d6a83-380b-4ea9-98d7-ba286ed0b25f	+
64:631|9b0dcbd9-7c47-43ba-b8e5-b1f4b6211985	+
64:632|a9a457cb-46d3-4e8b-a1c5-ee7642e25ae6	+
64:634|5701c054-dbe1-447b-b0f7-2db3be2700c6	+
64:636|89fd5c7e-e60c-4f01-83fe-030fca5ef778	+
64:637|060cf48b-f425-4784-a4de-4d368ba15952	+
64:637|91dbd2f2-2e42-4ace-9fb0-4cf5a1d7b554	+
64:638|19c267da-cff6-4a99-84ab-7dd632b5f725	+
64:638|1d6850f1-1792-4889-8fa7-c972e7c40eb9	+
64:638|a28c5834-3aa0-44a2-8947-a01d5f9f66ef	+
64:638|a49c5e1a-530b-4400-b6b0-6a7371a59204	+
64:638|c7abfec7-f86d-48f5-961d-9d5417bc52ce	+
64:639|1b978240-bf52-4ae9-a25c-22fb342092ad	+
64:639|2d3eaa01-c4be-4d5b-8eba-3728062680cd	+
64:639|3f37ea53-9815-4fc6-b28a-42b1490ae5e6	+
64:639|6ef54834-f4b0-4768-a19f-d9e0a94dbdee	+
64:639|a7966610-c176-4221-a0b4-31b3b216ccd0	-
64:639|d1958cd6-90ad-446a-a3ed-60b9e516a029	+
64:640|0fec9481-8531-4d18-a69e-a299b499075a	+
64:640|42873e03-144f-443c-850b-0747ef30fd6f	+
64:640|4e60f6ad-41cf-436b-96e6-736762df85e0	+
64:640|f4277dbe-786c-40f3-89bf-1d06af260b68	+
64:641|48415c7d-919c-4685-98de-50c4aa1090d9	+
64:641|5cf2694b-0dec-4991-8ec6-f8dcf14358e9	+
64:642|3cb612a9-0752-40d3-907a-0ccd4286ed7b	+
64:643|115d2865-e9e7-4965-aa23-37b8ff596a65	+
64:643|3bf075bd-db25-44b0-9e4a-65f545e29cc8	+
64:643|a43ff36d-405c-4762-9b17-f49b147bb963	+
64:643|f9a76f3a-e9f6-4904-8cea-609111707565	+
64:643|fd5d16a5-8d5d-448d-83e8-f0a81c20243b	+
64:644|2e027434-4a60-4def-8302-a820c66174e1	+
64:645|a125093d-c7d6-44f3-ab8b-954fbf867459	+
64:645|e1118761-b5f7-403b-8a07-031df875b157	+
64:648|ce694596-3d87-4109-a9db-84fcc308e3f3	+
64:649|01865dff-be2d-421d-a860-aeae0012c521	+
64:650|b189f7c3-dddb-4f61-af41-af374b2b2304	+
64:650|f6c08ed0-5bdd-4a08-9bd8-63c1fd682128	+
64:651|305e95f4-3278-440e-9099-ec3ca340345d	+
64:654|595aab3b-466e-47b1-967a-5e5f18748290	+
64:655|b925d66c-e29a-461c-91c3-4a5cebab14e6	-
64:657|2b0e0b10-5e6d-489d-b249-37cf3b9d77bd	+
64:657|60980a90-95af-4985-9bc6-2bd84407a22d	-
64:659|67207ca6-0184-49ab-889b-d8d3b01e2597	-
64:659|da001ea2-ea0d-4fb8-8b22-8435a0b930e8	+
64:666|327286e8-baf0-579c-bcf2-7c9335ae3eb4	-
64:669|622879dc-ce19-46f1-98a7-6f547c125f1b	+
64:674|b4f1b105-22f4-4179-b330-3432df024f3a	-
64:677|6a781e4e-76d5-43e0-9abc-8544954332bc	-
64:679|11df9c29-1f81-4d94-996d-590a6b491710	-
64:682|67149e62-fb88-468f-941f-7811b52433b4	-
64:683|e11f5f5f-9b83-42df-8f2a-519197bb7bff	-
64:684|27049a09-c545-465f-9065-44dc886a65e9	-
64:684|f16ec929-305c-4c8c-8c23-2e9c0291d2e1	-
64:685|34132ac8-d3f0-4221-9032-91f795621150	-
64:686|8f162f16-9e04-43e2-8a86-6977ba5b20f6	-
64:694|a79c8b87-9e32-4dba-a831-0ccbadcaf11e	-
64:716|15729801-b9f7-4013-8d2b-2d352b15d226	-
64:716|4bdc8b6d-a4ee-41dd-ba51-ee31b74c9e44	-
64:721|83cf4148-59a5-4551-882f-a8daea112113	-
64:728|3a2ba226-c9e8-4c85-9afa-1a1de24e609d	-
64:729|6c1e1a33-21c8-4b97-9e75-f65b151ab740	-
64:733|ad727001-49e2-4b24-a619-9444f54a9af9	-
64:741|3f74c96d-2d08-4279-b5ed-edec38863d1a	+
64:742|5cf73b42-cd1a-4ba6-801b-dcb66a5bea96	-
64:751|d60eac52-134a-456f-9f08-d8ca7f359ab1	-
64:778|ed6ef7bc-e78b-4ebe-9689-39c507a7567e	+
64:825|c2a6f024-1511-4aaf-b0c1-30d2b8be5cc0	+
64:838|09fceb4e-1ffb-491d-9fed-730c56ef5724	+
64:841|0013c08d-bdf3-4a72-804f-5554f6a79b79	+
64:842|229052a3-2213-4888-bd92-c3ee0369e3be	+
64:843|4d9236da-956e-4cd3-98fb-8d882443f795	+
64:843|e8c72fe4-13d4-4abd-aed2-b290ecddf50c	+
64:845|1edbe1b0-c13f-4b34-a221-fd7fda5363de	+
64:847|454015ff-0a3d-4287-b125-475576f7a284	+
64:847|aa56be05-7262-4e05-9337-e1bb9335286f	+
64:847|d6545ff1-75de-4420-84ae-ec6a2b67c3c1	+
64:848|6228a478-83cb-4f85-a925-9bab6c379510	+
64:848|719b0057-7f86-45c5-b2f6-3381e1a9bc1b	+
64:848|cec426f9-8e72-424c-b82a-521827096759	+
64:849|1517f325-a426-424f-b1a0-80169f88e753	+
64:849|183c5dc3-fd75-4bfb-a15f-ed7e298fa3fb	+
64:849|6fe29c11-2e51-4556-b6e1-33fd5bea87a1	+
64:849|b6ef18ee-1cf6-44fa-af4f-77ab62f6bb35	+
64:849|ecaac94c-c486-4aab-b615-f7e3ffecde5b	+
64:850|5c26d688-c0a5-51f2-8632-c413f946f3e6	+
64:850|b1e72c91-271c-47c7-bb57-3035669b1c5c	+
64:850|d66c35e6-8f55-408b-b89d-d9a7f3b85899	+
64:851|452ad926-eac4-4099-b719-ee2c2735d47d	+
64:854|1585d546-bc81-4fa4-b7fe-4ab45b4b38a8	+
64:856|51d52444-62f6-4fde-8f33-2192c29c6a4d	+
64:856|7abfcdcc-b1a4-4b53-a0d2-5e396ecb3127	+
64:859|f4002ae4-0d92-4668-9a4e-b6208173ba8a	+
64:860|0ba4568b-da68-46b8-ae98-8a1d52066650	-
64:862|021a06b1-9b97-435f-bf46-773be67ed4a7	-
64:865|d0698db2-3f6b-4792-884a-690890839c2f	+
64:869|b7e476eb-3482-4df0-8c70-db0bebaa3f0c	-
64:881|703f87f2-c141-4a53-84f7-11b447c0f89d	-
64:901|e582f33c-206b-4495-bde0-3209777b3b12	-
64:916|ec4b8dd7-ae56-43c7-b471-c0abb216cf9a	+
64:919|c94830d0-3127-4ee0-af56-888037e4980a	-
64:944|ddcbbf42-3b93-4026-9072-6c4b2c2287a8	-
64:947|b7e24592-a775-4824-b597-512a33637321	-
64:951|32e98bde-ccd9-4944-a6d3-f50c82b2dab7	-
64:955|3207d20c-f708-475f-aba2-7c034852f1b0	-
64:957|66d19137-1a42-43c9-87c1-5aa5ffbd624e	-
64:998|71600b25-7665-4f6a-bf97-a26eea2179e6	+
65:1004|759330a5-d081-4163-a824-535e9eef451e	-
65:1034|564db06d-2e3e-4dfd-a69b-bccf800cd069	+
65:1037|3c6d034a-bb25-461e-87de-ba588056085c	-
65:1039|42eda0ae-96b9-4b8c-9c38-d61441b29990	+
65:1060|7f77761b-67e8-464a-83f8-af63fd0f7a87	+
65:1114|0138d0b8-c23b-4d01-a122-4565eb998f24	+
65:1148|dfe0233a-8c92-4747-8d38-bc0dd6be2abb	+
65:1149|3c1978e5-dd34-4561-8969-e2ab07b6db98	+
65:1153|6bed73c7-0b53-43ba-bc43-9b3719910242	+
65:1155|2f4a6a40-ac8f-4b76-adc2-50a02c66e6fb	+
65:1165|6cdee1af-c477-4509-9e2f-21090549fbfe	+
65:1165|8da13a0c-7e89-49ef-a5fd-c6d1e38b3e71	+
65:1184|44ed3f5d-455a-4a9d-8c2c-55b3bc3b426d	+
65:1190|6366e011-c767-4628-836d-2e742420f10b	+
65:1212|476505d6-d1b9-4529-b9a2-a1981ff5096a	-
65:1247|1e25c451-44c3-45ae-8b53-33fa39a5f7ef	+
65:1366|cafd4379-b881-4852-aa5a-9ea784316745	-
65:1368|7b4523ac-5440-41ac-9502-347419583772	+
65:1370|812ca1f6-853c-4dba-aaed-5e831bfc7618	-
65:1371|17d0137d-7b61-4662-8bcf-299805737c52	-
65:1375|5b894eb9-9e86-427f-b0ad-21747a7ded54	+
65:1407|daa1cd22-988f-464e-a9ff-c56db0332ad2	-
65:1433|11f11965-6058-4b42-bd3d-f82e9f10f74e	+
65:1476|fd385807-102d-4981-82b6-eb5567e9235d	-
65:1497|0abe4772-53a2-5bd5-a122-71fc669e0dff	+
65:1499|7fcac585-7612-46e7-9e3d-a2ebfabc3d91	+
65:1499|ed0e8b67-2c48-49ff-8106-ea7cc9c7a5f9	+
65:1502|16806b91-88e0-45a3-81c2-32b8b388917c	+
65:1503|a56e182e-1f74-4c70-88fc-ea0b261f38f8	+
65:1508|109c8b00-78bf-415d-b036-1967df024957	+
65:1531|1c40ced7-eeac-401b-9c0b-9393d3868c06	+
65:1544|911b77ee-57fa-4d27-96ee-67fa213c49a5	-
65:1559|bc538aed-e010-47c3-8e54-6a5bf79f57da	+
65:1626|4f151c8f-95b3-4654-a0dd-cf4c545f7406	-
65:1637|07c2ffdb-ef82-4dd5-a570-c9f9a51ca893	+
65:1949|0cdd7274-8524-4fb0-90da-82536c5a6853	+
65:1964|261fb743-97ad-4c45-98a1-6722ab0b8f0c	+
65:2047|2e287e2c-265e-4a3f-9398-ec75351fdd23	+
65:2053|ea6e56af-87b4-428f-bd9b-965a5ed75557	+
65:2063|e6857d3e-0d64-4eb6-8d46-74568250b6de	-
65:2064|5c4eb673-81bb-4aa7-be41-cf0701c352ce	+
65:2075|8993fee4-8d37-4a3b-8e6a-68635d9a3092	+
65:2085|80f0664e-ad2e-4067-a779-70b9c23c140c	+
65:2091|06bc36a6-cccd-43de-9cce-f451f7a0a7ea	+
65:2091|1bf8bd8e-ee00-46b3-8b58-a8ed134c6fc4	+
65:2091|202b743e-5e5b-4c2b-9650-6d3b2251d006	+
65:2092|bb4fa6a2-ac3e-4a2d-ab45-32997a6b5197	+
65:2093|4c6b66bd-361f-4c25-afaa-4dac8606083a	+
65:2093|e6e3ec88-e54f-4313-8c4a-cea43eb0491d	+
65:2094|0f3794a2-d0bb-4914-b016-ac2854a9f4ff	+
65:2094|a31dd00b-d0b2-4dcf-bc9c-b18f730fed5c	+
65:2094|a379a711-d64e-4a3c-b9b1-7ea7f3eac7b1	+
65:2103|662822d1-9902-4de2-8d16-7b509c3548ee	+
65:2104|17a2ed0a-8d83-4bab-9f06-4d73c38aa0b9	+
65:2108|244d281d-2351-4695-84aa-18e4ce613e1b	+
65:2120|18a11ce0-f2bd-48af-b5e8-b29c4937e450	+
65:240|c0dd13e7-a1fa-45e0-bc33-a71dfb1033cb	+
65:2443|977765c6-9eab-4d86-9f1b-f18bd4bc262e	+
65:249|2fd5f50a-a2b0-4937-96f5-d0731de2fdd3	-
65:2535|628dc983-a82b-405c-bf3c-7596fe563661	-
65:2548|8875c734-eecc-4f8b-9d22-5672293bdd5b	+
65:2574|b6d6a845-4509-4265-92ed-dc0a540d677e	-
65:283|03aaa6a4-58f5-421d-812a-40a663f4b75c	+
65:309|c686d461-4127-478a-ba5d-b03b7b1af664	+
65:319|0cc24340-d89b-4fa9-a421-2bc800f6a788	+
65:320|61ce093f-b0d6-4381-9fad-155dd3cc3866	+
65:322|5ffc199b-51cd-4f30-a3ab-8c1a32bfd41e	-
65:334|5e2cce8f-e55e-4a61-bcd5-0cdc8e7e9133	+
65:341|27964844-d904-4ec3-94f8-5f1bdf204170	+
65:356|6fd3c107-cd30-4cf6-88bc-991ecfea676a	+
65:362|e271e2ef-69e8-4f36-a7b4-345364f0ec04	+
65:364|03edb662-73bd-4856-8267-737914cfd372	+
65:387|e2841928-2275-49fe-a896-147d946a0215	+
65:435|12978f3e-3567-42d3-ae58-12b6ace6d38d	+
65:445|9c504952-0235-45bb-85ef-b4d608be4fe0	+
65:446|90737a9a-293b-4cf6-9309-cdd585b65296	+
65:463|5343085f-5180-483e-b481-0bf033ec814e	+
65:482|09d588ac-12bc-4682-826b-93dae035330e	+
65:482|a73bba11-f8ce-4b0f-b373-180bfb577872	+
65:490|9f9d8590-6b5f-48cb-bc1a-e1162108e20b	-
65:491|0ae60554-b7f8-4aa9-b113-00058cd0851d	-
65:492|acb2da7f-77ea-4f75-9ac4-436bbe225e20	-
65:493|58b24b10-0bc5-4e48-a668-3f35bc760913	-
65:493|675eeff7-15a6-4251-9f03-229960cfd3f3	-
65:494|0e92a5b8-348c-4e0e-ae27-73a4791e25eb	-
65:494|15bf5382-2c78-4781-af68-de5796d10a4b	-
65:496|2af5778b-4eef-4c57-b69d-b04a3c6cfd49	-
65:502|97d527f8-f621-4c47-9863-9e982cfac4dc	-
65:503|01babd79-46f9-4f9d-8a17-ff8aba487f66	-
65:519|5f2e487c-bacd-4962-85f9-b73a5c5d6285	+
65:522|541ce381-5d89-4c97-8bdf-462abdecaef3	+
65:524|31cf1635-c1a2-4d3a-9618-95c6cdc172bb	+
65:524|423deb4c-783d-488f-b7a7-e0b09a7d16cf	+
65:525|0c81b687-894e-47d0-8773-39a6cdaf1be5	+
65:525|d7a1f394-a657-4dfe-9bad-e3d46ca7883c	+
65:528|74c4a094-dfe1-4623-90a4-1a91bfbdafbc	+
65:529|1981744f-ac2c-4406-bd5d-6de7ac46bc69	+
65:529|dc2a8be5-0f96-4d79-93a1-b340f3580fe8	+
65:530|ec47d5b2-88ec-4530-96ca-42af78940938	+
65:531|1c57506d-c117-4611-84f9-fb76ead38fca	+
65:531|ccf3eda8-bf87-454e-ad2f-7590376540c3	+
65:532|8284339b-7eca-4589-bca4-8dd20679dcc8	+
65:532|ed1eb024-e365-4ca6-a422-4a3345bb72d6	+
65:533|891caf06-1cbb-4b7f-a20e-c2b78a4b4de1	+
65:533|a5f4dd7b-9840-4231-b1d0-ff8029d3cbf1	-
65:534|4496fb1d-2401-4675-bb22-fc47ffa8a6ce	+
65:534|a024e4d8-72d8-4148-9080-0b8966cb6906	+
65:535|112252f4-2229-42b3-b26e-f6334134d7fc	+
65:536|57287050-668a-4a5d-b945-ee9f365ad221	+
65:537|bb3349a3-65ca-4eaf-b4b8-c496d6ea68f5	+
65:539|3e0e5cf0-265b-4d03-8e2c-e1cc41de1611	-
65:539|c4a1d1bf-2bd6-430d-8b71-a209e99155df	-
65:541|131b2e3c-e27e-4cca-b402-aef7407ebd4d	+
65:542|a8e56487-74b8-487c-853c-f0f217ddb4b0	+
65:544|4b837ab8-f75b-40e7-992e-807a1cbf9f52	-
65:544|a3d3452d-8880-4d3b-a2bc-e614f851ada4	-
65:544|b4cc84b9-bff4-4f5d-b2b5-9fe4eb1b864f	-
65:544|ec1b9ef4-1efc-46e8-b178-6695d245273c	-
65:545|c4ad341e-14a6-47c8-a2a0-518c34b9f378	-
65:545|f62ffdcf-5a60-403c-8b18-97fa0783745d	-
65:545|f9e1f219-db9a-47bb-b261-d6e05b8d757a	-
65:546|0fa70a1d-3518-482a-b401-457692578b2c	-
65:546|1ab27bda-6ca0-443b-9d93-bc4c3c835fc8	-
65:546|57c99763-c41f-4444-bfbd-1dd9cd169fbe	-
65:546|9eaad08a-342a-4404-813f-b5452f57f878	-
65:546|b0ebc0f7-1212-4667-b000-42612b665df3	-
65:546|ca4a0abe-f2bb-4663-9583-93347f9f3890	-
65:548|095f4235-b9bc-465e-9ba9-39b4676cd14a	-
65:548|86aafe5f-99f4-4632-95ba-3cab1c9778bb	+
65:549|183ab336-7d7e-49f4-96ea-3cb63d79535f	+
65:549|39063601-3b08-4672-80e9-af5b9d38b4ea	+
65:549|72c821e2-4b4a-4246-89e0-1551c1bb2184	+
65:549|7e4e2c35-f39b-4594-aca1-a1adaebbafc1	+
65:549|8bee8ace-8386-446b-97e4-bc5a9d015fef	+
65:550|0537c0d3-cd68-49d3-8a01-2b766fd4646d	-
65:550|2196c2cb-99a1-44ff-8474-65b49710ae42	+
65:550|c27a93e0-3dd2-4313-8767-640c16a2e71d	+
65:550|e929097d-8dd4-4913-bb8f-036473263b40	+
65:550|fb525a92-a11d-441b-b3b1-9c1e027f61dd	+
65:551|2fbc9bd5-bacd-4c48-b839-6ab6e99034a0	+
65:552|1af68ce2-ca08-462e-8ea4-f1a682d97d70	+
65:552|4a2586b2-7152-4ce7-976f-c1bb101c63ab	+
65:552|5d52b5bb-485f-47b1-95e8-cf356237e9aa	+
65:552|6b826941-9daf-40d9-af13-9b83d68a5645	+
65:552|6ceb394a-3268-4341-a6bc-e93c95e57d8e	+
65:552|8aac45f1-929f-4486-bb25-c56cd1687d4f	+
65:552|8f47d873-5ad8-45dd-bf9e-fb36572bf73a	+
65:553|5924df23-725f-4458-84ba-a0a604ccc249	+
65:553|e94543e9-468d-4470-b2ba-5589604ec956	+
65:553|eb9682dc-db46-4850-9d13-1a8d427778ca	+
65:554|02979276-9bc1-487f-b36e-7cf431304cda	+
65:554|2e8db9ed-3442-4744-8236-1ebd37287022	+
65:554|5917a03f-0370-485a-8b4a-e089b617c746	+
65:554|cf82c7f9-ee84-4492-930b-838474724cdb	+
65:555|0acac5c9-ce98-4948-b7c5-234407ef514e	+
65:555|54aaa27e-f532-4767-a7f5-67117537edc4	+
65:556|c6a1c76e-1b15-47ea-9dd3-b3f626ef62af	-
65:556|e3fd39ec-d862-4b4e-ba78-b66b95993a1a	+
65:557|8c75c0c7-b828-40a0-8dc2-8127d3598c11	+
65:558|2bc2a7ec-4b25-4c0c-a882-bd59f525af0e	+
65:559|7fd74f79-936e-456f-9dde-336cbf4faaaa	+
65:561|1685ec73-4552-499b-a1e6-4af2e6fc6021	+
65:561|a6bc4528-6cc6-4fc4-a5d8-a5e1c4581f4f	+
65:562|65b986ed-6e19-4861-9c3b-7baefb6dec3d	+
65:562|d7330716-1059-4301-8854-a0ba3da55405	+
65:565|1f1ef805-6deb-4121-ae47-1937f9765bf0	-
65:565|6de4bec7-7289-459f-a906-f28506890daf	+
65:565|8b6ee274-6758-4d4b-a147-cc0f7bf53a32	+
65:566|640e36ee-73ba-4f5d-843b-ad631c6e1142	+
65:567|9cfa63a1-ebe5-495c-ad62-6f6cfeaa9278	+
65:577|a5253e16-db1e-4d7e-8402-cc8f991041b1	+
65:584|4e763610-0b18-4618-ab1d-5f9037e2f943	+
65:585|212035e5-ea2d-4283-8a30-a72b8b616223	+
65:592|8eccf1ae-ccd6-42c6-81a5-3663d70d2cb8	+
65:593|cf5654c1-768e-4d9b-94ab-2a9c6f83b9b9	+
65:594|564f3c76-01de-4507-82c5-64c5bee37158	+
65:596|bc0c0d32-0a09-4542-8186-38db7f8e9da3	+
65:596|ebdcf872-01dd-4b44-8130-526b33c81b4c	+
65:597|33a8d52e-7494-4886-8997-85371dee87da	+
65:597|3dd1e20d-1f15-4a88-8d13-2f36739df379	+
65:598|06b6427f-9eaa-44cc-a270-848a5c4fa06a	+
65:598|ca6b6417-3536-4756-9dd4-eaaa3748e64e	+
65:599|61dd44a3-52b9-4027-8bef-974a4b0ad701	+
65:600|2eb8438d-cf95-41eb-b280-bfa0718d03e2	+
65:600|8e2a67d2-90b7-433e-b667-20f8168afc2e	+
65:601|c4c4d94b-2a85-4931-b5e0-5bf0cb02c74e	+
65:601|db3bafed-6455-4ed6-97dd-4dd204952241	+
65:601|f66638ea-9b5b-499a-acb4-63964d52a4e7	+
65:602|711cd48d-7edd-469c-9837-7df42e87cc54	+
65:603|0a5c2600-1a8b-49ec-bb3a-315a83775506	+
65:603|ba6d7956-aff4-4c85-bb04-4433ac00dfdd	+
65:605|bcc64ddf-cd28-484d-8428-8ff15025172e	+
65:607|c6bed510-fe7a-4cf2-a48a-48ac48c22cec	+
65:607|fe64e539-b36b-494f-bba8-ddb62e49143a	+
65:609|6ed3e03b-2d15-4ee5-9bed-ef0f6fbad9ea	+
65:610|2f7225cb-66bc-4b43-94b8-53f65fa38a0f	+
65:610|36b0aefd-3fed-41fe-ba93-d66defc6e3a5	+
65:610|78732746-9514-48c7-a842-18e84553c9e4	+
65:610|bf6e3ff4-5cd8-4e09-a583-fbf103d551e0	+
65:612|0f147e1b-28b0-4527-912a-cbcacd3482e4	+
65:612|2a35f394-0e4f-44f9-b351-a3a148cad250	+
65:614|45db781e-96f6-4260-859f-70a28520c617	+
65:622|3512101d-db00-4e46-998f-6bd20f0737e3	+
65:623|93b9a67e-9ce9-4857-a28a-25fc320996fc	+
65:623|c3010cbd-66f4-46f7-81b2-e43cb8188d7a	+
65:624|34bfc7e7-90f8-49f1-bc5f-a7393fe155c5	+
65:630|e177193d-175e-47d8-bd20-bbbf3077209f	+
65:632|1e80d3de-20ab-4caf-97d1-0e546ead8996	+
65:635|3e2308bf-de3f-4c1d-9efd-5d98d5ead1e1	+
65:635|45315ba1-7ce4-4b2d-ae34-0fe4fc8ea0fe	+
65:636|4395b8cf-fabc-40e7-883e-861fd632374d	+
65:636|8ff8c1cc-1b46-43e4-8a28-ea17d0141242	+
65:637|2c50ed3a-3b90-477a-8a2c-4aad2f19a928	-
65:637|4f032698-3045-47ea-aaeb-8d0e6243024e	-
65:638|13cd5b76-e556-42ee-b8c5-6650fb187b07	+
65:638|8e300706-1496-49f4-9729-af6d3db4082c	+
65:638|a4507de8-041c-47c7-ab30-440c348527af	+
65:639|6b246e46-61db-44bf-b220-7c13d311dee0	+
65:639|905e4008-904b-4acd-89ab-c620e39c901f	+
65:640|1a50955c-9016-4dc4-aa48-e8596bd68bcf	+
65:640|2517aeb8-37b0-47d4-890a-951da920d081	+
65:640|2e2d0ff2-ed23-4582-9e66-64aa8ccefa40	+
65:641|29e68747-8e97-4e94-9a09-732b85182199	+
65:641|88518ceb-1652-4790-b433-475419fc52cc	+
65:641|fdabbe48-c66c-47ab-8da4-c2fbdca3777c	+
65:642|3ada8a29-f963-42d6-86bb-7e9f05b2db64	+
65:642|565f63eb-b651-4ddb-868d-7f507df6cfb9	+
65:642|a1ebe7e4-567e-4972-8c57-f371d658fa98	+
65:642|fd128d87-e915-4daf-81d9-b6da628175df	+
65:644|389c69c0-4793-4a2f-91b2-75a737770f8a	+
65:644|95b396ca-048c-4ddd-9e9e-94f388d86d36	+
65:644|962e2e74-502e-4d9b-bc3b-5cb6f3bd81c0	+
65:645|0b438023-3bb5-405a-bc4d-e67e784d9649	+
65:645|317a95d9-3a66-48a4-824f-f3b08c3d687f	+
65:646|99c1e2ad-3715-4fca-9a43-be1c1b7c94b8	+
65:647|51b2a69a-f78b-4368-80e4-dd3370a7c455	+
65:647|761815da-a1ed-491c-870e-01137fd11762	+
65:647|d2dd0e01-1bcf-401f-a3e0-29042c1c8291	+
65:649|3d42ed12-0352-45c2-a2fd-abebcac6f3bb	+
65:649|499bf650-f51d-4e87-8108-e8c0ddd91cbb	+
65:652|7627c255-ab57-4492-9ee0-c2d13cb6bf3d	-
65:654|2cc9b28c-0550-45db-b30b-a86ca9db7bb0	-
65:657|3e94fd3f-9311-46d7-8a19-ea67d444be44	+
65:658|3ad400a2-ae7f-4f93-88d2-5542c8dde91c	-
65:659|a75be7d1-f69b-40e5-8dfc-00062538f0fc	+
65:660|89bc7118-1440-48d0-ba35-8ef015a77fbf	+
65:660|cea2db1e-f3df-4c27-ae85-854a827b0c19	+
65:660|dfdbdd0d-e725-4023-83a2-e8c1757978bb	+
65:671|f0c9942a-8b43-48fd-ac5d-ccfdc7325e14	+
65:683|c9ea4eed-d4f4-4769-ae9f-822c9fe32f06	-
65:684|91d6fe0a-6aa8-479d-baa1-fe387bc0f411	-
65:686|069c002f-7a1a-4bd5-928d-04b6bda0844f	-
65:710|9fff95b9-030a-4cc3-a5e5-c6315b9ece7e	-
65:718|bfcbd353-a61f-46c4-91c5-633373da9729	-
65:723|e40290cd-b326-427c-9d7d-8de7f8b99b8b	-
65:738|8667cc9a-2b0e-4a32-a930-7ae542ed1a07	-
65:739|a44db9ae-cb1e-453c-b315-1e381295aa0d	-
65:740|9f391b38-637a-4cdc-af7f-14676639103f	-
65:741|8c49bb04-da8e-46d3-9169-b13dc205012f	-
65:742|c2c5f60b-f0e0-4669-9050-a7be568e5bec	-
6574:7561|bf12f6e7-5d5d-4ebe-95f2-18b004f01a4d	+
65:749|3a8e0f69-bdfd-4477-a34d-cda310100bf9	-
65:754|58ad571e-8594-4c2b-b157-25872461cbf1	-
65:758|79ded306-a8b7-45d7-a42a-1d6e956a6729	+
65:759|42a2b167-34db-4485-9fc2-f83fc61159d6	+
65:770|c63673d9-ada7-47df-a97d-31bd23306394	-
65:771|d2c78fe7-301b-4464-97f3-03cbd529a981	-
65:784|57570d97-d090-47b2-bc8a-28b960649a82	+
65:787|4a035d19-e0d5-4f38-9cf9-eaf9430a6980	+
65:793|edc4b7c1-f4a2-49c7-aaed-6d1a3da6c4fc	+
65:810|b78e42a2-5c72-44c1-a009-1753823f8908	+
658:1145|bd23c19f-b5ae-436f-9e22-46b70b70584f	+
65:814|0e895f96-7672-46b0-b1eb-c75af6c9d97a	+
65:814|ede3a6c7-3e1c-48b5-851e-08bc6221ae84	+
65:816|89b36601-2601-468d-83d7-0a8ee96c989e	+
65:842|eb4f7094-8d0e-4f63-a827-de69bd0f7edc	+
65:844|0a155fbf-e616-4803-85e0-4851d57a3cab	+
65:845|de43671b-7176-4bd9-be33-04513de16b00	+
65:846|a06d220d-7b99-40ec-be08-98d56d0b4a0b	+
65:847|fc16389b-ef78-40ee-b26c-8cf18d9be654	+
65:848|9fbc0b25-d928-422d-8ddb-d0d7612d2916	+
65:850|bdf86c0c-eaf9-4f94-8266-2841e0d8dbbc	+
65:850|fdb6c2b8-47d9-4fcd-b3a3-cb86cff4e69c	+
65:851|3ead82fc-270e-4580-8dbd-732c6bbe059b	+
65:853|aa9f42c8-fe52-49c3-8fbd-a99c6c3e5a8f	+
65:858|2247fc7e-637b-497f-ac38-56da58516755	+
65:860|cdecefd3-1d8a-4abf-a26c-f549469dbc6c	+
65:866|16c2e928-9519-4291-9d92-319e4df74ee1	-
65:870|f884fbbe-64b2-4f7e-9320-38260a5251bb	+
65:889|71fdde1f-245f-4710-90a6-4e1b1df49254	+
65:891|aaf913ea-e14d-426a-ba05-d9bf62f64bd0	+
659:1236|beff8c76-dfca-4e03-8035-154c4e923b72	+
65:914|d78de6f6-6c47-47c1-826e-71872fd728a9	+
65:924|567f2bf0-9991-4a91-9726-f12982fc28c2	+
65:953|2a6d24bc-5b6d-4337-a8e5-dfe380c166e5	-
65:985|259b560d-a588-40d8-9a82-553c5f632562	+
66:1011|5bfe3891-9f0b-405b-ba63-87c76c75eb3f	+
66:1012|da471a9c-860c-4eac-9731-dabcd8c1c350	-
66:1036|11ef5d7a-fb86-4203-9ade-bf301ec55e57	+
66:1105|62075294-7a5d-432a-af40-7b954bddff26	+
66:1128|797923c1-2985-4e5c-a308-b71e0197ef65	-
66:1148|e196855c-79a4-4cf4-8379-44f7719d442b	+
66:1149|f357370e-8c9a-43a2-8f95-9e5002e491b8	+
66:1151|0c76a55f-a799-4639-8ed8-575a4459f556	+
66:1152|63c0217b-01ce-4a41-9755-5d34ea14fad3	+
66:1153|610f102c-c507-444d-9a84-a9fef880dde8	+
66:1165|6a50317c-63f5-4400-9c08-561c7239de58	+
66:1165|d4692bba-878f-4df5-8384-ff413fa1205b	+
66:1167|8b6079d5-41b4-49ef-a662-35f43e37bf86	+
66:1227|140b1bd3-7e0e-436e-b5ef-2aff816289b2	+
66:1230|1a7ca23f-1477-41dc-80ee-71ee54a85a6f	+
66:1266|58fff9b5-1da1-4e57-8045-a7bb25ae3a74	+
66:1267|a0e6bc48-fc56-488c-9df2-5110d1d5f179	+
661:3169|39b0f74b-7e5f-4621-988d-5cd725b55506	+
66:1361|a6addd3e-9ef4-472e-9026-e5e5c6945e8a	-
66:1364|eaea2a09-ac1b-40cd-88eb-cdf450448997	-
66:1371|a900370a-7d06-4223-833d-50af28f1576f	-
66:1373|19de844d-8474-49e3-9eb2-f5fbf114f9fd	-
66:1375|d362fdfe-aa23-4d12-8e79-12dafbed178e	-
66:1381|59d154f2-f923-459c-aae4-5e9f41ab5c73	+
66:1438|b3261a29-10f0-41ff-879c-640bd1c8a873	+
66:1479|86d8e49c-15be-4daf-b451-a7b4c3e08ea5	+
66:1480|02eecfeb-69a6-44a6-8dd7-a8411db36516	+
66:1502|b25d9885-e723-410f-b2b2-af8a795fc1e2	+
66:1503|49f11b7d-7de6-4c4d-8d19-d9581b552a26	+
66:1507|dfcf4fa5-16d2-455b-8b55-f8fb79d8e50c	+
66:1508|db5e5410-f714-5102-9edd-11e85ca48645	+
66:1511|e46df248-b039-4e88-8a1b-0df10aa4eff7	+
66:1513|f6245bb1-9293-440a-bb08-22fd54d73454	+
66:1550|3c7827d5-df3f-4f31-b5d3-896a62af4819	+
66:1582|b5a10ef1-9b2c-4f0f-ba1e-b9eece398c77	+
66:1597|a1fca798-cd0a-40f4-9b7f-1c908e49653b	+
66:1607|c57a3304-eece-4394-b5cd-07bf3453504c	+
66:1623|3bbff09a-2fe4-49d4-80ad-7b2dc34dc3ed	+
66:1626|9c9f83f1-9f71-4b43-82ba-477823378263	+
66:1633|1c318549-a6dc-456e-9648-39f1d51806a1	-
66:1667|1a533afd-2886-4ae1-982b-b7535f2021e9	+
66:1842|a5a39c18-deab-41b5-9f9e-89270e8927f1	-
66:2082|79ac19e8-1512-4073-a7d7-7ea019eeb797	+
66:2087|e5054500-269f-4feb-926e-2b1c9ef37826	+
66:2090|779a458f-fca7-4b1c-a5e4-5c74555c88a1	+
66:2090|ee2a86fb-d523-4bde-8c3d-c5dcd13038c2	+
66:2091|bc26a244-b8f8-40d2-8d80-68d8454a2320	+
66:2092|3b48cdf5-42bf-4e7a-9be3-4312dc271a90	+
66:2093|417568e9-e292-4426-85fe-c9fbd118992c	+
66:2093|7888fd63-9f29-452e-879a-a9c70466f056	+
66:2097|085a2dfb-cfd6-46f2-b9f3-93ca425c5c77	+
66:2100|7800a3a7-3fd8-466c-ace7-05f1b6c89dbd	+
66:2109|accacedc-41f2-4cfd-944b-8adde684bffd	+
66:2123|2c1aec8f-3f82-4f2d-bb20-8e162108b209	+
66:2123|4799635f-ccf1-4707-a58a-0b3e26eaea1b	+
66:2205|294fc6d4-5a57-4c33-8533-cfd12f02e1b6	-
66:2405|8f1b8d7c-2249-44eb-83c6-7ec0d3337547	+
66:2458|4923014c-e71f-489d-86c2-df1f96cb2a1a	+
66:2520|af0f53bd-e08a-4453-8f0f-936654d06d40	-
66:2531|36000888-b36b-43b4-bd57-95b54ba002ca	-
66:2556|071eb2f0-490e-42c9-a416-32e50fed6ca5	-
66:2563|e100adce-0a52-41c1-ac0a-478f5e5c69f8	-
66:2580|b64a1343-3ca6-4d58-b247-baa993e037d7	-
66:262|7a474872-85c3-4464-8b9a-307eb936f9d7	+
66:277|50e20287-5e35-4521-b74b-a5a511b71b4a	-
66:279|36588248-dde9-470a-b98c-4d33226ca080	+
66:302|bca56b25-134b-4841-9e90-821c1082a2b2	+
66:339|eb649ff7-7f51-4264-96c9-194d1e996b34	-
66:346|9d5a800e-9a53-4b1c-b593-b2bd0ff4f5e3	+
66:356|ea9e3f8f-8a7e-4aec-8171-bc4c0d696d9f	+
66:397|cffe9772-8bf3-4237-85ed-d812eedd8f7e	+
664:1223|63b0f3ab-7565-4d07-b069-9cc8dc422139	+
66:426|b50dc281-7eeb-4c45-94ac-8589292a56c1	+
66:440|05098b27-e957-4e19-8588-b6cce60c0624	+
66:470|dca7a5f4-05bd-4ba0-ba8f-0f790f506ca0	+
66:492|55808528-e4a4-49b1-a97c-4bf1fb78d5d3	-
66:494|b8aa86a9-1263-4e0e-82ea-e65a7041f5f0	-
66:495|89e84176-ed8a-4709-aadf-fb37462fea4d	-
66:495|db61ea1b-089b-42fe-bc85-6eb2e820ea70	-
66:495|de11e576-b943-4818-8660-2b2d73a7d1e7	-
66:496|acb76d4e-ddae-4d2c-8662-3dda47ce03bd	-
66:497|ebece2a6-acae-4ee8-8852-54e0126d9c4b	-
66:518|75f91272-244b-4fe3-9f41-3fe75381050f	+
66:520|919b0a00-6eca-4052-b0f1-04257b8372ac	+
66:520|c2d7fcd0-62bc-4644-a5ad-325f5158179b	+
66:521|3b112c58-bfc8-43e9-a2a6-601fc9740603	+
66:522|3de53b1d-1af2-4074-9974-5687d5360d40	+
66:522|cca3082c-2689-4cf9-8f92-bcae4f0cef5e	+
66:522|d9897a8a-a85f-437d-b379-0d295038bbef	+
66:523|0f334112-b0b4-457b-9bf6-f0c974734feb	+
66:525|3bac74e9-ac46-4e3b-9971-4992725d1a4a	+
66:525|aff13fc1-3843-4f11-aecb-98720ec675ee	+
66:525|e8eaa8c2-9b6d-4ffd-a8b9-fc9e1d91cb09	+
66:526|24b2a5e6-6c3a-414a-81df-aebe3d0c98d1	+
66:527|886c926c-c43a-4611-9fbb-4e20971a138f	+
66:527|aa90ff80-81d0-4d87-ba5f-f75d1c9d2a07	+
66:527|c550e467-462a-4d77-ba09-26c042eb7a0c	+
66:528|8e5b6257-1967-490a-8747-b02035beb409	+
66:528|f305660a-6192-444e-9f4a-e3399f6ffe3a	+
66:532|c60b3778-949d-496c-b067-bc3d19f8a036	+
66:533|0f7ef8f7-efb7-4a0f-b405-2f1c4ad9d298	+
66:533|2d33d8f2-a551-470a-8494-5fdb04834bdf	+
66:533|93dbbcc6-0fc2-4a63-bd79-f0c8cdf12827	-
66:534|9e3cbae3-c820-4249-9560-2873959bea2c	+
66:534|b0ae3f3a-a953-4312-a1ca-089eaa8a484d	+
66:535|1a29c473-064f-49a6-ae18-4d151218b9ce	+
66:537|11b0889d-d1d5-4e20-a68e-5043a6a2ccb1	+
66:542|7a849a4b-8d6d-436e-a044-daff353527f9	-
66:542|ac2fd58c-2f70-4cbc-9783-f2d9910bcd78	-
66:543|21d18055-da23-4f8f-8961-61afbc7096e0	-
66:543|709b2f4a-c9b6-4adb-8ff8-54987fa0db96	-
66:544|35e6a1f5-1fca-48e7-9d87-2caf8b8a9a99	-
66:544|56bfb54c-634a-4454-bb24-5d702f123c68	-
66:545|7a961815-0b9b-40c8-a94f-26e11bd91b07	-
66:545|f3c1a5b9-b753-43b3-ae24-0d6d8c2c1699	-
66:546|5c5f59b1-5fa1-4db5-a66b-d39398ad6e59	-
66:547|1df6afe1-888e-4115-b419-e4f508ad1431	-
66:547|42c52551-817a-4d27-86c3-5e6b6dcc6e79	-
66:547|d312fc8c-a8e9-40f6-a4e1-d85008ace0fe	-
66:548|0ac1c937-a1ef-461a-a247-46a4ceeabb4f	-
66:548|6568b44c-2a04-418a-bc35-41a51ee78379	-
66:549|5c057c6e-a301-4bf9-adc7-2f9e06df79b6	-
66:549|8fbf16be-cab2-4a3d-a76f-848c290b2b92	-
66:550|96ca0177-96b4-430f-8d88-d9f006ef94dd	-
66:550|da4196d0-9d36-4c43-bf5f-9d5ce0658ee2	+
66:551|1b8498eb-2740-483b-a1ac-3de6bc7dbdaa	+
66:551|7b01669a-6c96-4a9a-8017-5c4131674f37	+
66:551|a1e0b220-98af-4985-913d-be27b87794fc	+
66:552|566116e4-1d1d-4018-8b4d-510e64195b34	-
66:552|987adcef-e7b8-4df6-a7c2-fc391519ac32	-
66:552|e2ea168e-ccaa-4607-8155-79be16fb086e	+
66:552|f8bb06cb-7ca8-4aa3-ad15-7f33c55969b8	-
66:553|7ac3ce55-cba6-4e88-938f-eaada04ae645	+
66:553|83e2091d-de5e-4ac6-a076-5f475d88fd24	+
66:553|87c414ef-18fe-4e00-9669-df7ac416ccd4	+
66:553|893ac370-cd1d-4c56-a197-fa247b50d0d3	+
66:553|95f8f12a-193f-4dfa-bd1f-a5dab14a2602	+
66:553|989956ef-2f7d-41a4-a09c-3239979dbf85	+
66:553|f351c896-1359-4c44-afc4-cf813daca1c8	+
66:555|2971e3fe-7b5a-4fad-a092-6d7602b52dff	+
66:555|51d02fb5-4457-4d23-add0-893c188b7146	+
66:555|759e08ea-0abc-4eb1-aa46-48531cbe488d	+
66:555|ea3ab403-561e-4e2f-ae6f-4301f9ac45d2	+
66:555|faf782a1-da76-4e3e-aad1-4838d29e7bc6	+
66:556|4427597f-ac30-4aa3-ab86-203fd95dd817	+
66:556|9b065bd4-a1d7-4818-bd40-75816090b491	+
66:556|a16b1ec1-3fb4-4c14-a8fd-0ee57aa444c1	+
66:557|9875509a-a9b1-4b2e-86fa-fe645af2b8ef	-
66:557|a9496891-58aa-491b-b8d3-3624dd8d41c8	+
66:557|b7f4b680-dd77-4581-9df7-68f9441258ca	+
66:557|c7de55d4-d3fc-4ac9-a867-44ac1b965f65	+
66:558|8439c418-6244-4806-9f3e-63304bd5bb00	+
66:558|e4505378-f66b-4f85-b528-913f0baa58c5	+
66:559|d436ca43-8275-4373-8585-2db920236ac5	+
66:560|0eed44e0-17e0-4c4c-83dc-3151c31075f7	+
66:560|7fe8eeed-c2b3-490c-ad9d-0b5233923cce	+
66:560|8a55affc-aee1-46c9-8493-7333d2631e33	+
66:561|878b74e2-dfcf-4252-99b3-7bded6bb6fcf	+
66:563|c90f1498-6c71-4984-bee5-5182a6002c32	+
66:565|b3b2a5b1-91ba-474a-a8cd-7d59994a0704	+
66:579|e010f24e-1ccb-423f-aa86-0060dced5677	+
66:585|b97d839f-a88f-48ca-8c0b-b8e258f0b5fa	+
66:590|a3ea4b6d-0d5e-4507-8bca-f61299745b47	+
66:594|db4dc167-b526-4ce8-a1c5-89da3f971334	+
66:598|07981462-2db9-4dbe-8983-b957d4fd77d7	+
66:598|35318ba7-835e-43a9-a447-7f5ce610b289	+
66:598|9d99e1be-8886-486c-9fe3-1b751977eabc	+
66:599|176d7e45-8420-47ba-9dc1-2397304c70ca	+
66:599|24d8e0b2-2c3f-4ec7-b456-067730d1f5f1	+
66:599|c0ad7ba4-ba10-476f-b742-1d935e083be0	+
66:600|0178e66b-a428-4dfd-837a-ff7cc41d2f6c	+
66:600|05c043fe-5de0-42cd-ad2d-0dd6f93d9d1b	+
66:600|a301b3fb-d83c-46a5-a6dc-779826ef18df	-
66:600|c39a6c14-c4f4-412c-a52e-faf0050c1811	+
66:600|ddc68ac9-af56-4438-9178-51ea37594134	+
66:601|22cfb79a-2536-49bb-b9e9-ba32cedbec64	+
66:601|b0327a92-be1a-4d4f-956c-5b121d6949e1	+
66:601|d046e7bb-2dea-4843-9b56-0bf1fb2d7a2a	+
66:601|f3b948ee-86b1-46a8-9615-1ee1eaf8765e	+
66:602|49710b98-402e-4878-a12a-c815177e50a3	+
66:602|83affdc6-3ae6-47fa-8631-8c13cf802504	+
66:603|1352ebc2-cd0c-4fc5-bd4a-19a42f9a2c10	+
66:603|218f5a8b-c4b3-40bc-9e44-37a07d2330c2	+
66:603|da12d9b9-b397-4558-bcc3-a09511c004ac	+
66:603|fb1176e7-1948-4e3a-ae85-32b16278eddb	+
66:604|2ef8eca3-f268-4029-949e-2d9ec67a0da1	+
66:604|37d87951-07fc-4694-b89f-8f2328639aea	+
66:604|bf44b323-a781-4961-b3d7-ce23cc56074e	+
66:604|ee0c3921-d9a6-4f2b-95e5-35f3dbede700	+
66:605|072d682e-7a81-4c21-98ca-90a268129c7a	+
66:605|a21f957d-f0d5-4e27-8aff-fbcf821166ee	+
66:608|44e814dc-67ee-4aa8-8790-00d70cd23ef6	+
66:608|7659aff7-bbe5-44ae-a11c-c09cb61527a5	+
66:608|9a0b7fbd-3889-4fd1-87a4-0036e3acb767	+
66:608|9bc90854-0d3b-4026-aa88-c519408704f1	+
66:610|43bd97da-d1c3-4a24-a09d-3d7b947c5460	+
66:614|3b8084fa-bcfa-4a88-9cbd-46f147724719	+
66:614|d6ef7a62-6b6a-49ef-9d44-33822c577310	+
66:617|6c8ab9f0-a07f-4ebe-94dc-64fcc46d1059	+
66:618|69886ae0-1897-46df-b343-9b20805c01ff	+
66:619|4dcb5d50-185e-4c0c-96be-12e04e1b7e4e	+
66:620|4006b10a-fee5-445f-b958-7530ad710ff7	+
66:620|4d8cc1b7-e2dd-400a-a712-a50424bc5f67	+
66:620|75ea2520-2880-410f-b7d7-90b77bc84350	+
66:620|a7339153-3caf-4726-8dd3-74056e560586	+
66:621|04399ec3-4280-4186-ae6b-4ee45d5441bb	+
66:623|8926d189-3ad4-48c5-b204-a19a1f50e490	+
66:625|e57dfdc9-a8d3-44fa-a361-c011ec0b27d7	-
66:627|5b41bfb4-f764-4ca7-ab82-66c40674a732	+
66:630|c05b681d-0385-4cf6-8ba7-c00f9cd76a54	+
66:637|51f9742a-33ca-4d94-aaba-427ed7381211	+
66:637|804a1713-0a7d-4101-9cfb-bbfc349ba4eb	+
66:638|7fbea601-9084-49a6-a759-b60d4f742122	-
66:639|0e7b8527-1d39-4281-848d-99cb2349df14	+
66:640|296b2f8b-a951-484b-9191-ca63de3b2b40	+
66:640|a7fb84c7-3754-44f3-a965-f1537bcb7bfb	+
66:640|b3e925e1-1c94-477e-b463-f653d8815a0c	+
66:640|e41d0337-cc1a-43c9-af1f-032858d95f01	+
66:641|38a79623-7565-40b5-a0d2-2fc0f11d7e90	+
66:641|9e62a418-cbad-4d97-95b9-fabaef2802ac	+
66:641|c77c6b58-ce1a-476e-87ff-ee1531c291d7	+
66:641|d2e3a1a9-454d-4022-841d-12edc08d32fc	+
66:642|1401951f-eaf6-479d-9c62-1f3ebef9f195	+
66:642|4e1c4de2-d97d-4d68-a44a-12733c7b5888	+
66:642|8cc1757d-2837-435f-9602-4b9bd033116c	+
66:642|afa985b6-b1c3-42bc-a25d-fc98d2aeff7f	+
66:642|db01ecc1-549d-4c84-943b-2cdcc292e64e	+
66:643|52099f4d-aea4-4348-b7af-98f5b9e41b66	+
66:643|8951953f-b854-4af2-8477-f3fe1b007a59	+
66:643|a4df38c5-8214-42b8-86cd-ec53e3ea94ee	+
66:643|d72b9d93-9287-42bb-b0b3-23bd0893bd24	+
66:644|1027c5e1-2e91-4df8-8002-06385fc1ee02	+
66:644|431d1113-9ce1-4611-8654-e5f22433f898	+
66:644|72eceeab-d0e6-4c04-af59-f6a8832bb42f	+
66:644|f7e6cef4-0e9a-44e1-9d44-e9da8a84f0bb	+
66:646|f52375df-8e56-4c0a-bf3a-cbb12874418d	+
66:647|3aff6ae0-2848-4d52-ad5c-afc781d3d4ae	+
66:648|675fca42-0c88-4345-84d9-0bd0a3af1d20	+
66:648|f19ac53d-8857-4dd1-9c50-8de2ca7cd7d5	+
66:649|44b20278-6dfd-45e6-8ff5-576e55af1d2d	+
66:649|7c0c5870-56c6-4241-bccc-e7671526ae7b	+
66:651|1ce0c058-b82d-4a07-ad7a-c7cf7eafb945	+
66:651|de59f3d3-4969-4778-95d8-4c7021d7db0a	+
66:653|fd6a67b3-c2dd-4d4a-bee5-f3974138f292	+
66:655|6beaa852-bdee-4dfb-8503-083a1d67cd85	-
66:657|76a78b9f-e64c-403a-8b2b-ca69ed745ecd	+
66:657|9893d07a-793e-499a-8b38-a55ed3675292	+
66:657|bb800f8e-0dff-421d-b1f5-6c89ac542640	-
66:658|27dd419e-b14f-4e7d-815e-36a3845ee4c7	+
66:658|983f60a9-d713-498a-b99d-e2eb95146cbe	+
66:660|8776e1e2-e810-4f28-ace6-85abaebb240c	-
66:662|f1aea094-b0bd-4de2-9094-6bde0b3ffe12	-
66:666|e1d84b8b-bb25-4dea-88d1-e08ad924a2d0	-
66:667|4b3e8cac-45b9-41f1-a964-c8d1b0393854	-
66:670|d94710a0-e927-4d31-9d0a-d0a185f8ca23	+
66:683|0630b0ed-0d49-41df-b25f-33ce87bca59e	-
66:684|044cefe3-f8aa-4c78-8e48-7832e49c105b	-
66:684|7ee25221-63ba-413c-969c-bb651879c260	-
66:699|a0f31dff-b171-4ce5-af57-dbae65aa32aa	-
667:2183|449fbc4f-2f25-4683-9e77-610a88cf1caa	+
66:734|6f12845d-abd7-4c6a-93af-f891ecc8cdfb	-
66:737|55977d56-1078-45d2-b2e2-347926e225d9	-
66:738|b0faba89-b529-4e9d-ba48-092fef00862e	-
66:738|cbf9b4dd-027e-465d-ab1e-4e99b058f2c0	-
66:740|25b3092f-dbf7-43a8-9d85-14de593fdcc1	-
66:741|5f96d331-4a7c-4548-9252-648a44e0aa1a	-
66:751|ab19af11-5db3-4cbe-95f6-38bdd3dd7a21	-
66:753|e61a2e01-a297-4702-a3ee-63882fd67166	-
66:765|52025e2a-0243-4bac-aaf5-009e522aca78	-
66:765|79c547b4-24d4-433f-9d98-cc662d865000	+
66:802|45437c09-d795-4d74-b784-9335cf37c627	+
66:805|96a189f3-2eea-402a-ab1f-71e7c179f13b	+
66:810|29b52322-a9cd-46c5-8df3-2dc6fc3288ea	-
66:835|ec405466-b451-49c2-8686-ff8664129266	+
66:836|0606c1b3-9282-42fe-9433-24b3fb55803e	+
66:841|f53ada6f-27de-46e3-aa47-1cdb11424829	+
66:842|e60914aa-7846-46e3-ae18-fdc3bc5744e1	+
66:847|5f18aae0-ae91-4629-9490-63a82c08c305	+
66:849|32c46e13-6b1d-4c84-a96f-98ae05e798fb	+
66:849|7a8ec9f2-7b4e-427e-8c82-d7efca5336a1	+
66:850|65021709-c73a-457a-bb64-eec8f296ec55	+
66:853|8de8b91a-ecf9-4675-ad3d-09607020eabd	+
66:854|62dc2552-2755-4a88-9546-6d7a6b36755c	+
66:855|efd18e1c-d69a-4223-8ec3-9a635a5327fd	+
66:856|151b2b03-1720-43b0-a111-cf319d938d2a	+
66:856|d3d3ca05-13b5-4603-ad27-31d9c09bc567	+
66:857|2e99891c-6ae4-4104-8c23-6cccf9328ecf	-
66:862|05ee70be-a742-431a-b20f-cf71c98d35d4	-
66:862|bf0447f9-573d-43a0-b66e-296ea134882d	-
66:866|92a48db4-4595-4a24-9e75-04b48858c1ea	-
66:868|f0c7e0ed-9fb8-4538-872c-867e9aa06aad	+
66:913|ff7e1a7f-c08d-4867-9851-d2ba7e613db7	+
66:953|2ef24427-01cb-4117-8010-1d7b38a4c366	-
66:960|61588dad-5b86-4111-a6ec-007abe0c2eb1	+
66:965|45b55981-5b96-4678-80f0-6e40622f74fa	+
67:1016|04376358-1f47-434f-88a1-f27b06b045fb	-
67:1016|7ffc7879-c34b-4622-991c-cf48b2426958	+
67:1017|28cb8c54-3f56-41e7-9abf-174a04467085	+
67:1023|a2be89d5-05f1-4067-9d9b-94eae4a0bd80	+
67:1024|9a02c9af-7e7b-48c5-a5f0-2794914be7df	+
67:1031|9963c17a-5597-4371-bdfd-3be2bdf0db79	+
67:1037|612f72c3-3df0-4183-a2e3-9954f3bb782b	+
67:1116|a7902507-6778-4e67-9976-5e430d634153	+
67:1138|6079f2c3-a899-4ff5-9c03-693903c7da66	+
67:1138|65cc0632-4ce0-4015-a4a7-85a309b0885f	-
67:1145|f4b559ed-ebc6-428e-8569-d77886ec5dfa	+
67:1155|9aaffa83-b188-48b5-88d0-824d8d88037f	+
67:1156|4b76b904-8d9c-4b72-b0c7-4423846c1647	+
67:1156|a3266192-e640-431b-83d5-caa5d838dac1	+
67:1157|78a7e81a-957d-4d0d-a87b-3f66f68411f5	+
67:1171|8670a367-1911-4d01-9fb3-90e88b948e97	+
67:1204|b752a097-8dea-4052-8d48-468cc0ca875e	+
67:1326|917792e6-9776-4247-b228-4645c0d3366b	-
67:1356|f6386aad-95d3-4150-82d0-00df0dbd51f8	-
67:1361|1f058038-022c-4a6e-89b3-167e7a424a42	-
67:1379|4113eb72-84a9-4561-85ac-edd8a35fc38e	-
67:1455|6287b91d-dc5b-473e-8dfe-f24556d5bf41	-
67:1473|0f39dfcc-f33f-4bbd-98d2-5d1f926136b9	+
67:1479|69ab49ab-c5a0-4ae8-981e-db1cfa5881a0	+
67:1488|81d6ec46-9a80-494c-b4d9-c824b100995b	+
67:1490|4934f3cb-1bd7-402e-915c-cbb1472b2204	+
67:1494|59dbf548-c1c7-4b6b-8b40-f99f2be427bc	+
67:1499|f5626b42-9090-4400-b156-55dd2db294fc	+
67:1504|019a160e-87ff-45de-a62d-cb88eab73a8e	+
67:1505|91285a64-7313-4c40-8217-2f807cc8e9de	+
67:1508|2118b996-77f9-4cda-ae51-1cfc78110489	+
67:1512|025ce09e-b8b3-450b-bdf3-70cb788a4f80	+
67:1514|c343a680-c954-4efa-8b58-870ba010e45d	+
67:1600|4ebe968c-702f-42f4-ae49-bb54c1b2fee7	+
67:1641|9ac066eb-51a7-4520-b1b4-6421c91d771d	+
67:1770|3fa9dbc1-e836-4df2-9fd1-5422494740e6	+
67:1910|e173d996-f465-46ee-b102-bec421dd786c	+
67:1914|8d0b4788-166e-4556-8bb4-13632320f617	+
67:1915|f34e286f-758d-49a5-b8e0-6ba18265b9cc	+
67:1931|0e4db244-8992-418b-bc17-031538093367	+
67:1955|f668c9ae-367a-44de-b5e3-2f77c555c05d	+
67:1957|ec2a12f2-0338-4ca2-9dac-a40bcc14dd6e	+
67:1961|704d6792-5af9-4dea-981a-9d45e825478f	+
67:2059|bc39f0bd-a646-49ce-8b8d-0bbe9fb9baa6	+
67:2082|627a0b4d-af58-4315-9a8d-7051a57e86de	-
67:2095|50b8f0af-e518-4419-aea7-03a878475644	+
67:2097|32aae64a-0573-473a-8579-4d8c95f66866	+
67:2097|5fbfa123-809f-4219-b39b-cba5f867b7b8	+
67:2097|b4c3e7ef-f83c-489b-b4dd-ad99a10ee47e	+
67:2102|9364dea5-c8a6-4b16-a8f9-ccc5e4fc4b47	+
67:2103|a47fb1b8-86c8-4efe-ba92-4cd73dde3c64	+
67:2105|f1e523f0-06ea-4be4-8457-e246f31ab091	+
67:2162|1794cf33-b227-4df8-a597-46ace91a8396	+
67:216|c7787da8-03d3-4eb4-aa0b-84ebff414ac7	+
67:2185|eef473fd-71e8-4862-ab80-eecbda5b2587	-
67:2312|4e78fa80-30b6-4e06-857b-b7191ab73c29	-
67:242|1c9636e1-4423-412a-bb4f-8fcf3ba5d199	-
67:2510|4d3db47b-676f-4cd4-a1fe-c2606887e97a	+
67:2543|71e77edd-539d-40cb-b665-4f1067db93f1	-
67:2571|edf96b85-b3c4-48f6-8808-59e34b5698a9	-
67:2584|61a0fed2-4a89-4214-977c-c1efc377c64e	-
67:262|bfcafb8f-5a3c-48e7-b341-5dd65a0867bd	+
67:273|5dee76f8-6f99-4d28-a2a4-dc1ab99b4442	+
67:315|c9c0ae79-15d0-4023-ac22-f4ce4b4b096c	+
67:333|588c01cc-a323-4007-b412-17cf0a006401	+
67:336|84208931-c8a9-47ee-8c8f-82e73f4c5f3c	+
67:339|b0d3774c-ac3d-432e-b66f-a3d813476cdf	+
67:342|01d9121d-e688-4b21-9787-594c44ecbae4	-
67:399|e4e07ac9-1aec-4bc1-a98f-5aa50765b529	-
67:408|25080da6-e8b0-400c-ab28-f113e4fbf6e5	-
67:448|c9bc490f-0061-4669-b843-9379e772eaa1	+
67:455|551848b0-07d0-4ac1-b2a4-9d87e6ad13b4	+
67:455|76c0517d-66f0-441c-a5bd-2db7314ae098	+
67:459|f94e5b7a-1a79-40c5-8400-dde957fa56b1	+
67:466|05a1167d-b237-457c-859b-a26e1a865e82	+
67:471|b43a2b7b-de22-4d52-afde-be596fad9daf	+
67:475|d7d47e54-3f1e-4651-836e-54df010d6b42	+
67:479|cebee7c5-24ec-457c-8e55-96f156e20ec3	+
67:485|626eb5ac-93ed-46f6-b4dd-08a2ff12d42c	+
67:490|34c7c23e-020a-4dda-92dc-44826ea3d3ce	-
67:494|9d20a552-f119-42f6-ad54-bf16e56f744d	-
67:494|d7be5303-46c9-4506-9957-0e942d30f80a	-
67:498|ee85834d-ee41-417b-bde8-e467cfe05399	-
67:504|68156cf2-40c8-4a1b-aa5b-c17b8c3bee1f	+
67:519|45ae6460-22c0-4486-9d05-d26b19227880	+
67:520|f920b212-fbf9-48b5-bc9a-048bd92873ce	+
67:525|1320e4fd-125c-465b-a6f3-d4219a6fe193	+
67:525|b9ec4c86-df81-4820-8cd4-cc5717b7e200	+
67:525|c256fb42-4a4f-5e96-a6d7-4570035f655c	+
67:527|1eed2cac-990d-49c5-af5b-485df13ef033	+
67:527|3cfa4c08-0e0f-4520-ad52-84d1538f0583	+
67:528|71b4264f-5211-434e-a948-0dcf275eeae4	+
67:531|0d860c00-1aa9-4eff-bb19-1ee700e4bba2	+
67:531|713c135a-5ce3-403a-9daa-2ffed2e4a895	+
67:532|958a3355-3212-4b4b-99f1-fe43313a04dd	+
67:533|34958c1f-d363-483d-9916-63e6e4658f9b	+
67:534|222111b6-8865-43e8-84b0-73f727694c7a	-
67:534|2f632942-06e0-4f6a-92f8-f9fd6f9ea216	+
67:534|75bb180f-82f0-42f3-ba21-27bffc857dd7	+
67:534|ae5c1669-1468-4d42-afa4-d576c726678e	+
67:536|479eb0ef-4bfa-43d8-b8a2-5fe58632894c	+
67:536|fbea4f74-aa1d-4955-909b-3761d629d111	+
67:537|9aea4ee6-c623-41d4-a4e7-868755f72549	+
67:539|ae52e03b-820c-49e9-8f48-559e83a46b17	+
67:541|389a3954-d17e-4d7b-a79c-e43c64056a14	-
67:541|dd0214c3-155e-46cc-a7e1-afc0d0de7056	+
67:543|75a96fee-23cc-42b6-a38c-259322741abf	-
67:545|15af9775-cff3-459b-b795-7a1679466b57	-
67:545|3fc4d4db-dcf7-4a59-a119-7a86708fd890	-
67:545|4cfa68cb-1b24-4052-8cee-f7dd91ae0d3f	-
67:545|67bff9f1-4a28-42ca-8ede-8333074c1141	-
67:545|a8aa0dde-b8cf-4674-9452-7f79dbf32cf9	+
67:545|a9c324c2-fd5c-4213-ac1a-36fe018848db	-
67:545|afc6b613-f53a-4fd0-99c7-11bcd09ce349	+
67:546|2c73e6e6-3e47-4502-9d37-a975257dfccb	-
67:546|38ff13bf-15cc-4376-94f8-665b6f757a7d	-
67:546|5ab1e67c-fdad-4862-a931-2af680d0d1d8	-
67:546|6a123844-eb6d-48c4-8fc6-95f5df649420	+
67:546|711b8281-e04d-4604-9a4f-b104d1995180	-
67:547|92e798c6-04b5-4319-83f8-0be2ad84bc75	-
67:547|d6c66274-1f56-411f-bfa5-5e0ebbc2a37c	+
67:548|94315784-3ff1-41dc-93df-3dc93d954e5e	-
67:550|4a82c4f7-442e-4547-a967-b009346692f5	+
67:551|e073b772-eef2-4655-8e32-e7eee47373da	+
67:552|48b18c0b-7768-4657-8e99-c8f1ff7e140f	+
67:552|5920d75e-e2bd-404a-bcfb-23960f79531a	+
67:552|9b45ca79-3ef0-46c6-922b-82790ebcea63	+
67:553|439d31cb-fe6f-4cad-8da0-ad633631de39	+
67:553|4e7b88c7-090d-4827-95eb-4793b3bf17bd	+
67:553|64a64b40-1d1b-4504-8e1c-71db0331a52b	+
67:553|6903e4e1-9244-4dd1-af27-65828a4bf121	-
67:553|8d65a602-d63b-4bdb-b563-1da366fbf3ab	-
67:554|0bd7ff6b-59a5-4574-818b-d1b2b31eb61e	+
67:554|211a3082-0c1d-45dc-9d4a-3040689d4489	+
67:554|2679c0eb-4b0d-4327-b51a-f76174128a82	+
67:554|6d925d32-474f-45ae-b29b-268d4d2fbc43	+
67:554|7381d26d-3c45-48f8-851d-7a2ea66b9eff	+
67:554|7707e2c5-5b31-48e7-acc5-be1792140b3c	+
67:555|032f4ba8-e115-4a36-929e-374cfb9a4906	+
67:555|17a7cfaf-9aa1-41b2-b979-65acbeab7e39	+
67:555|7b0c7a48-ccf8-4c2e-a0af-1c0c1ece56b6	+
67:555|a9cc9d15-8ebe-4234-a064-287e1f0eba6a	+
67:556|043cadc3-8f70-48c7-874b-6cecc80dfc09	+
67:556|efd28e65-f8fe-4392-8533-4b67aa331a57	+
67:557|33321dc0-2b17-4bed-85b4-d63ef33474c8	+
67:557|64eb4e21-3260-57cf-82ca-f5276189c359	+
67:557|dac98340-0f13-4a2d-b76f-922d2463280a	+
67:558|4e645291-ee40-40f7-8f06-6d983dd1f47d	+
67:558|55604db1-2809-43b9-bdac-44eafab757e7	+
67:559|450e07f8-d910-44e4-923f-d1d2aaf47aa6	+
67:559|59d248c5-5406-4157-b7ec-2f935c853721	+
67:559|958eae85-df46-40dd-992f-2d8801860d26	+
67:560|ed7c8ac9-7a9c-4e5c-8eb8-adebae66fdfe	+
67:561|d0e3fa16-6201-4e71-8783-9f44e909e6ba	+
67:564|4246999f-1b89-4e91-b105-d56f42d3726c	+
67:567|a9646c10-ec40-4d3b-9dfd-fa63407a9121	+
67:570|2cf81f4e-b760-472a-b77e-9ec564ce8121	+
67:572|5330c533-55b9-4573-aec1-6d3de8617bcb	+
67:577|2a031668-91ca-4786-8d61-e2c283060c32	+
67:580|e5005cb9-40b7-44e2-8910-ffe10388cdb7	+
67:585|2e5d7d50-cc17-4516-b65b-627e25bb4330	+
67:596|3837eb03-cfc7-4a38-a1ea-ba03c3be349f	+
67:596|531e8052-9c7b-4576-a15b-a9719e083c39	+
67:596|c1f94614-b220-48ee-b401-25c655f5eadd	+
67:597|09234f0b-8caf-41d6-9564-2adecb3569bb	+
67:598|06e2b20c-737f-4b13-9f2e-03adac3405cd	+
67:600|15bbcca8-ee06-488a-b021-c195cfd8b13e	+
67:600|932fbd9a-da16-4a6b-b0d2-15fb0965b78a	+
67:600|9c4dbd3d-89f2-4db7-a47e-a44a582ae07c	+
67:601|3a9ed543-8e1d-4985-958e-b8858973fdea	+
67:602|4ce9226d-9618-460f-a7bb-be7f2a3b0ccd	+
67:602|5eaf0546-7589-46f4-9aee-14bf844fdee7	+
67:602|ce3feb0e-2ba3-409e-a0da-03dbdd09253a	+
67:603|49a766a2-b3da-4f3d-8e7f-8e6c153c329e	+
67:603|7fc80669-0e0d-45ef-aa17-cd86fb206189	+
67:603|b9e172ec-dcad-4539-bda7-d52459c6f5bd	+
67:603|d5dc7b18-0566-412e-b49c-5579f5886a1b	+
67:604|27740c9b-2245-4197-9485-4ec7d945bc85	+
67:604|5c922991-8d7f-4757-b01e-b7708be4788b	+
67:604|642fddc9-f411-4d7c-8aa4-b6f828840f95	+
67:604|da45314d-b7a9-422c-b6c5-b06004daa3af	+
67:606|3c817151-d31e-4b6a-9e43-f7bb830a2d23	+
67:607|05f1a433-57cb-4104-83f0-3b845a73ec54	+
67:607|3d512f84-81e9-4b05-874c-d4ad57f104f7	+
67:607|a4b1c9e6-d9c2-4c56-b31a-917b9aefef72	+
67:608|6f262bfd-5b77-4d72-a2eb-490980e9ca14	-
67:608|8ecd2d06-798c-4610-ad08-ca30409c8e22	+
67:609|ddddccd2-0ffd-4fb4-9902-f48f2d00afbf	+
67:611|5232efc4-43cc-47b4-bd4b-44f768496468	+
67:613|21721225-00c2-4670-ae36-6a58b895f9c8	+
67:616|7d028980-1d9e-4f02-9a08-bd65578bba40	+
67:617|71f8cab0-739c-4299-8bda-e15352687010	+
67:620|2b30fb03-9c6c-4486-9473-6acec67ce2fb	+
67:621|78723b36-f8a6-4649-ba48-f398b40ceb5f	+
67:624|482c3cf3-7aa6-44f7-900d-25f1df65cd1b	+
67:630|89c16fb2-db19-4065-8fec-bff03b07a5ba	+
67:631|9ab74332-ad67-4082-bf05-377b57212f6e	+
67:632|f714d98f-95c1-4b3a-9c2f-4bdd6aa9d640	+
67:635|68c8640f-00fe-4544-ad44-41342b5616d0	+
67:636|87839f28-9832-4755-8be9-c799bc5bbfa5	+
67:638|d6edc9aa-c07e-4516-b474-cfdadfb7fb68	+
67:639|6703ff27-4c31-4745-b22f-d87b33fc8fc6	+
67:639|be14a57d-92cb-4000-9b0b-a09271960920	+
67:640|17c2d27d-3487-4d52-b000-c62f1d4890a0	+
67:640|1d9f35e0-90d9-42c6-a68d-fd7f12cdc2a2	+
67:640|38632cf6-fde4-4903-88f2-e60669b75171	+
67:640|7c4b7bd6-f14a-42ac-9546-192c84c1a771	+
67:641|0cc7dd48-42d6-417c-bbd0-8718c86d2f73	+
67:641|324c6b51-572c-457b-99ed-3962a68a35cc	+
67:642|6300a3fd-15a9-473a-8428-4872c8e936b9	+
67:642|e9726ee5-8ae5-490d-8707-d49dd1bb04c8	+
67:643|3301392f-0c67-4e14-b2c8-3be502280a16	+
67:643|48c1e90e-bf22-4a04-96f5-80b0d47416e6	+
67:643|b65336cb-63d4-4e52-b369-c6f95bb7dc6b	+
67:643|e3d4038d-06f9-4bcc-96d1-bc5f351dbc5b	+
67:644|2ac7633e-5b35-4cf0-811b-d2748c85fa59	+
67:644|3168f6c7-7224-4d26-a792-9777a3260012	+
67:644|54f2eec7-29ef-4f13-8c85-a887d45403ed	+
67:644|9091a02f-290e-4672-9bcd-fdbb7fa99cc7	+
67:644|b3d6c120-8429-4bba-82e3-5968d6cc28bd	+
67:644|f012a563-5807-42c5-9606-4ec4c7a09a58	+
67:646|6f6ae2e8-1ead-4136-9b1e-70ef8c0a249e	+
67:647|6b662a5f-54aa-4cb0-bce0-0810ff2f2e74	+
67:647|8bc1d717-a7ce-4daa-ad65-92212bd3273e	+
67:647|d6d491bb-2aac-4205-996b-7ce035743ce3	+
67:648|578f8289-4cac-40bc-a65f-0a230656fe32	+
67:650|f7bd0ac6-5d2c-471e-bf3a-319b6ef605f7	+
67:651|e238028c-3098-4dff-a5ff-48248eb4a66b	+
67:652|d28773c1-cc1d-4441-aec5-54ca205bcc35	-
67:653|6e4b9ccf-ed79-4193-bb5f-46333f6f237f	+
67:658|1d78b067-c4fe-4fe0-b06c-65b73b7821e0	-
67:658|d3393fe1-04af-4af6-aadc-f72e565890a0	+
67:659|bbd05c4d-3aa0-45e1-96e1-b1ed15484927	-
67:659|fabcba7a-e5b1-49c8-9a24-42377d90dadc	+
67:661|363465bb-902d-46a3-b858-247fb713fb97	-
67:662|5c81b424-889d-4ba0-b218-0b7cd087d557	-
67:675|563b8b43-962b-4603-a27b-0d07ef5e97a5	-
67:686|daaceefa-913e-46f9-a6be-fdfb190b17b6	-
67:687|2e82c340-a3a1-4f24-86f3-586a0b9bd847	-
67:689|9e818e99-5135-40b6-8a72-13bba7c9639d	-
67:689|ba5f38d4-a794-44b3-a00e-979550ec29f6	-
67:739|051d03dc-deb1-4851-b3f3-a67f5737c991	-
67:742|c10454e6-a821-4349-a5e3-745f6e446942	-
67:745|78ce9adb-f8e9-4203-a4c3-f43aeb3c32d1	-
67:749|edb0e9fa-7813-4bec-8e1e-b2fc6d6e27a4	-
67:750|9f9dc5fa-cdef-452f-be27-3602001d70fa	-
67:756|d728b19c-d3fc-4a18-b2ec-24024d8a91e8	+
67:756|e64c908f-b652-4d0f-95e5-0c2eca5d8c78	+
67:762|20f18768-6bbd-400a-ad3e-1045efe69cc8	-
67:766|525db7cc-6952-44d2-a43c-346c8a2fc756	-
67:767|533e8b6f-62bd-4b95-a9df-af918317d0f3	+
67:781|a256f23e-9024-5fc3-bb41-f1c64e8c067e	+
67:813|38993ae4-d820-44f9-8b89-747320f203d6	-
67:813|504aac82-0e77-458b-ae76-b013d3c5f76b	+
67:816|db5e4b46-40f4-4bf2-a795-ea09ae1e20b1	+
67:826|57530d5d-b9d4-4b9e-b8b3-3a59d13b12a6	+
67:845|3aede29a-10d3-4554-8291-b59de89ab124	+
67:847|127326ce-b764-479c-90b6-4a35bb44039f	+
67:847|5e107585-baf5-493c-9d77-c2ca3c1a4aae	+
67:847|d93dea11-71aa-47b5-ae1f-010dfc2e38a5	+
67:848|16aa2e27-4fbd-4f87-93bc-7d698748adfa	+
67:850|91949ba1-b146-4959-bff0-521260879137	-
67:850|bb20fb63-5399-4bf4-8d6d-995229963e13	+
67:850|bb56c4a4-38d3-403d-aa71-0e787153bad5	+
67:851|0a89cd27-0902-41d7-9a9d-da379bb86c11	+
67:851|54e5650e-77ca-4038-9f84-830e38649637	+
67:852|07a930a9-8df2-43b4-9f71-6c8a15ec708d	+
67:852|cd1c5433-bf1e-4f0d-b8dd-24453945ecf2	+
67:855|106ee915-c394-4dcc-b497-99bdc2177084	+
67:862|d2859024-2bfa-4e6a-bba6-f9603a75cc92	-
67:863|a3c0d05e-af1b-429c-93c3-92c2ad6fbd0d	-
67:863|acadb6b2-c49e-44d9-86d5-86cf2d28407f	+
67:866|46c8a2a6-8315-44b6-99cb-8d5e7e602e95	-
67:875|839fd701-eef2-4e58-bd6b-b09fcd254665	-
67:973|9fa8e43c-d07e-47cb-a2d4-eaeb62432b4d	+
68:1011|5bf47cc3-137f-4a3d-b5b8-70bcdf80a3b9	-
68:1018|de2472f4-c26b-4fca-b08f-6c6e75806819	+
68:1018|f19e2bcc-50fc-4c58-9480-d688213da6e8	-
68:1026|595fac8c-fb9e-4298-b224-4a4d595114d3	+
68:1040|b2b63fc9-dae3-48f7-8898-02469b4bdba9	+
68:1046|13e8bfaf-37f5-4f08-ae19-0b9cc32e0114	-
68:1055|a1161f57-b31d-4f45-978c-cb2e3db2fb03	-
68:1067|4e761e47-e138-4c46-b1f4-e5173c6ed233	+
68:1071|184a2dcb-6bac-41fe-bc49-95ce3e2f77c9	+
68:1080|3a16ec11-263f-4a47-9117-edb4e431735f	+
68:1083|43eeb600-ad8c-46fe-b8d0-e5f5574c7af1	+
68:1100|bad69f19-b591-4c89-82de-c3613265582e	+
68:1121|4a1476fa-e63d-4cdc-9b05-b0c60a1f64b1	+
68:1149|b8873b3b-4cdb-4c6a-9eb5-ea23ca685ac0	+
68:1150|ded7de0c-740c-41ad-b4fb-a75813e44ba2	+
68:1151|bd78aff2-7947-4453-9cd8-5454deb24291	+
68:1153|43fbe465-89df-4606-8349-96a6bdd09d45	+
68:1156|d9107a7e-648d-4559-9661-0ee7f7474aa9	+
68:1157|d50b069c-1655-4f2e-8380-3d10782bf33a	+
68:1158|434b2dc1-6b5b-4905-8623-9837e3e2f921	+
68:1165|9f8342f3-be76-443e-a0ca-2d40660afc47	+
68:1166|c4b431e2-64da-4a92-9817-26e100fcf7fa	+
68:1232|4f472a60-f76a-430f-9e51-a36e279f4164	+
68:1234|87b97fe1-7750-40f9-a536-75f1fb987cec	+
68:1234|cb338883-3f1c-4ab9-b3e3-00e8db69fdde	+
68:1234|ed3c0b8e-b5c1-4789-8521-0016619125b5	+
68:1265|c995b72b-4f88-4c8a-a40e-6204502b59e0	+
68:1326|0bc6d235-270e-4625-ac21-ec29dc6fdb5c	+
68:1330|cefc2d5f-033d-41fb-bcee-7a2cdb77c700	+
68:1371|dca4b70f-2453-4219-9a03-c07f674f8c5f	-
68:1379|10f3bf71-cd87-496e-81b2-f6d843056248	-
68:1488|3d1b8ab6-afd3-4e7b-ad38-e222512e4d35	+
68:1488|5c84acb1-b658-4481-865c-1ab14e47b215	+
68:1494|5046803b-1914-4a22-aae7-1f4333a906cb	+
68:1503|22bd20bf-cb38-402e-bf81-431d3325c789	+
68:1505|6b92fb6e-0cfc-4d06-be5d-b3814ca91793	+
68:1505|76741bce-f434-429a-85cc-4461a5c131f4	+
68:1508|38590fa7-ea64-4b50-b40e-cbf3186800df	+
68:1512|fd10b77f-5ff9-4907-bf2b-ed608ffdd14e	+
68:1529|564da113-f23e-4b73-adc6-623c0e797e0e	+
68:1540|8a558d6f-5ddf-4ed1-9798-3b0aae48cde4	+
68:1633|b4546093-de63-40d1-b2ab-4e0686ae5f4b	-
68:1635|a58c4720-97f6-4eb9-8030-b155a66ebb98	-
68:1675|0554ce7c-3d32-4c90-bab8-ce9a0ff4c186	+
68:1722|a113ef4b-ad15-4eb5-9888-d4a50b39bd89	+
68:173|4897a54c-35f3-486a-91b1-7dd3669d7218	-
68:1948|986d26c6-ab34-4594-9ed8-adaecdf29aca	-
68:2054|4c7d2ffd-5dbc-4917-9cc3-3630e4660639	+
68:2061|5d288369-28a9-4400-9677-9f771543ed34	+
68:2084|38f00edd-57fd-454e-b4c1-f6835b213c5b	+
68:2087|d771b7cc-a570-4c1c-b916-3d82b334b8c1	+
68:2090|20b83f01-0948-4f11-bcd5-7a58ba89096f	+
68:2090|3f7c836f-703c-41fe-8521-918f2dddbf4f	+
68:2091|880b06cf-a793-4b9e-bbb8-15bcc02565cf	+
68:2095|a17f2e9a-f84a-4bfb-8634-6807372706c0	+
68:2095|f6bf3c09-dbae-4a34-a19a-a64b51db5951	+
68:2097|2550e188-790c-4291-a16e-569219570fea	+
68:2097|c769182f-7cd3-4c80-a630-b2e557685621	+
68:2097|f756f577-c0ed-4f3f-8be9-c7494316048d	+
68:2098|6dd41615-96aa-45a5-b2c5-9ae372f790bf	+
68:2098|fc7f2d07-d716-4d82-8f2a-ca20845889fe	+
68:2101|bc18c677-41f3-428d-be3e-6422596bdabd	+
68:2101|c8002255-0772-4e1e-b597-5ae9f2de94b3	+
68:2102|a64ec54c-5824-44f1-88ca-dfd869d239a3	+
68:2104|22ea5a86-99d0-4687-b9ba-3da5ef11f43e	+
68:2107|17d1ac91-d003-4574-8915-66f38a6a611c	+
68:2108|435bfbe9-5dd6-4140-b1b0-ce6b8a211f5a	+
68:2108|81f20a2a-d62a-404f-861e-11878b1d89a3	+
68:2112|91dfed68-2b09-4247-a3f3-22382b692261	+
68:2113|0998f3b7-da3e-449a-a858-f2959c2c2790	+
68:2126|b314085e-5fda-44e8-a145-d69aee3646ca	+
68:2157|b27eb5bd-26a8-4800-84b6-42872f4527bf	+
68:2311|b6eb3110-7bb5-421e-9fae-378466e0b7d7	-
68:2544|c9a2ac35-c1a3-46fa-90c3-8f4d716b7241	+
68:2577|5cf95cf7-94c4-4e78-95b3-160ddd910ca5	-
68:261|3fb8e713-d9bd-47df-ad5b-375c3d3626f9	+
68:290|75793a0d-9398-4513-b3e3-dae95e36d7fe	+
68:3252|5cb72fda-3a3c-435d-8176-cb666fb6e768	+
68:358|07292dea-9064-41cb-b2c1-383dd1f61eac	-
68:374|1c73f4e1-b77a-4454-bb16-5847a592c052	+
68:394|f92563f3-94c4-4421-a58b-c07714c8058b	+
68:396|b6443b79-8d51-47ed-aa6e-ba03dcf41a12	+
684:1653|04a2016d-1cdb-4e11-93d4-470150a9898b	-
68:447|90ec1e11-7ea4-4393-9f84-872381a525ad	+
68:449|964e40b7-1084-4cd6-8e7b-bcaac4cecd33	+
68:449|b8f995b9-6a5c-4a5a-8e4f-0c669d394889	+
68:450|d989fe55-225f-48f7-875b-40cd20aa079b	+
68:456|6fbac6eb-5a98-4cbc-8b37-7349af61439e	+
68:469|1cf92bc1-65cf-425f-aac6-14ced190afb3	+
68:473|59acb8ce-8b7c-4607-947b-cf4e2d31ac54	+
68:475|f643c11a-116e-4e92-b792-cd03091b0e16	+
68:487|81e92d27-9cf2-481d-bf72-985891eff6d2	+
68:495|bb5969c7-3a13-408c-bf80-6ff6f2281609	-
68:497|892c4671-3478-4412-8ab3-d3ee368acfcc	-
68:498|bc829a43-e6a6-43f8-be19-f151d0a75e5b	-
68:499|a1713ea7-3326-4daf-9470-2abb4044a185	-
68:500|0601f109-8107-4f2e-b7f6-fefeb8240b7a	-
68:501|c7236d23-2314-4622-b9a0-db358507dcd2	+
68:502|44dee3f1-861b-4cde-be79-37bd501da6b2	-
68:506|469c25d7-26e1-44cb-8b52-cdb9a37cef97	-
68:512|8524ee4f-df41-42e2-86a3-921de2eda0b2	+
685:1774|4703272b-fdfe-49a8-90ab-c9bbeb7bba4c	+
68:525|cf6a6699-0186-498c-a6a2-92b70c10513f	+
68:525|dd7b3612-a108-4db5-ad6b-6126129dd0fb	+
68:526|24b59589-b559-4359-b299-670b6fbadeeb	+
68:526|a05480ec-0931-4de2-aa3d-d219bc8f8fb4	+
68:526|c3542d47-25b8-4f0e-a2ab-5acf01dbec8b	-
68:527|81718103-4abd-4a27-9cc6-559931e90cc4	+
68:527|bf1dd76e-9c3d-4034-b516-27ed80b36875	+
68:528|63e70cb6-74e7-4209-a805-b20c583df915	+
68:528|e89f1424-81a6-4baf-b919-9e9b1ba04c98	+
68:529|2e0c562c-6ec8-4998-84e4-c91642c88592	+
68:529|d24f7a8a-0f61-4a2a-b86f-8fd98c031523	+
68:530|a5fea19f-fbec-4800-8f15-3571ce7df92b	+
68:531|f4ce9363-1157-4d4f-ae01-1a47b0546c93	+
68:532|575d8a4a-d282-4bde-82a2-6a02c26505fd	+
68:533|f6605ab4-77ff-4d0b-b9b8-611d0ec53894	+
68:534|60b39694-bade-4f9d-8f51-365d4d348eb9	+
68:535|11151f08-cd39-4b49-a9ca-0a868cfcdac4	+
68:535|6f33eaf1-7326-4ac9-a7b6-87f2b933c6e5	+
68:535|70260e57-92d6-44d9-a613-4050c1889a13	+
68:539|5092f144-6b6d-41ee-9da4-2a6e8d908f63	+
68:540|5144b2c5-3017-48c5-aa8d-431f22d571c2	+
68:541|cdffcd21-b191-4d14-827c-81985e038762	+
68:543|95434923-6fe3-493c-8059-e1199fe3607a	+
68:544|604bea49-dc54-46e3-b410-158fc622c07b	-
68:544|82810531-9d4f-439b-a13b-6ab7eb314f37	-
68:544|a00fe5a6-c14e-4563-88dd-e635ab5823aa	-
68:545|66a97524-3a9a-4bdd-bd14-a0decacef8c8	-
68:545|ebdb97ab-5a52-4317-b169-fc2b3eca248a	-
68:546|1659d063-4231-4846-920d-195c4bf43a6b	-
68:546|21b0e556-c0f5-40ea-91fb-618d1a3785bf	-
68:546|2a638f0a-26d3-4ceb-a8c7-ec7098429697	-
68:546|498ffe4f-8b38-4b37-9788-56da9baa14cd	-
68:546|944da964-e98c-43f5-a428-cb6ef1e5b0b6	-
68:547|2d3eb0a2-5527-4db6-a950-37b5d051d1b1	-
68:547|6863ca6d-f36a-441a-9fcf-90e10d33877f	-
68:547|b64847c6-9786-43f1-9361-2c7608c47eb3	-
68:547|d0890cbc-1c6d-495b-8e94-be377530d938	-
68:547|fa42892d-7346-451d-8d67-f02d30bc2587	-
68:548|46565c58-95c9-4d2f-bef1-d55de07e24ab	-
68:549|020a695a-1314-4011-b2dc-8c01135bf8ba	-
68:549|55ae9786-11a1-47e8-b2f9-94cec770ebd3	-
68:549|7414818c-f3e5-400e-bdc4-030c39c8b2c9	-
68:549|7642da12-4907-4112-a780-55937e37970a	+
68:549|831bf862-5c18-40bd-8fe7-1832b4201c73	-
68:549|a271118d-872f-4a08-b78b-1e1dc4c7a1b1	+
68:549|b77dc4e3-3c72-4629-bab1-31b18f11a3ac	-
68:550|2c5190c6-2dc1-4d72-b533-3cc138eb8477	+
68:550|8659a967-6cff-4c50-b68b-abd5f79ea335	-
68:550|941145b0-37f0-4ca3-b70b-cfdebc464d0b	-
68:550|b4b7b9dc-32fe-4c7d-9192-8e849ae4ff04	+
68:551|f27316fc-6f8e-47f9-a5cf-a85161cce396	-
68:552|c3e5d91e-19bb-4567-82fb-5ffe634915f8	+
68:552|f7953f14-a399-4d36-a9a5-b93f6f1b67c0	+
68:553|2714c4bd-192b-4141-b061-5383d4506daa	+
68:553|ec19c22e-959c-44de-9e91-bf28142a4809	+
68:554|4def4b4c-7955-4475-a9c2-9dab56d1cd4e	+
68:554|74a54879-baf7-4381-af51-fada65f11216	+
68:554|7b942815-ad62-47b7-9783-cd529374099d	+
68:554|8cd4c001-1893-4dbe-91a7-86ea59785cb4	+
68:554|cddaf36a-b61b-479e-a053-ea492c9bd18e	+
68:555|4351bc76-070a-4fce-a30a-ca5b0ffe2c25	+
68:555|f8d741d5-41f3-4edc-8f8d-ce4e333fc6fe	+
68:556|1a9290a1-4224-4aa5-9302-f71ea2231bd1	+
68:556|36454fc1-2591-4ce9-aa08-77dacf538324	+
68:556|589a9870-e04a-43fa-adaa-b5c7083f0bbb	+
68:556|91b7461d-3dfa-4f77-8a35-9968a6fd23b3	+
68:556|a9e885d6-ce4e-420c-8bdd-0e1ee9d941bb	+
68:556|bd9ccd62-1f62-41eb-8b83-a7d33902d967	+
68:556|e820ff6c-30de-4240-98df-63542b2bb910	+
68:556|f77551e3-c06f-4c7f-a3dd-5e58b5238dac	+
68:557|2684d33d-5bbd-4f90-8701-ab541d21034e	+
68:558|202748fd-3599-4c27-9b19-0bdb7b8b4535	-
68:558|25420fc8-ff63-4c96-b371-385ddb05b916	+
68:558|6ec18007-bfe1-4d8f-8aad-e239d9c29385	+
68:559|dfca25a1-2e1a-4765-b5e3-9a660d77cb49	+
68:560|be4ba581-f612-41dc-913b-0ddece1c920f	+
68:563|5131273e-1548-4698-97b9-135fd5a6c710	+
68:564|f001107f-4852-469a-9106-2626a522c232	+
68:569|882c0bea-e4e0-4e2b-80e1-ae260099334a	+
68:570|ef5b9479-1bd6-48cd-8bd9-5095c2db9318	+
68:577|35b189ac-b64a-4679-96f3-6a1eada9bf96	+
68:579|e4a5354b-25cc-4f33-8096-269b96284280	+
68:579|e9246de3-d47c-422f-83c8-4a7cb9b3fdd2	+
68:584|a07a4c41-0b86-4120-8c93-a115a0934c45	+
68:587|7928cd4e-70b2-465b-978e-f1fc2945bf8b	+
68:596|bc97384c-6818-4f8f-b633-77498d60dd7b	+
68:597|1e247f17-18cd-49cd-9b4b-4a6c52dca6cc	+
68:599|9b75c05a-03fe-4ea8-825f-ed579e1ffcf8	+
68:603|744f4c6a-d11d-4b32-a1e1-5af8ff2ff4e5	+
68:604|21031a44-3eb5-4708-a26e-64d44f6dbc6b	+
68:604|7d46a05b-a39f-400f-9dc4-ecc64216efae	+
68:604|afa9f5c4-7b90-4003-acfa-65d292a6dc1d	+
68:604|fd3bd1be-e6cf-487a-9b94-956489b82256	+
68:605|4746b661-8cbb-4c3c-8a80-2fbd932c1463	+
68:605|c0abe3dc-8108-4f46-870a-cba4c85bc7f9	+
68:605|f16cbbf6-a318-4590-8347-c57c255cad53	+
68:607|291c22c7-b4e4-4bcb-baab-813a2e222676	+
68:607|88d02e8c-2228-4552-85dd-10e8c061300f	+
68:608|3a3e9b97-90d6-4661-b043-fac44e1d6a71	+
68:611|dd4e6caa-fd01-4143-9d5f-49d03581522a	+
686:1272|354f0326-854a-4b6b-9960-1bc09c3eb910	+
68:613|933c1dfd-bb0c-4185-92f2-53fea1ea6a7c	+
68:614|b05150fa-428d-4484-8f7b-b1ddde5a3b2a	+
68:616|1eb58919-c346-4edb-9ff4-03f113f2e8f2	+
68:616|246e976a-638c-43b0-af2d-429b92e87342	+
68:616|b84c0a4f-3276-45df-bd53-8eb586e3bac0	+
68:617|6388c7b7-252d-4a55-b8dc-202ecee24e65	+
68:617|d7873027-030b-44b4-9acd-81d862f5cda6	+
68:617|e34dfbd0-73b9-4d91-941d-7507cdbee7c8	+
68:618|46f13ee5-0ae0-4e4d-b7ec-c02f048d751a	+
68:618|d192bfba-1b6e-4316-8b0c-7d54b18ef906	+
68:619|92cfdc96-7050-4cd2-a4c6-c37063b546cc	+
68:622|17504517-9ba0-4667-b641-4fda666991e3	-
68:622|310431b1-c29d-4a19-b83d-8a7e70c6160b	+
68:622|5a2d00e0-1fe8-4fd9-9f36-50401445504e	+
68:625|fa9b5ce3-ef51-47a2-a5cf-987c03af131a	+
68:627|61ed5084-2231-4338-82cd-cbbfdf512cd9	-
68:631|cc6040ff-3bcf-40b8-9dd7-d8d475ba4958	+
68:634|3cc7c951-67f7-4d0b-9613-59b9dd196ea0	-
68:638|a272bad0-5cfb-4004-aaae-d34e5e2c1594	+
68:638|bcd5ae16-a3e7-4e3f-9f23-f102450581f2	+
68:638|f4a096ec-af3a-4c89-81d4-8f50c1dc6516	+
68:640|ee101503-2baf-42b6-8deb-1b8503aca2f5	-
68:641|92c9c2e4-2d71-428b-ada6-35bd0bb83815	+
68:642|60e93623-21f7-4eba-ab40-bbe4321bd768	+
68:643|1897a1e2-7783-42b9-af0b-edc6c06ff2df	+
68:643|1f0ffc1f-91c8-4cdb-85ba-961d240f792e	+
68:643|2931c9e2-031f-4504-bfd2-cd6541bb7a46	+
68:643|84e02472-d8a2-4f85-9412-b9010551d0a1	+
68:643|88b67e8d-feb4-40a3-b5fe-899eda0cc526	+
68:643|9b46f6df-cb30-41dc-b11f-57467ac3ba3d	+
68:643|9d126261-c8f6-4040-b213-e96d541d8c09	+
68:643|b0f8426f-c402-423d-911f-71e5064bc4e3	+
68:644|71edf008-71d9-4b70-9b51-b74cd0ce8051	+
68:644|a3a631aa-9e7d-472a-aa01-8a6a8f4c624d	+
68:644|ae5bfb50-04ba-4b7b-b38c-f5cf6c6bd767	+
68:645|0c4e018f-a6b4-4a8f-bbc2-49051ab668af	+
68:645|31b2b7c9-9ce7-4c6e-b70f-16bd4e526a6f	+
68:645|79df3b3e-77b8-4cbd-bf05-afcdbf50b93d	+
68:645|a7d5923c-111c-49c1-8f4a-a5858c508f8d	+
68:645|a8bcce47-edc7-4fa6-888c-5df32bf40021	+
68:645|d9ebea88-8e10-4922-8e44-ec7c26f119fc	+
68:646|2cd519f1-a91c-455f-bcd2-8e102aca9dbf	+
68:646|2ff521c2-793e-4bfe-8482-b6f11f5140c7	+
68:646|6de45634-0498-45d5-af12-8a9811785b9a	+
68:647|38e29611-ae32-4960-90e5-eb33c2b88b44	+
68:647|4500bee9-4cf1-453d-89e0-1ac76088f4a0	+
68:647|fbcd8794-719a-489c-bcb0-d8bc27fd71ff	+
68:648|a6766f29-a87f-4280-acb0-8e372b92f5c2	-
68:651|3050e3ee-8f3d-422e-8dc6-9a4b3eaffedd	-
68:651|d7fe46a9-c659-4a9e-a867-736e6db37475	+
68:652|663f5098-9642-4609-98ab-f60c80f3af20	+
68:654|bce2911e-cbb1-46a8-97cb-2cf971fbc4ab	+
68:658|ed6415ba-6d2b-4d8a-928e-d7a78d268c20	+
68:659|415d01b3-a233-40c3-a5f3-84d6bb8cea83	-
68:659|94b792b8-c4e4-46fb-a8d5-b00fa5f811bc	+
68:659|ce0c7091-939b-47ab-b012-ce6ad95cb7be	-
68:662|2d56274b-70f5-47ac-a3d3-705b60ad00ec	-
68:664|032e46d4-789a-4811-a75a-9dc75da8f14e	-
68:665|41f1770d-2230-45d7-bb37-24fd30a29333	+
68:667|2141067c-77da-4d94-b762-70e2dd589976	-
68:667|8b8db5e6-f6bd-47bc-927b-d8528653d574	-
68:678|aff787b6-bb1a-462f-a97f-734bdcad85e3	+
68:686|0b6283e4-2ab4-40e9-8b30-fda89bf6c6c6	-
68:687|d3a7d43a-be2c-4dd6-b786-fe716b1c6222	-
68:687|e2fdc405-0a5e-43ba-96e3-407a9a8af81a	-
68:689|049cd965-43a6-4601-a37d-9d4ecdf9cb1d	-
68:689|29700e03-54b4-48b4-ad21-e78923e5caf7	-
68:698|633b90ab-9da3-48a0-8a0b-0c13064662c4	-
68:698|d51bc31e-a828-4b04-86b6-329b7afd8d59	-
687:1262|6103669b-1bff-4993-ab5b-2858ebf9cc9b	+
68:734|38620f3d-0bc8-4cdf-82b1-d193117d6867	-
68:742|02aad94d-3acf-4dad-8f89-68bb187a4ba2	-
68:742|24b91a01-30f1-4a24-8397-552eaffa7eae	-
68:744|107f0f6f-a342-451c-8493-d19fce1cb83a	-
68:747|406b9ae9-4b87-4a85-93be-912b9806ee3a	+
68:748|1f9659b5-e842-49b5-bfff-df9662e04975	-
68:748|4cec4694-e1aa-4d7c-a8c9-599f3d715f81	-
68:763|429a6de8-64f6-4930-8e04-1dde9259d45b	+
68:799|dd16447a-b7c6-45ef-aa11-d4253a2c7ba1	+
68:806|891d95d0-ed82-4ff8-a65c-7208f1386f6f	+
688:1270|2cb03df8-f418-4a01-99b2-4ff7859eaf17	+
68:830|e542d973-dc9e-4ea8-b69d-d5826ce3596e	-
68:841|eaf817ca-de46-4847-9ff3-d8d75e12ad78	+
68:842|2467fcec-5e08-4ec1-a23f-ccc42a5fa1ec	+
68:846|a66d1b71-09e1-4c92-8a6c-a6b40830f939	+
68:846|dd3d8157-21d5-4d74-be64-ef1fb9db51d3	+
68:847|2c3bb45e-4f33-4520-bb4a-3f3386fd490f	+
68:849|dfb77ae9-3f79-4aa5-845e-f977b9a86a24	+
68:849|f22ffbaa-b579-4d99-bdba-2c49ccf6b5b7	+
68:850|6dad1250-4877-421c-9945-67fea1d8fb0d	+
68:852|77072c18-84e4-46d9-87da-cb7e979f9e6e	+
68:852|a291eb97-6ad0-4290-936a-6befa7fe2bd5	+
68:853|44c21c2f-0e87-4ace-a3cf-3658e10fb865	+
68:853|8717f1ba-cc54-4383-8d5c-baa7e5af9f09	+
68:854|638c1ae9-7c13-49ab-9e6e-d691ac983e10	+
68:854|bf91b01b-c606-490c-af4c-a87c132c26b6	+
68:855|3a490fda-bc71-4a66-8ffe-4b3a70b5bca8	+
68:855|92a549f0-0250-41b7-8e14-a43440d969e9	+
68:862|a83f5b4e-20a1-4c70-98d7-4a897bac6fa1	-
68:864|4126513b-0c47-4e5f-8b0c-071eefdd5f49	-
68:865|71e270cc-f0d4-46ef-913c-e580b50f3d4d	-
68:865|9bc5623f-a4c8-4030-b406-b56a616ff2c7	-
68:866|2651ff09-18ee-4411-a5bc-37c5aea8d06c	-
68:867|5cf6da3b-a2c1-42ff-8d2a-d1e7839e07a6	-
68:868|d77ab1fc-6c00-47e6-a90a-8416e795a74d	+
68:875|f25ada30-8a3b-4f89-9b1a-dbbd5fc9e1c8	+
68:908|807312a9-a081-4ce5-a0b3-32f4e3b7348d	-
689:1159|7870652f-e337-4a40-8f21-b026c5d535ce	-
68:935|09dc2dfa-daef-4e54-bc76-4bbc86358066	-
68:959|efc5d30b-6621-457a-9265-dcb3d87c9f42	-
68:962|22cf90ee-b456-43fc-bc5a-0fdd559d2440	-
68:970|369cef60-5f2e-447e-b3b9-933d170149c7	+
68:975|4a5725a3-af62-4190-9122-58a78f525e21	+
68:980|bc3b2f41-cc2c-4fc9-8a82-67f6b4c5b337	+
69:1011|8bf81d98-ac31-4ce3-b778-4ad60679e76f	-
69:1017|90a9158d-373b-4b06-96eb-83b87c9c8465	+
69:1020|cf6e1b48-b8f6-471c-bdb5-b55f80769d2e	+
69:1032|6589b534-9bde-4260-88dd-9d739cf996d7	+
69:1042|571ff136-d1b8-4a98-9628-aa49cd8fbe55	+
69:1079|e4dad55e-61e0-4543-a7f2-000f60f385c8	+
69:1107|8285cf05-1429-46c1-ad5b-caefe4d39e18	+
691:1216|1b5d8d92-4c18-4064-9b89-1c0b4cd509c4	+
69:1151|534ca1fa-cd85-4b14-80ce-16c990c7f715	+
69:1154|047ec2db-f324-40e1-8872-cd307aff329e	+
69:1155|a7d3ffac-d73d-4649-8f7f-2cce1d20d242	+
69:1157|89182f8e-37a1-4151-81f9-2b3af2fd5f06	+
69:1158|9b81e856-536f-462d-a79e-0edc7174420d	+
69:1161|5f953bde-51b4-4c44-bb0e-4e9bffb0f487	+
69:1162|790c2b11-9fb7-453b-a50c-4f84194d9b83	+
69:1163|d289cf14-4030-437d-8043-59f7b22157a5	+
69:1179|6a02b99d-21ae-4be8-8a55-c60553541426	+
69:1188|97df12a5-ebe1-4205-a067-306566c271b6	+
69:1214|11b12d7c-ae6c-4b5e-b1e7-fec7be2fec78	+
69:1224|8387b9ce-8da0-4607-b676-7093ed4d2077	+
69:1244|2d19b2e3-9f41-4643-9b26-348c29a2beeb	+
69:1256|2330f06f-b640-4454-a212-0e0bdee88bf3	+
69:1271|5d80e16b-6f53-433c-9a6c-b99860301808	+
69:1275|a08ea5a4-8581-4385-ad66-fa4807615dbe	+
69:1310|a6a4e4d4-4ebd-41b5-9234-71294caacf3a	+
69:1371|a36a0249-1ef8-49b6-b3cb-fb068f27d3d4	-
69:1374|048d6ab8-b2bc-484e-969b-3d95f8bd83e6	-
69:1374|07a46ffa-72d9-4938-819b-a4829021057f	-
69:1383|8e491118-66b3-421f-90de-9bb68a5308e9	-
69:1394|9b45ccdc-f251-42f6-b75b-872fb9607a3a	-
69:1451|479c6b17-2795-4d79-9b94-7babfc5eee29	-
69:1495|4d3b56ef-57bc-425b-99df-fc07308ababf	+
69:1506|91ea53a8-bfa7-439c-bcac-579da29a282e	+
69:1507|519d14e6-0c95-4ebc-843d-e53fa84e2766	+
69:1507|675acb70-893c-43a2-a717-1d15f1e06da8	+
69:1507|7f92bfc9-e729-4563-9d94-e1c1332e411c	+
69:1508|e58c564b-8e54-42e2-b0c2-900d65065e94	+
69:1511|2308fcd9-0aca-4a72-be5c-1255a3b3d70e	+
69:1513|76d686d8-20ff-4c43-8341-ec5a04275c89	+
69:1516|49bf5500-161a-425c-bce1-8b3a3f993c71	+
69:1518|c3af249b-aada-42e8-a87c-4558e4326280	+
69:1525|aebde579-7d5b-4d6f-880f-eaae93430a1c	+
69:1531|5c6c4bc6-2535-4f75-9638-6ffe58706e07	+
69:1615|0a114593-e80d-486c-ae04-bf5b10fb2066	+
69:1629|773992d3-9339-497f-98af-03c51ca0f8f7	-
69:1645|1560c9db-0a9b-4465-8d30-4533d8cd7890	+
69:1655|a70ea101-4e22-4306-b867-0d5f3976dc21	-
69:1795|13553457-eba2-41ad-87e0-623db248560a	-
69:2080|65066b85-cb72-4ec3-842d-fbab383f51a0	+
69:2089|d71014c3-82b7-4ee8-8c0c-5d8a897fd517	+
69:2090|e57e1807-02b8-4682-b3fd-be7d33d71b4d	+
69:2093|3310aae0-20c3-48fc-80b1-3defa4f6b17a	+
69:2094|04002bb8-19f1-4aff-9adc-2caa40a640bd	+
69:2099|c07d0b73-7b4c-4c9d-b72c-7f5ced30acbd	+
69:2099|e1d3c3a5-4357-4c62-a594-291eb05fa51c	+
69:2100|da78aeef-0e0e-4647-9a4d-19c80a8b8d12	+
69:2100|db663d9d-f708-47fb-9169-0ff20125ed80	+
69:2102|261aacf7-2510-4c78-9d08-b4079afe9397	+
69:2103|7f6d2f76-7e9f-41e0-8e01-5aaeae23b055	+
69:2105|656a255d-83b5-43ea-a7f3-a5fa3c9713be	+
69:2108|3bfa0a99-bedd-46a8-b23c-cd5a21351af0	+
69:2109|d6386817-bf8d-4791-95e8-70334aa291be	+
69:2116|bdd3421e-0dbe-4575-8fc8-30527ea03e9b	+
69:2124|23951cf6-f4a4-40f6-ba75-c51f9162c885	+
69:2126|5ead7a08-f802-4a6c-8852-c3b6f481458a	+
69:2135|bf64c19b-d6f6-4029-829a-f92aabd74731	+
69:215|11647ecd-f571-4493-93cf-adb34cbce474	+
69:2153|f38186a6-6feb-4b6f-921d-4ce10ffc6715	+
69:2227|b1ad4a55-823f-48c2-b98c-c753e58d012c	+
69:2311|aa425382-c539-4af0-ab37-af8d121e10f7	-
69:2315|0deb0974-06ac-48f4-8ce8-d7b3494b6ae7	-
69:2351|9c224f30-37cf-446b-8aaa-ca4b3a45e5e3	+
69:2538|a165db1d-511c-48a3-bdeb-89fd7f59bcbf	-
69:2539|ed64d4b1-552e-4b39-a842-ba90169d731e	-
69:2558|baf121c5-171e-41f0-9361-9f0a3d0eb2fe	+
69:2569|82380beb-3d81-46af-b7b6-ac08d6387c61	-
69:288|f6b73e6a-bcce-4bf7-9c6b-a69550ad2799	+
69:3310|b66ca0ea-d6c3-4181-be90-b559502cb94b	+
69:332|8473b37c-6c02-4d55-9fd1-e089ad741c54	+
69:333|cf49e75d-a3a8-4b6e-a99e-1df5b74fdc35	+
69:360|a151eed4-927c-4d1d-a34c-f1dc6d96fb65	-
69:366|e744c609-058a-4acf-9954-b302dee90232	+
69:395|c695f8de-d583-47a0-b864-09a47c000fdf	+
69:4082|d7aaa317-09e2-40e9-a013-36a4e5bcd264	+
69:415|b97ebbb9-74b7-4630-9999-75b099d1bf98	+
69:436|f71638a6-e00f-46c5-a003-74e9e6ef5945	+
69:449|3d4ea0b4-cc56-4243-a5ab-9b9084769e6c	+
69:449|d1999589-7ba3-4d5b-a249-bc001ceb3baf	+
69:459|ff4b913c-034b-4e73-8f82-ca1cc8739b96	+
69:477|d923add3-e74c-4cb5-beff-521f552d582a	+
69:498|06d8535f-dd04-4376-bfc4-759a0e8622b1	-
69:500|763af7f0-591f-4997-82d9-92cdfe8354e1	+
69:501|8a72404c-7d70-4ea6-a1df-92ba2bb3f33d	-
69:502|372327bc-1b08-4dd1-bc02-ff91e84cc43a	+
69:504|82f901cb-dbfe-49f0-ad9d-4fe8f698f0e8	-
69:508|633a6581-8c56-48a1-9d83-8edf1dd8be25	+
69:512|e62e649a-84c0-4005-bb0c-f7332a5e0296	-
69:514|d8222149-9df9-4ea2-b854-570a5b8cea86	+
69:515|254c74f0-faf1-4399-b58e-4cb9dc8e948c	+
695:1543|6eebccc6-8701-46ce-9d93-dc43fcc4608e	-
69:516|0e6dd1c4-4b60-48a0-b95c-d75ea8b96160	+
69:523|ae863eab-8026-4457-9cb1-fbb4d466f169	+
69:523|ef60f3e4-0f01-45be-9130-ad6f3dd4d2cd	+
69:525|a0d7a100-2426-4c23-afd4-bbd021d07c3a	+
69:525|f2f9c3a9-6429-4100-9e6a-e06776570e67	+
69:527|7c6a0ed9-00ac-4c1b-8b13-36d1e91adee3	+
69:528|8c99644c-afcb-4d77-b619-10d4506865bc	+
69:532|3cb08815-cafc-48a3-964a-09092f9b2aa6	+
69:534|846e15be-cddc-4775-ac5d-ddebdc733e21	+
69:534|af88e250-2fc6-482d-9ab6-df306eeaf15f	-
69:534|e59d8726-9263-4d60-b7fe-10ffc136be85	+
69:535|e60ad170-0e3a-4d73-bd1f-7b0543e468de	+
69:536|dd462bec-548f-41a0-b9ae-bbbeff0003c1	+
69:536|dd469e35-e782-48bc-b479-0d18c68ca395	+
69:538|87e06679-7a04-42d1-aea0-84c16ee4ca81	+
69:538|bc9d7746-95a8-4132-9e74-cdab12d89904	+
69:538|c1095c24-a8fa-42ac-8548-e4473f2d962b	+
69:539|1ad8b46c-0b45-4245-9a39-db3dfc475ce2	+
69:540|0fc585dc-670a-42e6-b169-b567ebda578e	+
69:540|fb3d0199-59d0-40f5-954e-0faf99ee6e53	+
69:543|27158fdd-4675-49b1-984b-98865d18ba77	+
69:543|95283113-676d-4776-b290-8518ca9d4b86	+
69:544|d75a6f04-caae-4dce-bea8-f434d5991269	+
69:545|4183e8ab-54ff-4fca-9572-7cb2bfe13080	+
69:547|162f7301-2ad2-4180-b844-abb9f4ee895f	-
69:547|4efb5041-ba40-4753-a9c3-50309bfab8df	-
69:547|f1d49c44-a66f-4bd4-9b3b-7a82c0753be1	-
69:550|2cefd10a-684a-430c-915e-fe0f39dd02c2	+
69:550|6be0610b-9bf3-4aaa-9284-b6bac964900c	-
69:550|7d9fce0a-189d-494d-bc2e-cf2bddcab0b4	-
69:550|86e2fe47-3bf1-4d26-afaf-9379c7783e3c	-
69:550|8967af0d-6ffe-4f1d-a70b-5f9f199f8cd4	+
69:551|b5b7bf63-1cbc-4ef0-939d-285fcee95193	-
69:553|9ba7a14e-8e61-468b-aefe-a3343cef1444	-
69:553|c4498244-093d-4ef9-85a8-749637de782e	+
69:553|e05b47db-a6e3-484b-8edc-7e3b4c2002e5	-
69:554|2f88c8f6-61d5-4780-a69e-08f311e15a3a	-
69:554|a1b04d72-ee8f-451d-bfcc-cca69a1e43f9	-
69:554|ea42d21d-ba95-4f01-93c3-82cdbd73a43f	+
69:555|1f188671-0ec1-4b67-939a-17f887786214	+
69:555|5c98497a-959d-4b27-8f59-a46b512a500a	+
69:555|68afed59-8a07-46f3-b2c4-8d96a41ad925	-
69:555|a30fb85b-b60e-42c7-98c7-a51b72b2f532	+
69:555|fc6697ba-2d75-4be7-824c-1169b2947f08	+
69:556|0b031f7d-a40a-4480-9689-6ed8c7b5b9c5	+
69:556|3ecabfea-9bc2-4d03-82dc-dc37c6665cf1	+
69:556|6633bb03-0bff-4fdc-b220-1ea356873ee2	+
69:556|7592e2bd-40f3-49be-83c1-325dea3c57c2	+
69:556|83a667bd-69ee-4f9b-ad64-182b093e3634	+
69:556|920dfd93-7e82-40f5-8823-3d6e3cc407ae	+
69:556|f95932c7-52e7-4950-9b94-c361082ce0d6	+
69:557|0811a846-5b44-4ade-ab09-fb294578b053	+
69:557|4e2c20c0-54df-4a5b-849a-7cc0f9529627	+
69:557|5ed1ea24-85e6-4a09-b0f8-3e0d1d397d82	+
69:557|6d0b0e58-dc01-47c1-928e-11ab3645c2e1	+
69:557|9ecf2d48-2d9d-43a0-80a5-fe47dd447bb8	+
69:557|cb9dcd63-a6c3-4fa7-aa60-141fb0e19f39	+
69:558|11da6250-3dd1-4b9a-b3dc-a86af625a9a5	-
69:558|18c0d92d-dddd-471d-95ca-00e46452f025	+
69:558|1b0e019d-2ba8-4bc4-9a4c-d80ab3d93b45	+
69:558|2d00ae8f-c91b-4fe8-9684-968bd0eee245	+
69:558|74a7a1ad-c318-4fd5-804a-2d34e867e390	-
69:558|768c87a9-e836-4586-9f1c-d8f9d5e63e49	-
69:558|9214a366-2a37-41bb-b8a9-1aadb6f7e02a	+
69:558|f0e21b98-84bc-44c6-a15e-90c45b081c41	-
69:559|2fe3d601-9953-4c19-bbec-276763655d83	+
69:559|3615461a-8db3-4cbb-9737-d939adf9c35a	+
69:559|4fde8d3b-dc86-4005-a696-33282774d39b	-
69:559|515632f7-a4fa-4b75-98b7-b7081b792d45	+
69:560|353b44be-15e9-483a-bf31-89a67c81bcec	+
69:560|6e25c795-9d79-42ac-a99e-f57748923721	+
69:560|7f89818d-2867-4bfd-9410-2487d72f2451	-
69:560|cf91f541-40c8-462f-a653-ba4b64b5e37a	+
69:561|042c56be-690f-4292-aa1b-fe3c4abf1fd1	+
69:561|4baaf1ff-5032-4048-8fd4-7f758e8ea5ed	+
69:565|373cafea-7235-44dc-ab40-f512b5c07fbe	+
69:565|4b533981-fb8b-4593-9389-529fe5707f91	+
69:565|a018dfe1-2ea1-457f-9eb4-6039c273dd0d	+
69:568|968860d5-c2bb-4118-a1a6-a84bb1cbda70	-
69:574|307f7a9e-eb74-4e54-9ebe-77094d76dcc2	+
69:578|36fd22f5-6214-4e6f-a60e-560d23c3d63f	+
69:578|aa30c688-5b53-4ed1-92c6-15dc871ec7dc	+
69:588|78d5af94-1a0b-4a73-a73c-b578256f8944	+
69:597|c7f1429d-b78b-4ddf-bba8-272d38c2c2a6	+
69:598|0de43416-67a1-4e90-a24a-e38c0bc04fba	+
69:598|d40ec094-f889-427d-b3de-ae0d0cca7d94	+
69:602|19c7c88c-7690-40c1-80a3-46368191d72f	+
69:602|27ee83fd-3a69-4197-886f-53ef32f5618c	+
69:602|3eb37146-a447-4903-996f-a4c4c4e77dc5	+
69:602|7b33c003-7090-4581-b24b-ea4dd2d36573	+
69:603|251e84ab-ea5e-4893-b414-b73f7cae8af1	+
69:603|46169e4b-6507-4ca9-91c4-ee1dd2093b73	+
69:604|b88b0bd6-8e06-41f7-bde4-a73327fb7e66	+
69:604|d0a9c6cd-69da-432c-b26c-7463f0c5f18f	+
69:605|1eadc77c-9a50-422e-ada1-a8e77f69818f	+
69:605|5cf1a121-8f60-4024-9f25-1f664cd9b937	+
69:605|738baa95-3c11-40c7-9a90-ce887df31669	+
69:605|dca9a695-6141-4366-b17c-a329ad33de69	+
69:606|3554f708-d201-4e25-a434-4c5162872735	+
69:607|0f588492-cdbc-48ea-adeb-91c053f8770e	+
69:607|19b8dc01-9bb7-4dba-b185-2c8c789c08d5	+
69:607|383afe2f-22f1-4f6e-9b99-d3bca9aeebae	+
69:607|a6bd1663-2e5c-4d24-b557-7eea70a82c3a	+
69:610|2aacb564-118e-418b-92c6-e01234ad2fa8	+
69:610|7ad06cf0-1dcd-43e0-8fb9-a5ffcce5178b	+
69:610|de7cdbd3-0b2a-4064-8ec2-bcceff414792	+
69:611|85c8ecc7-f338-459c-8d2e-c44c355d958b	+
69:613|20ac77e9-ff77-4aec-b018-562461b2b079	+
69:614|1d15d04c-3d42-44bb-a389-5002a4d4f329	+
69:615|34d74b59-af86-41fe-ad7f-75f866a1469f	+
69:615|88d283b7-b7d7-40bd-85c8-e5799363c51f	+
69:615|f847c5c2-9257-4b98-9e63-b1fa78c0c193	+
69:617|17ca38eb-188c-4cb1-bd41-334192b00ea3	+
69:618|9e0d081c-68d1-4619-8d5f-79504bb6025f	+
69:618|abc84f34-44da-4a76-80f3-68ff20c2d9b5	+
696:1946|acc1fdff-2aad-4199-a7ea-d36c20b4ccab	+
69:619|fd759dca-2a6e-4948-9947-d3f734f457e1	+
69:620|398d4d10-f9ad-4f40-a8cd-4e0446a53877	+
69:620|4d0e0eb6-f281-4b14-ae64-eb1f086543e2	+
69:620|62318ba5-3f2e-521e-9e01-8e9676d62140	+
69:620|ddef6b4d-c83f-4907-ba74-539e8d1a42d4	+
69:621|f9603db3-30de-4407-9ba6-39e3078f6430	+
69:625|1d2e9a47-7f62-4bfd-b98c-408026df9d91	+
69:626|514e8b31-82ff-467e-8241-9c5c4f69255e	+
69:626|d92436b1-ebc1-4ce0-acaf-4c9e4e1c20ef	+
69:627|1c612b98-57ca-4bce-8e47-96079e93b6ec	+
69:629|cea14aa3-3e57-45fc-b6ff-381aefb5669c	-
69:636|b0471329-88ac-4a10-a904-b24b49e154cd	+
69:638|8341dac9-7aa4-4c38-a6e1-a6fa67aff9bc	+
69:639|0b0720ce-0184-4d95-a7fc-c64edca1a22c	+
69:640|9a5fffaf-a6c1-4206-9160-b46ea901d964	+
69:640|acb44de9-9458-4ad9-af5c-12d00596a41a	+
69:641|21fe2ebe-2e2b-4a7a-86de-5841dca708bf	+
69:641|c3bd5d06-5765-4be9-b943-37a9f2f7b839	+
69:642|757e2f57-f08a-4d7a-94ab-5cc27c02630d	+
69:642|ba603fbd-dd58-458f-a401-1c36ff9aa63c	+
69:642|c6cf55bc-4c86-4c56-b1b6-b42dcda74ec1	+
69:643|0d28489d-35db-40f9-bf90-d917dd9a5d4a	+
69:643|4a144ec1-4af6-4e52-9972-71f6c111cf56	+
69:643|8edc469b-0328-414c-973f-19dd1c43b7a9	+
69:643|ae28a0ed-c7f9-47bd-a313-bf23486544b2	+
69:643|b9267adb-99d7-411b-a683-43e7c706169a	+
69:643|d6f01577-57cd-49f7-8b53-808fda273e13	+
69:644|2312f3d0-46c3-49aa-8272-6728a619886f	+
69:644|c0a03788-bbbd-4e4c-b2ad-834125044324	+
69:644|daa2c362-3443-413a-96df-923518cc060c	+
69:645|6a37c08a-d127-4683-83aa-74861b354aea	+
69:645|73aea7b1-d706-46be-8472-39453ba5e979	+
69:645|c96fa5c6-1b17-4d87-a027-4002a26aec33	+
69:646|01e3f15e-cbd9-430a-b2c6-86a9ec09c559	+
69:646|2a1bc8f4-0b80-4163-9348-5cea24c437e4	+
69:646|2f8a1daf-56dd-4d65-bc91-69d47582b025	+
69:646|38523512-debe-4079-bc35-dfd3fdcc0199	+
69:646|4c092a34-7346-4a11-aa6f-b36f10a66f0b	+
69:646|84bce45d-ff8a-42b7-91a6-ac5bddbe71bd	+
69:647|b6c3c73f-6e2b-4090-9b66-2f4b4d5e63bb	+
69:647|ebf1cc82-9c08-4aa8-83f3-5c85dc6d0626	+
69:648|5cf423a4-0acd-4c49-ace6-a68aa2e71cd2	-
69:648|6049d2be-77f6-4ed9-a5ee-8276a4217739	+
69:648|e40e57c9-7346-4399-b888-5c12ccd1993c	+
69:649|29c2a55c-78af-4e35-aa7c-31c9d3e66bfa	+
69:649|a709f3a6-14fe-4b46-b671-578e28941ed1	-
69:649|c3da3e6d-11b9-4a15-b3af-d5d0bdefb594	+
69:650|42514bd7-69d7-41a0-a556-6f1a6fb03c29	-
69:650|a9d5b396-ad65-46e2-8576-85cbafc6e62a	+
69:650|b155dd0f-bc28-4205-b3ee-bbeb579c6466	+
69:654|caec8321-4a84-4b72-a0a6-522d90480553	+
69:656|d785e362-6353-4c00-9f39-3de72b4f5cae	-
69:660|691bc5af-5b3a-428d-89f1-6b823f5cb28b	-
69:661|8ab74730-8b4d-5f45-b22e-da69877aca7d	-
69:662|ae177cc6-83be-4118-a845-40e61d409020	+
69:663|7fe38899-4e1f-439d-870a-d403b1ec7085	+
69:667|b11fd3fe-3e2c-4d01-a348-7b76d0b6f5df	+
69:678|9ff90e60-e800-4340-8f09-5e0941d417f7	-
69:681|faa2af7d-0ba1-43f7-b735-5ba608c05a4b	+
69:685|47b5a2a6-56a5-4481-9ce1-e32881a8394f	-
69:687|1ae54d48-bf83-4582-a038-709cb0048b57	-
69:691|ef6eda19-de6a-4368-a235-021a5a2c692f	-
69:709|8990dcad-d773-4b03-9474-93a70b98882c	-
69:736|2d5b02fc-424d-4d45-8a0b-3a4f2eec2d1d	+
69:738|9c24b310-d998-44f1-af30-ad55bea7b909	-
69:740|e31ad222-7a5a-44ea-b9c3-725fc80f3f33	-
69:745|6afcb285-83c2-40ba-b83a-42d174f4a05e	-
69:747|495bae80-c841-48da-a0d4-74cf47a1c0aa	-
69:751|1e034a81-6248-4d53-8078-0661d79c957d	-
69:757|bfaddb02-af62-484b-b51a-48117018d8ca	-
69:758|49761c4d-d3b4-48a9-b75f-6d4a72555209	-
69:758|fdbe48df-6b3f-4b33-94f2-154538181dc4	-
69:766|22db8aef-f7d5-4f63-97be-a08f39ac7dae	+
69:780|55978bdd-df73-4573-888b-4abeffa19288	+
69:803|008e67c1-fb64-4309-8904-765f101dfa75	+
69:804|105c8912-4cd5-4f38-98d7-d9f7c3ae109d	+
69:805|d4b27ebf-4760-4d3e-8357-1cd9daf9cbab	+
69:806|24605f65-81df-4f90-a893-d8ac2754b983	-
69:844|aa6ff0d0-f553-46dd-b059-008cd9d05269	+
69:845|655fab6b-d724-4ff9-849a-430c63ae6be8	+
69:849|143d3701-d7ee-4d05-a505-dcc7d8904384	+
69:850|2679fa0a-2bea-45d8-9c1a-b3ac5fbcf5e2	+
69:850|7be14e0f-3d6f-491f-9f69-834d818b35e7	+
69:851|2eaaa07b-9116-4a6f-baa4-cd1574688032	+
69:851|bd5eed92-924d-4cbf-859b-a1034a813f2a	+
69:851|f2c00be9-2502-4b9a-acc3-d44a099418b8	+
69:852|e6e55bd2-ac6f-410d-817d-afff2a3db882	+
69:853|c9244679-ebf7-4d85-9439-67302e123c4e	+
69:854|62ec1525-cac8-4a94-9010-8af46fe6967b	+
69:854|af3c36c0-c964-42b9-acd9-3d4d89b27367	+
69:855|da924ede-aa79-45e2-b458-7facd3d7ff3e	+
69:855|e4baccf3-857e-4b5d-a246-d0d288b0e49d	+
69:855|f0c05694-6b9d-42bf-9916-ef5164e78b2a	+
69:856|4876cc8d-ec3c-4fb0-b512-9e109e95fa34	+
69:862|be693a29-7720-43cd-aab1-2c8728bebe6c	+
69:864|659fa32f-18be-4e30-8e32-0ee36ecba88b	+
69:865|91d8e37e-71c1-479b-9cc5-1bfdf3d9c4ce	-
69:865|c386e0ec-c66c-467a-a7a1-cd977aaa2e6b	-
69:867|05f2999b-83bd-4cfc-ad96-6dc6c14a37c5	-
69:870|c8a7f5c2-8dd6-4302-8307-a3559a2acb19	+
69:899|21e5be13-b0f8-4293-9752-703a5f147d85	+
699:1123|ae52df92-d902-4866-99a7-0a0ffd162d73	+
69:913|1c35f306-0f06-47b6-95d3-7243afaba16a	+
69:963|3d0795fc-0be2-45fd-941d-add736059ddd	-
700:833|09dc44a8-9110-4ed2-951d-26a48a3d5e90	+
70:1013|bfff10d2-7c0a-407e-bdaf-d8eaabb63c25	-
70:1015|2459484a-95ab-4deb-bb44-609910b2b0a8	-
70:1015|91549221-a375-4b80-8216-405c73fd3a5a	-
70:1018|e7114ebb-8212-43e4-8eb3-9b498bde2055	-
70:1021|c2792cd6-e0f6-4b06-9be0-2cbbaed7f5e8	+
70:1022|e1026170-2945-4487-ac95-92ac29a9b241	+
70:1026|6017bf7d-b20a-4bae-9cf8-bc695659d62f	+
70:1028|2020d794-10f5-473a-b932-fa4f8330e26e	+
70:1029|cc0031a0-3b80-4c3c-a84e-8698aa96ad76	+
70:1037|4c483c68-ba7d-4a57-b92e-9e41cc93adc9	+
70:1038|ced17d48-6c6c-49f3-bf89-0e2cd8792217	+
70:1039|95c439a3-94cd-459f-88ed-ca2637f674d7	+
70:1052|49b540cf-6883-40e6-a269-07259312ec30	-
70:1068|70c0f46a-c5bc-4be2-965b-9a2f27da15c6	-
70:1070|2a6abe9b-34f3-4ee5-9797-d4b434cdf72f	-
70:1113|a66dd3e6-125a-4720-a78d-dbfdc1c7f98c	+
70:1149|f18e5d83-2bf5-45ab-92e0-bd67fdeab15f	+
70:1153|60cbda59-e703-4838-b083-172c24943499	+
70:1155|77003a26-ecdd-4c5b-9cf4-885604a3f899	+
70:1156|f18de95f-926d-41a9-9995-7c539e62f4b5	+
70:1158|df913552-6151-47d3-b1a0-29feafaab4c1	+
70:1158|fd0aff96-ad9d-4efd-a0ba-71128c09a9d8	+
70:1159|5537d147-26df-4ebb-8122-b3231c93cf7a	+
70:1160|c5d40439-5f0f-4950-94ed-4018df610856	+
70:1160|fea5d717-4f77-4049-9db2-b6702be4af39	+
70:1161|a26036ed-c1fa-40ad-9e1e-1fd9d3741717	+
70:1186|f3c3f8b9-3a63-4781-b118-7706dedda5ca	-
70:1191|391d7fb8-27d3-4e94-a3d2-3ed56776c4e2	+
70:1234|926ad90d-0f2b-4621-af8b-a2e2e4609bb1	+
70:1238|36148872-ce0e-4e63-b42f-b6273e897de6	+
70:1317|fb28f12e-82a5-47b0-a382-c40170d1006a	-
70:1336|a110505f-d31b-4515-b746-69bae406a9db	+
70:1365|08403860-1176-4f55-b9c3-3ad39ad68b92	-
70:1368|736eb02c-5b1a-4434-90f9-56b90558d240	-
70:1372|ff0e0121-7c2a-4d53-b81a-0f06bc6d14d0	+
70:1392|7c35156c-b1cf-4cd6-bbc2-935a4e4a2560	+
70:1432|8f3c4f7b-2fa0-4eb2-84ce-61fa0647a682	-
70:1501|43ad6d9b-1efb-44c0-bd0a-a529a505799d	+
70:1501|c177d1f2-4767-439a-90e3-f337a6299266	+
70:1502|082de0da-a377-44d6-a04c-4f58304fea83	+
70:1503|8956c9be-07f2-4d3d-bb99-456992491ebe	+
70:1503|b889e3dd-1362-4779-80ed-429aaed8172d	+
70:1504|855212f7-790a-4df6-a163-1c358d04e3c4	+
70:1506|25f57abd-d45f-4d04-a42f-6cf59cfa909b	+
70:1603|f66fd871-bc2a-4909-9166-abadb76db7dd	-
70:1611|d4ee20ed-c1a5-422c-bc0d-90c152905ff4	+
70:1641|a1c80205-dbc8-42c7-a904-aadcf9d92368	+
70:1653|898e819d-e0b4-4fe5-a550-d786743c390f	+
70:1657|55f90eb9-716e-455a-b438-895a68927e53	-
70:1766|cbd69661-385c-48fa-b1f2-8efd9d61adbe	-
70:1846|b8faec45-5324-4cb5-8b8c-c734bd3403c2	+
70:1904|49d87004-cef4-40e1-b382-0b81825a9e1c	+
70:1920|ec59d971-2f21-4214-8916-b3c4eeaeb1e2	+
70:1928|b0d862ec-f60b-462d-a1f5-5b0f60197fa9	+
70:1958|3128d9ba-a0ed-4eec-bf5c-77f3ec54de1c	+
70:2059|9aea3ae8-b8de-4460-8183-d5452c99ba42	+
70:2094|72d4d847-a2f6-4c48-9e3a-b8bfb1fb6af0	+
70:2095|5a616abe-65a5-4583-a7d1-6c268e200dae	+
70:2096|d1da3e1f-ad5c-4fe0-ace8-3ee00a800624	+
70:2097|a029d353-dddb-41ad-be44-3e513a1f24f8	+
70:2100|8dce2d8f-51a6-4c3a-8e6c-fcdf6309db6b	+
70:2102|64b6897b-2a7c-4356-ada8-60443918a99b	+
70:2102|c94f4786-a63f-445f-9e10-38b54a9f32b2	+
70:2104|702e244b-3de4-4330-84b4-a83aa94f5f75	+
70:2104|f616216a-0bf8-4438-b266-d119972b0337	+
70:2105|33d14457-3d8d-42a3-a7cc-886081bb7c8f	+
70:2105|3b8334c9-9495-4ab0-a929-96b26c387096	+
70:2106|b947163b-83e1-45f1-a2d3-6e57f8b0cddc	+
70:2107|abf56fe9-84bf-4fb1-ab86-216a2c59fe6a	+
70:2108|77155124-1edc-425f-8e34-24e55f817792	+
70:2108|7b981512-fc7e-46d3-baa5-b663e6c82c11	+
70:2109|3497f32f-d77a-4763-9f79-fffb69d20b8f	+
70:2116|7f349c63-c5e6-4503-b1b2-4cc3cd60fd95	+
70:2118|69de9ea9-d437-4c3a-a8e8-76ab4defa9a0	+
70:211|fdb8db44-458d-4c46-a9c5-5f5677014df6	+
70:2120|be56d1cb-6dee-4b4f-84a8-10bb9442b187	+
70:216|36487f4b-d73b-4d8c-8c3a-70640cbbe9f8	-
70:2172|1e6ea476-2871-44bc-bca8-6e2c38011208	+
70:2343|1ccbc067-5291-4a6a-a4c3-08f7f889cf1c	+
70:247|c196b536-09de-41b3-a295-3dbcb84626ad	-
70:249|5ecf6922-a79b-44fd-ab34-de3e6f3c99fb	-
70:251|d007410b-7ea9-43a4-9429-1f552e5f8ff3	+
70:2536|ca55d81c-c548-4059-ab45-b9a311f6bb99	-
70:256|40aa31e5-210e-462d-8b95-461b0fd37a26	+
70:2567|ca8f0e2e-6162-4158-a5f1-d82f0f8f500d	-
70:2582|1801b01d-61d6-4302-8917-2bda45b5c623	-
70:326|cf7910b9-01e2-4f42-8416-336f8415e7b4	-
70:330|0b6ff21e-a93a-4d21-b544-2f4a8bbd9929	+
70:337|14463a59-867f-4168-9076-6e5f03ad650c	+
70:349|92150776-8637-4fdb-8b97-0e07dd975c44	+
70:358|3263265a-9c9f-4628-98d7-59a2cf701006	+
70:399|469eea8a-8b92-4a1a-9765-a507a9d67131	+
70:408|5cac44f4-d1e3-47bd-a2ef-c516ec3166a8	+
704:1207|c8710cc4-885f-44ec-bbf1-300ee0504a71	+
70:441|4c764235-484b-4ade-b7d5-f0102c995870	+
70:442|56a8455a-0643-47bf-a1dd-0b800999e19b	+
70:454|3d813972-6f10-4b14-9164-1efc7bfeae97	+
70:457|4511812f-1b27-4da9-941d-f78c7ffd248e	-
70:459|1a737484-30d3-40b2-aa02-7766bb1d6d38	+
70:474|c35016a1-2966-4e78-a644-461f9f30f54c	+
70:495|ad9c9bd3-29d4-40e2-873c-3a540c1f83e9	-
70:498|2614c665-e0da-4b50-8d34-97ccc6af36ee	-
70:498|382f8ef9-1ba5-4cfd-a489-3a098d090e96	-
70:501|080b33a5-74cc-4499-8277-d0d92eec8094	-
70:501|db4d500f-ed9e-4030-9d8b-9417c2e6dcd7	-
70:502|2901ff3e-73f7-4142-8590-a1ae34ee2589	-
70:504|ecb35910-cf14-42bc-ac90-2fcce44e25f6	-
70:509|0c9f74b1-2de8-44c5-bdc6-a3563bb5bdce	+
70:517|f8eb7862-e9f1-42e8-a6e6-4e50183bb108	+
70:522|72578157-dde6-4812-8147-35a86c2b4bd7	+
70:524|0fc0b117-43d3-4f09-9c84-c1d5319a4dea	+
70:524|84980aa8-85fb-42d2-b639-3dbf5dd37b99	+
70:525|25fd881d-7939-4391-8464-cb36b55f00a6	+
70:525|af2d5d18-c111-42ad-860d-67661d6ee8a5	+
70:525|db797271-7901-4522-b1e2-a3850e5e9c77	+
70:527|6e08ee78-bedf-4f46-a31a-32242f9ef2f3	+
70:527|f265fbfd-9b3b-4f36-b7c3-749678dc8e48	+
70:527|fbbb2869-84b5-43ee-8600-b0027721c3ac	+
70:528|0108d1bc-6743-417b-955f-63b0f5f4994f	+
70:528|bc88ccc2-9011-4d0d-8ce7-e5ea35038b12	+
70:529|d420fde6-cfbb-4b24-ac77-522e5bc571a4	+
70:530|3504d566-47b0-4eab-b6be-55306c796be5	+
70:531|9899e8d4-642f-4f7b-9ed5-ba5c5710ae16	+
70:532|7bc53547-7bc0-460b-9639-f1fb02dfc9f9	+
70:533|6cd97ce5-7253-475b-8eae-e951acf61ba7	+
70:533|97b67251-013e-4b88-9028-0e219b74de83	+
70:533|d9abfe5a-6e0b-4728-a64f-b6a3dcfdc906	-
70:534|83fd857d-2b52-4896-933f-6adc6cb41c84	+
70:534|fddbff79-d963-4e2d-90de-975e7914b516	+
70:535|960057c9-26db-4784-8d4d-d539d111cda0	+
70:537|f1ddbd7d-61bc-45f6-9a4f-3359c214103b	+
70:538|c9d16375-d1f4-45a9-b53f-d2f8fb216edc	+
70:539|7f9edfa8-9ee5-4b82-9a12-592e91d0620e	+
70:539|ad90ea4a-3cd7-47d2-9bad-00e57567c43e	+
70:539|de975361-0e3a-4041-b0be-ad273e5f1462	+
70:540|8c03b69a-a774-42fe-a4dd-39fa725530ac	+
70:540|e17d0892-ccd3-4ca4-b8fd-a52ed06f361e	+
70:541|e6496f10-7cfe-4e87-b8da-e65f9d02f382	+
70:544|4bf13ace-8cb0-4ac2-bae8-e4bea32c97c9	+
70:544|52c85ae0-17b4-4de1-8e85-96370792d93e	-
70:544|674f9d64-1e4a-4490-bd69-ca10ceb6480b	+
70:545|948eb8f0-006b-4b90-896e-6aa73fa39eb8	-
70:547|3f6c9d59-6b67-49fd-9493-e3b35347ae81	-
70:547|721297db-f1b7-4caf-84af-72a48c9710c2	-
70:547|9c7a04b4-dbac-42a7-840a-d9f7404e80c3	-
70:547|d6a085af-79a7-40de-9922-85aea8723006	-
70:548|22cf7ab1-a656-41d7-bdd5-b0adaa8d9a30	-
70:548|3967fbc2-e341-4a25-aa68-fdea6cb8f127	+
70:548|d1921541-0a60-4783-8bb4-b0ca78e5b537	-
70:548|d2be2af4-3db8-491a-81f8-794ae4dc9635	-
70:549|3d9ae457-77dd-40a6-a907-631dcc473f08	-
70:549|7bea1624-a733-4439-abd7-abb28e1cfaa0	+
70:549|c1f2a1ee-9640-45a8-86ba-f99e74380890	+
70:549|c33872fc-08ac-450d-bcae-d355bb693a58	-
70:550|3e3e6ac3-5423-4482-bd2b-3ff99c258fee	+
70:550|bc0b5c9e-c0cd-4b12-a884-28ee99b74571	-
70:550|be739f37-74e5-4349-995f-6df95ab3e38e	+
70:550|edc07c48-fe27-45e6-a0ce-fdbee71a6908	-
70:551|21f2a2b1-ff6c-484e-b25d-1e43b3d57931	-
70:551|491fce7e-df67-4252-aad9-8f9da1cfb232	+
70:551|56696d80-7f10-4878-bf7f-d3b4c954664b	-
70:551|8a3327b9-3b65-4427-a69e-003de6a0858e	-
70:552|34af859a-4c2e-47e8-b259-2592cdbf5951	-
70:552|62c30783-9962-47ae-9e51-d8a46f275926	-
70:553|409ac591-ec6e-4021-bb81-b7a207287ab9	+
70:553|4aa6b7c7-f60d-45af-bf37-e0373008e5c3	-
70:553|ac1dd69b-693e-4726-ad43-46427f145ac1	-
70:553|b7118e34-2dbe-4607-b19e-b0f20ed18c9d	+
70:554|17750cbd-3378-4a07-8f56-ef0c5d0977b2	-
70:554|189ef366-969d-4592-9022-33a5aae97e60	+
70:554|1ba2a043-7ecd-4ad9-9c71-ea19086e5932	-
70:554|9d9037b7-3ac8-42bc-9eb9-7569049f120a	-
70:555|45a28160-5be8-5dda-8824-56ea42231277	+
70:555|6d65b39f-e038-471c-9986-dd84836f27bc	+
70:556|4958cef0-60cc-46ab-b7f9-cebc58e957de	+
70:556|dc32543d-e89b-4804-a0f5-03295c851fe2	+
70:556|df92344b-ac86-4092-a78b-bd67ebeed07e	-
70:556|f875c59c-2085-4da5-8878-c5413d5caada	+
70:557|0c01fe73-945a-4cfd-934d-b808fec55026	+
70:557|41ea33af-cd83-4417-a8fa-beae485c7bd8	+
70:557|4da9bdd0-14ea-427c-ad88-3ed2d26db817	+
70:557|baf97bf2-10fb-402e-986a-2de604cb8a6a	+
70:557|ebfd9a1a-2c57-4191-b106-831dd1273a7d	+
70:558|27d08b33-a9d0-4634-bb0d-6dcbee75ae65	+
70:558|3783e9cb-4aff-4273-a7fd-22ab4d73a55c	+
70:558|5fd3667b-9e9f-4881-bada-1668caea7860	+
70:558|abf58fb9-7fef-4716-9d82-5ed8ef487c65	+
70:558|b5aab8a5-109f-4ecf-b5a8-927997e024e7	+
70:559|9be26095-9f32-4c7f-9d35-2c466f46710a	+
70:559|abb7e65a-92e8-43c9-b068-2682ae866e2d	+
70:559|b5401f5d-c544-4dbd-9811-d44bbf35e15a	+
70:559|e334364d-d083-493f-838e-4bd57bd0f0e4	+
70:560|3656af62-66ba-4d0d-a4a1-c281fc1c3e3d	-
70:561|2d67c51a-ca71-414a-a369-f3714a3574ee	+
70:561|3b81e8b6-3da5-49b2-8c9a-22644033cd78	+
70:562|04e7ffd7-1d52-4319-9462-6e0e1bc8cb5a	-
70:562|4403aa82-e84d-480c-bc3f-6a86a21d3cbf	+
70:564|9bf34de4-79af-426b-9d0f-30332f74f5c5	+
70:565|12367969-ce5a-4f1f-a53c-0beff1c5bcbb	+
70:565|77a086d7-e708-43fe-aa18-d208e33a8124	+
70:565|a1253302-7466-46d7-be5d-968c59a725b1	+
70:566|24aaa29a-435b-491f-85ca-f626495ab0c7	+
70:566|2bb5c9df-9e4d-4dd0-8dda-110507e07af3	+
70:566|2d4a28dd-b0f4-4abe-b5fb-3b5d1cf5c904	+
70:566|3982aacd-e57c-446d-ac7f-113ded6838b0	+
70:566|ae9d99b9-d992-4746-8f9b-61da33a83d33	+
70:567|615ed0c0-99e3-431b-aff4-845be99159b5	+
70:567|7f6d427f-4127-48f9-8dd5-2df5ef865615	+
70:568|d72ddfa2-1c8b-4811-979f-e95dedc6ad71	+
70:569|9b7bdc35-35c9-4e6a-94c3-1ef2c8fd0d69	+
70:569|ab885a0d-d14a-425a-80fe-a615c7db39de	+
70:571|7ea7f45f-30af-4614-8658-0f6e95da045e	+
70:572|ba0bf029-0228-47e1-a136-cfa59ca5f837	+
70:573|5e091584-510b-48e9-9eae-dd3beff1b875	+
70:578|4db76aa4-5d51-4ce0-ad30-9f2fa3c6aa51	+
70:583|a63a515c-7675-4913-acb4-e0e2c14c83af	-
70:590|f58ca0c3-fd9e-4db6-a019-02c2f4888195	-
70:591|e9c90a58-af58-4258-a6ec-47dc32c92d69	+
70:599|1a3e73b8-1815-4662-b7e2-1bf9a118c635	+
70:600|691f8292-294b-4340-aa7e-23699dbbd21a	+
70:600|a7f94f9d-0f66-41a0-b3ea-31a2ce76fd9e	+
70:602|9cb09115-dc29-4192-bb0b-867ddc82cea0	+
70:602|9f082e76-0298-47b6-8dc5-71c0a5cc6a81	+
70:603|78da0c50-0624-4b9d-bcf4-41a3923b850e	+
70:604|4260e1b0-cb34-4966-bd1d-81437c7db726	+
70:604|cbe39246-8f0e-47cb-aff5-b823e649ff86	+
70:605|2340ef44-11a7-47d5-b29b-14d48564ba41	+
70:607|c4318e4f-908f-47da-a09b-76ca75db1047	+
70:609|b47900c0-a398-4cc3-b671-1e9949317e0e	+
70:610|43cbb47c-4ac1-5a4a-b636-29b906ea390e	+
70:610|5609849c-f688-4ae6-92d1-614141b77c28	+
70:610|c205cd9c-2729-473a-9e47-47d56ffe6ebc	+
70:611|2a6dea78-db56-44c9-8e67-1acd2715d2db	+
70:611|e5a63db1-6d1f-42e1-95a7-59e9d4caa6f6	+
70:613|1a8fbb3d-a285-4547-8eb9-d440f6a56efd	+
70:616|6282d866-78d4-49b5-a3b5-9ce4b62ffff0	+
70:617|937b1159-cb5b-4ffc-97e7-8d07f73474f9	+
70:619|3be650d0-b45d-41d2-9776-045e5e46d643	+
70:620|6219d925-144c-47d9-bf87-b7f3ac3835f6	+
70:622|e4534303-c557-4cbe-a66a-9df7af2758cf	+
70:624|2b3e771e-87b8-4633-ae7c-a9e018596e5c	+
70:625|19eb34b5-c311-421d-a23c-c9cbbec267a6	+
70:626|b1f45f5a-3a9f-4c06-9fc2-b01510ac75b4	+
70:627|2624bc9c-f3c8-4659-a9b5-5f0fcdc19c2b	-
70:630|3e4da5de-9f90-4a55-85f1-994a6b58c9d4	+
70:630|baf494a5-a4f3-4404-935f-ca291e8b36ab	+
70:635|4a3d030b-4211-4e18-950e-d24ac33b98b8	+
70:638|75b3e03f-d580-42ae-96d9-32ed298dc590	+
70:639|5b5d1fb0-0c40-4ca1-827c-c212f9589871	+
70:641|28273891-c3f5-4edf-8051-0c686dec254d	+
70:641|5aa8f18e-2ea8-471f-9bad-f782a60c8f67	+
70:642|31555b18-ce86-4ba5-8e56-07db09b4c97a	+
70:642|52cf049a-a87f-48f1-80b2-588dc3a56ba2	+
70:643|077167d7-4371-4f68-838d-999c2c8137c7	+
70:643|c0dac0d2-3210-49dd-b030-3d6154b5454c	+
70:644|1dccf6a6-56c0-42fb-a752-5a0d63d72ae7	+
70:644|d866ba2a-aaf2-4611-8d35-670c70883530	+
70:644|ed743d69-8a11-4b87-94d0-59dab16c9e14	+
70:646|226e45a0-cb12-4657-8601-06fb10bcd18f	+
70:646|4b286e97-70c1-49ea-8744-5840d00847d1	+
70:646|56420374-06e6-48dc-aa7d-528e1f2de307	+
70:646|832541b3-8df6-4d23-936f-b8e4ece1d84b	+
70:646|8f9e2e29-f5b1-47a2-bb29-7d4977b8e0aa	+
70:646|98a6176b-a017-49aa-9e91-fd8dc3ea640f	+
70:647|1329e8cc-70eb-4e1a-9e22-5a1fd2735210	+
70:647|c73191e8-adb7-4bea-bca0-d842abac797a	-
70:648|a560a12e-5d66-4dce-8b0a-22491e6e2dd0	+
70:648|e2f0aa8c-24e8-4e63-8e77-f0b04037978e	+
70:649|1e3914b2-e5f9-44b5-b22c-30d935fd7f61	+
70:649|937d3062-f4f0-4163-9d82-e6962746651a	+
70:649|9db4f9f3-a8b9-4406-8df2-e477c7cea87f	+
70:649|a4f239e0-c39f-44b4-90ba-a686219b10e1	+
70:649|bebb4226-1e97-4f9e-abd6-1e36782045bd	+
70:650|2b2bc6dc-8863-449b-abd9-07c9270331e8	+
70:651|33919299-95ef-428a-a237-ba1812558d70	+
70:652|2453426d-3f59-46bc-9fe8-1b30834a055c	+
70:654|291f86a2-3a9f-4e96-9a38-df25ade74c43	+
70:656|302e3dd9-9565-4551-b4f9-071ad5919f69	+
70:656|c3457d90-472e-4899-a9f1-3eb45072d0e4	+
70:661|ff95097f-7db2-4d4e-ad06-98e843c37185	-
70:665|826fb4b3-3634-4918-a753-05aa364a7f91	-
70:670|8d012861-33c3-47c3-b075-0da15002b340	+
70:678|fac66503-0be1-4089-8cc4-40325f99031f	-
70:684|44f01783-98f5-4ebe-986d-83ce22e1a7b8	-
70:684|97b9bc5d-bb16-4668-830f-5a75fab7e3a2	+
70:685|90d8fc4a-d214-4772-87d3-bada98b5be82	-
70:687|00f8d691-4d73-4e9e-9577-2f2ea0f03db9	-
70:688|346d503f-c347-4c2f-a643-b6ec082c8e17	-
70:689|37a8dfa2-95ca-40c0-832a-9e9e8f653e21	+
70:691|9df19a8d-a434-488c-9acf-b47bec3a5240	-
70:734|55ade22f-c1ba-471c-adf3-dbff6e62c1cd	+
70:742|4513c586-ca30-4455-ba24-68e1af12c8d2	-
70:745|69fc1ca1-38a7-479b-87ec-87177e80a9f0	-
70:745|c85bb8fd-4320-423e-95a5-2de3f1ea55e9	-
70:748|fbe1db7c-c84c-4026-b41f-52194a67ce28	-
70:751|28c35087-1402-4b8e-8e35-aa7901bdf460	-
70:751|3bd5b7a9-1277-4d18-b35b-bf366e3f9cf7	-
70:754|ff5aaf7a-2ef1-4adc-ba36-377a3e28ae25	-
70:755|0ea3ef40-f0bf-4d6d-b6f5-692e4d998105	-
70:756|bbf6fc8f-d8be-4434-8643-995335fe170a	-
70:786|add14bdf-3aae-4d82-a4cc-29885ae56bd7	+
70:788|76bd16ad-3428-4c94-a755-5d4bec36731f	+
70:798|08b41133-3142-434e-b50b-e50a1f906c4b	+
70:811|21d1a3c0-8623-4c22-a016-06572730faf7	+
708:1798|ba2b6d0e-6066-4bff-968e-b1c9c14868b7	+
70:819|728185d1-0682-46ec-8dde-10135eb7a30e	+
70:821|352b1033-b936-43cc-bdb7-1bbb408d2354	+
70:822|2659567b-5780-4350-be5c-e7b79683aebf	-
70:850|bc4ab334-efc5-451c-bd0c-eabb3ffd8aae	+
70:851|b4fd6cc2-87e7-4f84-930b-b359dbb3fd9f	+
70:851|d1f0301a-5c07-4181-b849-93606d1c5b5c	+
70:856|2413f65e-f8be-40c3-b708-f29a678a08bb	-
70:856|edf16eee-1093-4a08-803e-ecd6cb2c8d0c	+
70:856|f02f9482-7c0d-53cf-94ab-2db268c9ba56	+
70:856|ff1d3b10-d824-41f3-b843-082c84779123	+
70:857|6f978632-8843-45b8-a0b3-3b46a76d0b93	+
70:857|fd5bfc0f-f216-44c0-a5c7-02d6d0530014	+
70:858|0556fed5-89d8-40b3-bb05-0da3be72f232	+
70:859|1b18d23b-97bc-456e-ad43-acd14a2121e0	+
70:861|2a21e25d-e7d8-45b5-902e-d9e16aebcdad	+
70:862|11ac147e-3ca4-4e11-8c7a-aaeb6bdace45	+
70:868|830f0d02-3f14-4749-b38c-2d7bfb9068d2	+
70:872|3d0568bb-a457-4fb8-b4da-e3b4c8dfcd4e	-
70:878|01fecc4d-1caa-4eb9-a02c-64310da54c8b	-
70:878|75e7c019-d918-4d41-9122-4ee62d6911ae	-
70:913|f8ad26ac-558c-4016-8ec7-aca822484fdd	+
70:951|cbf135b2-de3f-49f9-887a-bc6882563c24	-
70:959|7ae9a22e-1c47-4d22-bc89-53cea2a72502	-
70:972|54363a7b-8703-43e5-8962-d0a91574333e	+
710:1289|f803148a-02b9-47eb-903f-1251bd4a5dbd	+
71:1022|b5094ca9-0706-49d5-bceb-a1bc91564a13	+
71:1027|12118992-847e-4dbe-8b7d-3af4cc49ee66	+
71:1027|bfdcb3e5-b3c6-4d4b-b87b-3f7d789e8fee	+
71:1036|ff09e175-fab0-4c68-8420-5e0a0aa4942b	+
71:1038|e49f1b5d-d7cd-4629-8cf1-e2ead8424ea0	+
71:1040|a1b8bd65-204a-4522-bfce-c5c4c421f909	+
71:1042|dde84ea9-4715-4fe5-a627-11f601cdd783	-
71:1046|12b9d16b-6932-44b8-aef4-73726e86922e	+
71:1071|360ea29e-e222-4a97-8af2-f92712fba121	+
71:1074|d62d5ac0-bb25-414d-9c7d-e7985bad4b63	-
71:1081|5d33ff43-bdb5-425f-a4c5-bd423539ec8b	+
71:1094|b3c6ed39-df22-484b-af95-52b154f1d089	+
71:1154|27fd255b-399c-4c1d-9387-f27b745da029	+
71:1157|64ec686d-09f4-44ab-a15b-823523d59e06	+
71:1158|3285305f-e5a7-4d21-b7f6-12c6576fe550	-
71:1160|34de8183-cd77-49d5-8d00-aef0e81ce110	+
71:1193|eec38dfb-9c32-456d-9ad9-e97fc76f8d13	+
71:1196|d4a612d2-f17f-4935-be18-92b12302d353	+
71:1208|b15fcc1a-e0d5-4ba3-a301-9b0b76a630f3	-
71:1229|c8769c52-4af3-46bc-844d-f8a905cb463a	+
71:1275|c032904e-8e18-435a-9372-e7e264e73c1f	+
71:1280|d181b68a-e127-4ce6-8a82-e6bd831547f6	+
71:1283|0e4d1906-62b7-4f97-853f-53f218c07cde	+
71:1283|2573b9f7-ce78-4c0e-94f9-29e1a032c9e7	+
71:1369|33edde73-7ca5-4f70-92db-eed9ffb7eaf9	-
71:1372|8be4031d-c90e-44fb-b4aa-b4ec7dda813f	-
71:1380|5dd2f301-8ae2-40a4-bc03-024733b4256b	+
71:1385|99809c9f-1243-411b-bf16-d9a75a370378	-
71:1387|9a94f3a8-6313-4e9b-8643-0f9410e360c4	-
71:1388|d469a24b-66f1-4d63-ba4b-5c74fb8be90e	-
71:1395|26583907-6f10-4903-86b4-5249d2763ed6	-
71:1502|b04e403b-1d8e-47ce-99a2-02e3b602178a	+
71:1507|516f905d-e046-4f7f-9358-a21911bbead2	+
71:1507|d87e150f-ffc6-4a50-bd84-5518c41814fd	+
71:1507|efd0fa4a-afe4-40ea-8980-f627bf936dcb	+
71:1508|bfab4029-e724-477c-9047-735c82c07355	+
71:1509|d4e70c28-2c5f-410f-903f-e3f30fdfcf95	+
71:1510|4b12050f-44a6-4a89-bba1-c5ee3c169542	+
71:1521|3fd6d509-2ef0-4119-ba8c-ebc9f686506b	+
71:1523|e8ad411e-a9d6-48f1-a90f-2cb8cecc9dbc	+
71:1526|a69d7def-ce18-4347-b05c-e9130b7995ec	+
71:1533|118ea115-b402-4188-bc6e-c9c699f74b90	+
71:1646|94e0bed8-0761-41bb-b676-a2605e51ca4d	+
71:1962|ee88ab3d-a7ae-433d-92d7-345e816d7c02	-
71:2065|4e953a8f-f745-462b-913d-ba49f46232b6	+
71:2076|69e53200-26c1-487e-b0fd-f2028dabd4a8	+
71:2093|0f48897d-9afd-51c7-9732-6e86f82e9f26	+
71:2097|6f5cce8c-f80f-4a2e-8426-50823cc70673	+
71:2098|7e326f89-5820-4e3e-9432-65a00a19ad9a	+
71:2100|1b9a0c81-2dac-46ef-9b56-d32f743ed30c	+
71:2100|501d192c-5bb9-4b61-a72c-edb3bba90a28	+
71:2100|701256d2-ed5b-4e6c-9a45-e1aac23302ca	+
71:2101|e6eda081-1d2c-4066-b278-ee87a77bdeae	+
71:210|3c04156e-b811-4e23-ac0d-56390054cd0e	+
71:2104|502e3051-d1d6-47ba-89e5-2e74588202bf	+
71:2106|31f4197f-8881-4e6f-a5a1-c9a4d15f555a	+
71:2106|92a77038-5ffd-4801-bd17-e988a1fcc983	+
71:2107|2c51a3e1-7b85-426a-81b5-57bb873d7b4f	+
71:2108|5ec520dc-d207-4acb-a30c-ac1e1693e779	+
71:2109|5c595db7-5ecc-44bd-b19d-16bac56daa5d	+
71:2110|817560a7-3770-4634-9caf-36d030b34368	+
71:2113|b4a77865-8d64-4edf-b085-cf968b109423	+
71:2113|d85cec89-658e-4fbb-bc7e-db5870f89a7c	+
71:2131|54ac3f2c-9c6f-47c3-b5fc-37d4f272e1c0	+
712:1389|e751cca7-22ae-45d0-95f8-aa619455a630	-
712:1495|202fe750-18ba-49e9-8224-5a5520abd68a	+
71:2162|ac707722-7c43-4346-9f6f-82a5476d6c2c	+
712:1679|db4f53ab-791b-43c4-8def-e77c61b89197	-
712:1698|65b33276-177e-4fbd-b7c6-c99c8d611ea1	+
71:2324|1fbdc6f8-59ae-4740-99db-fbac3bf667c8	-
71:233|50adfca8-3ea4-443c-a02a-84a5deb564b8	+
71:244|693e8225-17c8-4e9b-8ca4-46673024d598	+
71:2474|2b53e6af-59b8-4038-ba38-44d55961243a	+
71:2535|24fdcdeb-a2a6-4c24-9e41-86d69e324267	-
71:2537|ef40f6b7-cad0-4a34-b558-0a44578fb72a	-
71:254|6d55f317-335f-404a-86d4-ac27e80e6dec	-
71:2547|8fb70e0f-3e04-4fe4-adc2-786781bf8134	+
71:2550|4986b8f9-cc40-4ac7-8ea6-0a4f3d1ec716	+
71:284|162ba577-350e-4b09-911e-c5233ec09067	-
71:2905|af165a15-b377-4a5a-b6ce-7105d34846d5	+
71:3071|9a0220d8-02b5-48f6-9cc0-57e6c3edeea5	-
713:1206|b72d8b5c-74d1-46d2-8ef2-f898cb45ecbe	+
71:313|2b93799a-1986-4edd-9945-59c94d856c07	+
71:340|c30a34a6-065c-4dfc-9e16-c11a7a8db139	+
71:398|2e2eb1be-10c7-4069-9da2-24c00738e09a	+
71:406|223a1d2b-371c-4dcc-843e-14dfd2272555	-
71:429|8a89b5c7-4499-4be4-b769-5abd5e6c03e6	+
71:437|b6209f61-c9af-4460-8910-8b4cc4708f28	+
71:470|88e70cfb-4e70-495f-850b-6344a090093c	+
71:491|8fe8c5d6-cb21-4c70-a934-805bdf16b64b	-
71:495|49ff1ad6-2a0a-4f4a-b891-91e29a8c9f2f	-
71:501|b2d19090-88d3-4b67-97c8-6abf4fc50ff2	-
71:502|04d8d133-f4d5-4502-9c85-52e1a6086141	+
71:505|a57ceaa1-c7c0-40f7-ba9b-d518ea34f29a	-
71:507|296d8eaa-b2ae-49b7-972d-1eec9f7fbb07	+
71:507|7c6a753a-f892-4edb-9001-2aec98c4733f	-
71:508|77b83b6d-f382-4a47-b28b-ae1db4bd475b	-
71:510|071e668a-6a5f-4d11-8b58-0177ea321c7a	-
71:510|8828c641-0510-407d-847d-8ca738d93237	+
71:512|f5bc0e22-fb48-4a49-b927-7ddc1804444a	+
71:513|a4b1f431-41dd-4c3e-b880-6f022e1435ea	-
71:529|1cc4739f-7123-4a39-84fc-874a7ece4159	+
71:529|b06823f3-fba1-445d-bfe6-ad855177bd6e	+
71:530|a3774414-3e30-4628-aba1-9bf27f6b22c0	+
71:530|cb36787a-5ddd-4625-8cca-b50a049cd768	+
71:531|ef58de34-b06e-47f9-9a68-f5e87ad06347	+
71:532|589114a9-1bc0-49dc-aa4f-7ed6aa7937cf	+
71:532|87b600dc-d01b-4658-8f6d-4dd6222cb100	+
71:533|0072132c-2461-4fe2-bcf5-f87a499dbbae	+
71:535|a02bf484-8d8e-4b99-a91d-2e896ba78dc2	+
71:536|79bba4cb-116a-4209-82ed-a381d8ccf25e	+
71:537|d0017702-dd20-4e30-98ff-534f94c2967c	-
71:537|dd8124d8-eb4a-4315-a3f1-bf98e06ef841	+
71:537|f58561ab-3f5c-44af-af1c-288d6fb2d072	+
71:537|fd32b977-1011-48a0-91e2-735824395f78	+
71:538|31dabe03-74bc-4ae6-be4b-23d6a24fec93	+
71:538|d556449e-c670-47ca-b936-0556345ad43b	+
71:539|9fcec5f2-1600-4cfe-97bc-c5844a651661	+
71:539|ac27698c-3fdd-4f5d-89eb-8ffa6fcedd98	+
71:540|2fe42201-7131-4d32-8a19-f41acd7f5457	-
71:541|81fdb36e-dfc4-461c-9b86-73a4570c3fbc	+
71:542|2fd0b160-b7a1-4b87-b41d-63a926b72043	+
71:542|53f927d8-ce4f-4b51-9a8d-110b0791aeb5	+
71:542|c20f378d-ba2d-4faa-8fb5-e3cb64b9c1c7	+
71:542|dbe04953-2017-4247-a6f6-d0bf334d59b1	+
71:543|657297e4-0ae3-4ee9-905b-65b389029c48	-
71:543|791d1889-e82a-47b1-b4a4-4d1a7bf085f0	+
71:543|a1124056-52ac-4412-9737-558e829ab044	+
71:544|d5d40fad-e967-4d01-9bd0-7aba58db8e1e	+
71:546|3d15d08f-3a6d-410c-b0a6-25cebd0a92f4	+
71:546|4b04272b-b9b7-493d-92c2-db6c99024190	-
71:546|fcc4b33b-dee6-47bb-ba4b-6d321f616d3f	+
71:547|b9e801b1-1de1-4989-8384-91776f510f5d	+
71:548|0b1aea85-f543-4792-8759-2706966c6509	-
71:548|b9c8acfa-b7b9-4766-8c81-1ddb4d059039	-
71:549|6d773955-2663-493f-a659-146566e55e80	-
71:550|076438d5-b0b6-45e2-aaec-3be502212f71	-
71:550|72956119-fc0d-4de1-963b-980856e42a30	+
71:550|b42b8f4b-24a2-42f9-b841-cb29d97cc380	-
71:551|1f304adb-4685-47a7-bfe6-8b15a886e7e0	-
71:552|262e0f40-e7c2-4e9e-bec6-6a6e2d7341fe	+
71:552|84ec36ff-8198-411d-8346-49e61d0548ac	-
71:553|23ff8504-c3cb-45d4-9fe1-7f88aa4e2c6d	-
71:553|b77cdc6a-9d6f-488d-b7cb-1952b295e5af	-
71:553|c74cbc0f-ea04-4b9f-92c5-b89635be33d3	-
71:555|0c31b149-cb8f-40b0-afd4-678c36a007f0	+
71:555|2581cc4f-574c-42d8-8256-35da3cab24cc	+
71:555|db70f17d-5a23-476c-9ccc-49521d381d01	+
71:557|d74f44a3-f76a-4fe1-9523-8055f4b1e872	+
71:557|fabded87-049a-44e5-a156-0aff95d26c51	+
71:558|77113971-232b-4e12-bfd1-3f7969ca1b6d	+
71:558|80250be6-a132-4776-bde1-3524cfbe140c	-
71:558|bd2bf6fe-9637-4bd1-a103-1bf2a5eda404	+
71:558|bead6589-5963-4ee6-8e2f-0cb50a7d8fe7	+
71:559|5365691c-eada-4351-93d6-9defec0cef9f	+
71:559|7a5a3fc1-71d0-4988-a8f8-8f0a38dfcff3	+
71:559|9eb49dab-3ee1-4f9f-9a28-ede4304beb90	+
71:559|a5b21407-b13d-4793-bd9e-7e625f709a27	+
71:560|2962e271-9ff8-4daa-a0f4-64b54e18f32c	+
71:560|43531398-bee9-4358-a372-0134b2426b6b	+
71:560|44308599-3902-4638-8e18-a4ec4ce34d0a	+
71:560|76ab32ff-ea8f-4b83-9ca1-7a5c26e47816	+
71:561|185be90a-67e0-4afc-9d54-723916bc16dc	+
71:561|edf9ea3f-3650-4e68-bd0a-57e792ce056a	+
71:562|d9c010ae-42a0-4606-8958-ba135329a03c	+
71:564|6737fb2e-9479-4587-86ea-05de4b4a7135	+
71:564|d3796f92-7b20-4f45-86e8-9136ae877f73	+
71:565|8f765a60-edc3-409d-869d-8ab8945b427e	+
71:565|938bf728-1e90-4762-86e2-7bec9b477cbc	+
71:565|b131c1d1-d7a2-4700-a802-a9c745cf4ee6	+
71:567|0d583ada-8da8-4447-9122-a595ca3f2fb7	+
71:569|28664900-1a38-48c4-b8fd-dc20a2f3c218	+
71:569|3c78c11e-99dd-4aed-beeb-29da11c7eedd	+
71:571|f4b6fb17-32a5-4469-95f4-f3f1e119ff20	+
71:572|4932315c-19ae-4929-b579-544804240318	+
71:574|bd941270-1aa5-441e-84c5-df558e08b161	+
71:575|59ae2588-796c-460c-b9c7-b5214c5c34d9	+
71:576|05dca23a-8f44-4550-9804-5005ec216348	+
71:579|c1ba9ca9-083d-4112-bf6d-fd93cc432e0c	+
71:583|ad3fd85c-e129-449c-b662-0c92ed59dd2c	+
71:585|ba596723-639f-41ee-abc0-94ca546c263e	+
71:600|01a17919-0d64-4358-9149-a9fe06665e3f	+
71:600|245cdfb3-89f7-447b-9374-cd27788d6a10	+
71:601|006d7720-eee4-490e-9645-caa28ccaf115	+
71:601|8880845a-6b0f-4052-99b6-6f8d1a8d22a1	+
71:602|b2fbdc92-907e-417c-9a56-e468b465f491	+
71:602|e9177ea7-4f0a-43f9-a071-0f76577af336	+
71:603|48cba961-4320-4491-8a5b-628d3db3f301	+
71:603|92c6346a-5b76-4d1c-bc8b-596133c5ce36	+
71:604|eb1b92a4-9941-4a6a-a4dc-dae22af3d1b9	+
71:605|36795c80-97ef-4c41-b6c4-6152f271c149	+
71:605|4b2a5bc3-03ee-48a4-8633-47fc6dce676c	+
71:605|b798ca9d-9a38-4892-95cb-bb7b3c0dc6ce	+
71:605|fa78cd5d-4780-4be2-b8a5-f7adc8b91e7d	+
71:606|c4a5275f-fb5b-40fa-b084-c0a503373019	+
71:606|d7c7e3dd-6fd5-4deb-b34a-cd58833396e0	+
71:606|f9a48a4e-afe3-4c2c-a9a2-3eda9f965c5c	+
71:607|7e272659-cf0d-4b9f-b448-4c004a767e5c	+
71:607|915a76a7-f449-4881-a5ae-e58f766240d6	+
71:608|4751da0d-43f0-43d9-9b0d-4cbd9d2de170	+
71:608|6327cb41-6a08-4d44-93da-28e1d0e566ce	+
71:608|d49826e6-61eb-4678-98fb-5d626cf52fc3	+
71:609|7362f155-6e93-44f3-bdf3-cfef6a005859	+
71:610|53dc1815-5b71-4c35-a008-5dfac9a935eb	+
71:611|2fc166fb-54b1-43a1-b5ae-34c3f52ce9e2	+
716:1243|8ca3ebc5-13d1-4799-8380-9ddd234c0c98	+
71:612|b0454633-0362-401e-8602-80432e724d5a	+
71:614|25d98252-1bd2-4154-ba93-9491a5053459	+
71:614|6d9422d9-891b-4feb-a0ca-344f252be848	+
71:614|7404f59d-5b6f-4e6b-8269-3ba9ce594c81	+
71:614|afcd4fd7-964e-4125-8474-cef602deee50	+
71:615|1081e188-4f12-4bb1-b53a-f9486ca8de50	+
71:617|00e062bb-93ee-4abe-9361-f984f462a7f9	+
71:617|8d9ec6d6-a579-41b8-838b-862c720648a9	+
71:619|26ce1df1-fefe-4cef-8660-3287a8c5b6b3	+
71:619|99f1d261-eee1-4104-bb9a-08800f9d9d7d	+
71:619|d4dd6fd4-1d99-4e7b-bb49-e3139735ace2	+
71:621|a18e7334-70f0-4e81-b007-79fc1e8ee930	-
71:622|0dfb6950-bedf-4ba1-aa35-969b4606d0d0	+
71:623|8d004f20-8efe-48c5-9631-41914b587f0c	+
71:624|4e75bcc8-8daf-4830-9fa4-5d16d73a03fd	+
71:624|bfaec391-9adc-493f-9f75-2e5239cedbae	+
71:624|f9ec8d56-9484-46ec-800d-0995db300aef	+
716:2745|f4c427a5-0924-4a0a-8f86-ac0e72608fcf	+
71:627|7ddd71ef-6dd0-4ee5-9d99-1424b21394d1	+
71:627|91c8e299-79f3-4be6-a2a9-13e6fdc5bee4	+
71:630|2efd5972-0e8f-4666-9e9b-252ebb26039e	+
71:639|68926b9a-cd1a-4ab0-a2b2-0b55a2e9af35	+
71:641|537bf272-2b6a-4ad7-8d8c-7dd98c60f86b	-
71:641|6aa350b1-294b-4f01-80eb-5027484057c2	+
71:643|04996ae4-d565-4cbf-8ddc-24c7f6c6fdfc	+
71:643|8918cc1e-5683-49ef-bf6f-3f6f155341d8	-
71:643|9561fa4a-06f9-4f8e-a322-d998b3c5c046	-
71:643|eddd284e-d518-47d3-ba10-8183629b84dc	+
71:645|1a2238ec-e3c5-440b-9f3d-f0e9f8d25698	+
71:645|3412241a-79dc-42fd-8d43-d6fbea039b8c	+
71:645|3c431668-4b9e-4729-9cc9-01c292b687cc	+
71:645|7601bdc4-8783-42ff-b26e-2f83cbdfb8de	+
71:645|85ddfaa5-9e53-445b-9212-ee49ce0e2df3	+
71:646|3ff73da9-82fb-4f60-8fde-6fe17544577c	+
71:647|61742f18-6063-45dc-8927-79ce8ca00434	+
71:647|6b05b891-7d31-441b-a1be-7cff71c8f03f	+
71:647|72a873fd-0dfa-46a7-a2d4-8ea509b9d33e	+
71:648|44d58437-9ee7-4541-9aaf-21856d13c2ff	+
71:648|6279fe77-354b-4aab-bdbe-d2080f48307b	+
71:648|bdb0040c-00b9-4c7b-a93f-a7680cce1b98	+
71:648|f9db29c0-b380-43ad-8336-f9150a22b20d	+
71:649|14dfb243-0c3a-4c6b-b0c5-17f08c260d2f	+
71:649|454a1e46-2a73-480b-99a3-321d00475469	+
71:650|762b3ddc-4176-4f38-b6b5-df3ba166bd8b	+
71:650|a7e0fa44-7da7-48a4-b5a5-0afeb82d0f45	+
71:651|f480c66e-dfdc-493b-b633-7946838dd057	+
71:652|22180c60-a3e7-41b4-be85-838b09c33e07	+
71:652|b4f64de0-948a-4c3a-ac63-1c22b75dbf20	+
71:652|e9eb7915-4700-417d-8566-c5751d81bada	+
71:653|6d41cdec-790a-4833-b2c1-a390daffd451	+
71:653|74375d45-77f5-412a-ae55-48109a775a59	+
71:654|5e098ad5-e716-4dde-b735-475ac15c5e3b	+
71:655|06659f3b-502b-4b22-9329-c040355cc7bb	+
71:656|8b3823b7-0332-482b-84f6-bacaa60f01a9	+
71:656|974e72d4-19e6-40d6-9eeb-065c5e7474c9	+
71:656|c6a03031-8537-40d4-9303-53033438d7e2	+
71:658|89d4118f-956b-4f83-bc69-5632f9472eb3	+
71:658|9148a511-85bb-46da-87c5-0a2f52b8f08d	+
71:658|d07eda2d-8f98-446f-a9a3-18155c7463fb	+
71:658|f9df6f06-b51f-4166-b854-b228869b48af	+
71:660|435baf0e-fc79-4606-82c8-14348ad93a39	+
71:661|bc8e3f46-5c15-4c69-a6cc-8299f6ef132f	-
71:663|8eb05eb6-9c5a-462b-8127-170d4a86a092	-
71:663|9b3dec6c-ab8a-479f-bb82-6691b40e8777	+
71:663|d7c96aeb-dc0d-4fe8-90dc-5464abf745bf	+
71:666|1a321397-56a7-47d3-a213-d7ae0c74dfdd	-
71:666|54fa42fe-8c0a-4c4a-a577-c5a0164ec3fd	-
71:671|16ce2056-fa96-4043-aeaf-9ec5eca3b641	-
71:686|396869f1-7bae-45db-8b9b-ac0b5ae1a46b	-
71:688|5e26c445-c178-467f-869c-7c1bf4eecaf6	-
71:695|d8797624-55c5-4c3b-b1eb-b994970cf9be	-
71:697|3df6cd0e-b58e-4e04-bb5c-57c1e730f78a	-
71:700|84770230-b32e-4408-aeca-4f717e3f3087	-
71:704|173b3240-2ef2-408c-8251-777168dab845	-
71:704|5f1b3b89-a95d-42d8-b82f-3bb891325d93	-
71:742|5ed035c3-1ddf-40ba-9b43-06e2c380a1ef	-
71:744|92092a63-3dfb-4b3a-86da-ce2b98fae4f7	-
71:745|84563ea7-9778-4eb9-a93b-864a22fb0ee5	-
71:746|cac13262-f3ae-5884-86ab-1e7ccf25d7a9	+
71:748|264bbba1-eb0b-460e-8582-371d8895720a	-
71:748|fff1c55f-bef3-4418-a6c9-dfc1244c83a9	-
71:753|6cf31b75-7112-4acc-bd36-f58518ead35f	-
71:754|e1ef63b9-5bd0-478d-b76e-2e776a6f819b	-
71:756|497c02cc-e9d5-4156-a865-946efb3adfdc	-
71:758|4377a9f6-16c5-4cef-911b-eb62f37ad2a7	-
71:774|5ae3097b-e1e1-494f-92b5-165a970f77e4	+
71:777|3e2d9c7d-966f-4411-b293-4bdc273c753d	-
718:1168|c3ff71b5-d586-4935-83ec-bd3ddd1c8ef6	+
71:817|47dcf2b4-56da-4500-a125-45367a65e3d7	+
71:825|8d2f8468-5661-4943-b541-ddc5848acdc3	+
71:844|4705436c-be0d-4f57-9639-4b48090732ab	+
71:847|d56c4004-b23e-4023-8035-846d03b8a732	+
71:851|2fc90c03-affd-4f5b-9997-120a066d0578	+
71:853|6ef73b47-cb3b-4df8-8bf0-c9f0dea13c2d	+
71:855|6ab56755-73d2-4830-bf1a-37af3c1fe48c	+
71:855|8be5d9d5-cd82-4f76-b1b7-0b4c6e8ff1cb	+
71:856|563348b4-6ae1-4ea7-93b4-87fc6e5a300d	+
71:856|9a16ab61-6254-4529-866c-466a325c78f0	+
71:857|63acfdba-d930-4c68-9d4a-b897abb7361a	+
71:857|7489da71-c651-4612-a33e-637c2af66af7	+
71:858|4bf6b866-7199-4a2e-b343-09ed96cb94f7	+
71:860|dd71887c-f4ce-40e2-9c14-e02df377670c	+
71:862|8f3d1610-7496-4c39-8809-8ddf3ce32542	+
71:862|cc1e3e19-9101-45b7-a22a-48cf7cf1c873	+
71:862|d1650e83-f28b-40fb-98c8-b8131bcee989	+
71:865|bd30cdc8-80a9-4b3a-a7d7-f1440400207e	+
71:876|dc7c6c56-6925-4368-b17b-4b17d7950c76	-
719:1265|667aef73-9be5-4753-b181-b86f9706e253	+
71:915|bfee3d43-9e4a-48ce-8d99-6d21c54ea9e5	+
71:927|7df10d67-88bc-4bff-b923-0000a627779b	-
71:941|fac77865-f23c-4902-acb2-1f07ac21a063	-
71:946|ff541e46-4921-459a-a86d-e8e953d1b71a	-
71:961|f26065fa-1cde-433a-87b3-fc0311b9af47	-
71:968|ce82b26b-06b8-41d3-a310-6d5fe05bc9eb	-
720:938|729169dc-dc8a-441d-8aea-00dda05a07b5	+
72:1008|ff6e21b9-4dce-4c2c-810c-ad9fd0e119a5	+
72:1011|c71ce2eb-34be-4598-a61e-309777d98568	-
72:1015|ec524fbe-1312-44e4-8efb-07658043fa58	-
72:1018|c53268e5-1089-4c52-96d5-2c35a230f9d1	+
72:1024|3c2ca949-b5d7-466a-b681-24c7fafb1d4c	-
72:1025|19191ea5-a355-4c44-ad79-d5a970aa8fe1	+
72:1025|44e2ddde-b2b9-49df-90cb-28cebcba72d3	+
72:1026|5b845e4f-aced-4ca0-b492-f58b227245d3	+
72:1028|249d624a-e07a-40e4-9b79-7a06a13e36b4	-
72:1029|8587e9c4-7ca9-4766-810b-b6cde1947181	+
72:1031|6ac720d2-2768-4aa0-83e7-7cdc6720c817	+
72:1036|a87c31d3-eb89-4862-a156-7d92e4c63790	+
72:1037|41c13b4b-32b3-460b-8159-2b08f90cc935	+
72:1038|6f2eb1b4-4ed8-4af9-8920-2d391877deb0	-
72:1077|1b430645-7adf-4656-9013-4c7e1621a75a	+
72:1156|bd24ce41-8e24-43ec-865a-8710e3ca2d72	+
72:1165|25607417-41d2-4d5e-ad81-66d75deee701	+
72:1198|0fb14fe4-5336-4cf1-bd74-643fe318c678	-
72:1200|0ef249c3-c4d9-4d37-b6e2-87bfed7c7245	+
72:1234|9b405c13-66e8-4d30-95dc-20d33400d6a8	+
72:1252|77a490e8-3d6b-4811-879e-e939bb340c73	+
72:1295|a01ef1aa-8d52-453c-acac-d7516bd81a71	+
72:1297|d60302d4-1642-4a4a-9f04-f1445b56440c	+
72:1302|fcd16c4b-9ad2-4262-88a2-b86e8df67f4a	+
72:1345|3b3e2039-9b0f-4ba5-b81f-572e199ca093	-
72:1373|83b1981d-4b52-48c2-a19a-0ee81e4edaea	-
72:1380|d7bd6f80-ac65-45d8-963d-a670a0faf2b4	-
72:1383|ee96ab35-cae5-4a49-ab92-bea3b1031a7f	-
72:1385|e69f0fe0-2304-4f83-bb7b-ca90a86ad108	+
72:1393|145182c6-a85d-4bbf-891e-6c09fba3528a	-
72:1484|ae94f5b3-70db-4a46-ad2b-91f0c9725645	+
72:1484|eb97d93c-e125-4ba5-b2e6-73e218aeca5c	+
72:1486|613d7e7e-402c-4647-8c5c-875c7d4e170a	+
72:1492|29772b7d-3b6b-49b1-a5f8-6548f5203ca7	+
72:1501|944a4f6d-419a-4343-95b3-d988e2b139ca	+
72:1505|8ef65116-7e4c-47c5-a46b-47de235e70bb	+
72:1506|b4f461bc-b6f4-4466-a42f-c391778d5dd0	+
72:1509|650ccb36-75f1-455a-a502-9a1f72772a24	+
72:1510|d1c0783a-abca-45dc-aed1-12a128b5214d	+
72:1512|d6834967-9b7a-47ba-833f-1174253e3912	+
72:1518|23aeb971-45f5-4b63-8b2e-016f945cd436	+
72:1518|372149bd-fa8d-4f59-bfbc-93f6320e9496	+
72:1522|b583cc78-e8dd-4892-89f1-c73537c77618	+
72:1551|5c9deba7-cb7c-4b82-8319-37e8a22b3419	+
72:1555|eb10c2ca-afdd-4aaa-b301-d29a40be2212	+
72:1910|b9b5e4a2-f896-4a9d-8889-d46accd657b7	+
72:1952|aa67bdde-7b0c-400a-befa-9819800a94c3	+
72:1967|e4fb8d7c-cde0-4d3e-8da6-f21884bd09f7	+
72:1986|a3c702d4-73e4-4840-9aa4-1c6f31aad237	+
72:2085|b1f98dc3-6c21-4c84-b3ca-72531ee25ed4	+
72:2088|26d6a844-9f38-45de-a599-53a19a518b69	+
72:2090|6f531c99-4ab1-4a7d-80d0-f9feda709b58	+
72:2098|f2ec4381-88c1-4299-91dd-4e10a81426da	+
72:2099|cbd46424-3e19-4e27-9c06-4f5aa5ac93d4	+
72:2099|e380348c-0f0a-4f6b-9b8b-5f28634bd957	+
72:2100|fb302a69-50e4-521b-b8e6-d1cf80a5679d	+
72:2102|09364384-0c4b-441d-a988-b5636afa4ff9	+
72:2103|83edb61b-9752-4861-b9e3-45d310bb37ea	+
72:2103|9d8c38b8-cd72-4c60-b4dc-8a568ab06dc2	+
72:2105|5cd260e8-5c02-436b-9d3a-84f643d12b24	+
72:2106|d752191e-de53-460f-aeeb-57b2cb2b1c4f	+
72:2107|6d48977f-ea88-4bea-9f3f-eca31e05f79d	+
72:2107|f91feee2-12df-44d5-9beb-9d346d76a003	+
72:2108|5a5e3f9b-4d70-4d1e-a87e-6cbcf4b995e1	+
72:2109|a896cf60-60a3-46a1-ae6d-671379d9982e	+
72:2111|bf233d6f-c0c4-4253-8a08-45b302464c5d	+
72:2119|2f9b8566-da2e-4c8f-9bb2-146bb594b340	+
72:2120|54c20f10-e5b2-4710-8bcf-dca9730f7c7a	+
72:2127|122db7bc-2e47-40f6-95f7-09613aa364f0	+
722:1829|26871cad-58d1-49ad-86b5-0e44b5ad8b7a	+
72:2243|1629117a-bff1-4692-a212-1a25c0545d3c	+
72:2522|5380f34f-e945-42fc-b58e-57f2448a65e5	-
72:2530|f9b38165-d71c-4585-b901-78a5f748a5df	+
72:2568|81ddaf4b-5f78-43ac-b64e-c7eda0499930	-
72:2571|f7a9a72b-a709-4407-b010-3558e59ad689	-
72:2572|171a23e6-2bd8-46a7-8fa2-e149364f2a3d	-
72:261|e1c7fdac-5979-42ef-a740-afbd05822e50	+
72:278|b4f56456-9aa3-4c70-b01b-9d8d5f286432	+
72:298|e2d66918-2e58-4965-a7ef-b83fef2ab920	+
72:314|7d6f0aac-bb87-479b-9e28-40b4d2379d2c	+
72:314|abf06371-3628-4762-aa6b-b1516bb80496	+
72:348|75811a66-e832-45ec-a162-8d1da5d86d1a	+
72:356|6216b54a-4f36-4139-a99c-3eef016fe537	-
72:4083|fdf49094-7e55-42fc-a6ab-41bfadc012b2	+
72:414|2bf091f0-6511-440a-b9fd-7648acf1f325	-
72:434|7ea6d384-81da-44df-8dea-198859783f4e	+
72:450|f31f3713-2239-41d7-a12b-024534a1f586	+
72:454|185de07d-e527-430d-9b23-3884a6dc6012	+
72:459|c2d9f6cc-db06-4e12-83fb-076eefbe374c	+
72:4608|e70b2492-b8e2-4b6a-bd18-d5569af757c8	+
72:461|9265d917-75bc-4adb-9c01-6f3eb20e76f0	-
72:500|ca73cb80-70b7-4113-9142-10d4215f8cf2	-
72:501|a0292746-f7a3-4157-a5c7-aa51212a13ab	+
72:503|0abaf6fe-97f2-4023-800b-2f90cb14e4db	-
72:503|dddb038d-5f0e-4bdc-ac09-d2cc29c14d67	-
72:504|f0493e9f-c3fb-4a79-b32c-1bf53e269e5b	-
72:519|530e539a-0fe8-4ccc-af5b-d2dbc561c842	-
72:526|d07fd093-ccc6-4946-946e-4eaec68104da	+
72:527|ab20b1cb-9e39-4a36-ba85-0091af25fddb	+
72:528|0e1d125d-fded-4ac7-91e0-24804f14f99e	+
72:531|0b2fc10a-3fee-40f5-9ef1-4c5787ae928a	+
72:531|246ca8d7-11f3-46fe-b065-a096c4405e26	+
72:531|69e3b121-c6ef-4a00-9304-54c54b0ad518	+
72:531|7ba335b1-eea7-490e-83ae-ff06ff324a11	+
72:532|53aba139-952a-449b-ab74-1659e96d36fa	+
72:535|b267ec6b-6026-46ba-80a5-66fe2ba80ede	+
72:536|118baf8f-5b29-4ed9-926f-14bcb0673567	+
72:538|28a9d445-c738-42df-a1c3-a9a14e1c7cb7	+
72:538|6d88e88d-8f57-485b-96ad-fb92e43fdcd2	+
72:539|5c2c2d47-6c93-44cf-9d60-fe00201dc0e1	+
72:539|9d029679-0996-4815-a5b3-264218520da2	+
72:539|e73a918a-aad0-5bda-97b9-dc7ec9bf4dc3	+
72:540|4b1f72c6-31a0-4bbe-9bfd-0975d4751277	+
72:540|69741145-6540-43b9-9cfc-72aacdbf272b	+
72:540|ea048b5e-d18c-464b-a4d6-326aa64ef87a	+
72:540|f3fff4e0-ab9f-45eb-bf79-280f5ad97eed	+
72:541|af592948-e7a0-49f5-a315-173509d7ca4c	+
72:542|e65214bc-d6ff-4233-b3d9-c77e17549ec2	+
72:543|7cb59c08-b38c-4f79-9630-a85c1cb39861	+
72:544|77a6822c-19b2-410c-adb9-1e10d0fda6fd	+
72:544|b0eac676-993f-46b9-a1aa-e5589d946f7f	-
72:544|b88b0b38-2a28-4f86-b987-4abcdf3b6794	+
72:545|583f4de8-8ff8-40ba-b7b0-0cdf02a61cf0	+
72:545|d3525f4f-8a91-492c-8806-3f18dffd1bec	+
72:545|d9fbc516-8390-4737-ae45-102b6e5c9b07	+
72:546|246fc903-1e62-497e-98f7-e5676640ba33	+
72:546|c674a273-15d0-421d-8cac-8a27a7b2ed35	+
72:547|3941a5d4-fe9d-4c5b-a500-c2b7d551e6d8	+
72:547|75435692-54ad-4100-a496-90b9d46dfa4d	+
72:547|75f57944-5b8e-4541-8dc7-81ff11f3c931	+
72:548|b41e43cd-fbca-4d4a-a07c-8c5132d2234a	+
72:550|9c643e3c-8d0b-4eb8-95ca-5db3114b4839	+
72:551|d0019740-8462-4463-a49f-10189dffc2a1	+
72:552|52bbeb7d-8bde-4064-856f-f877d4d7ef6a	-
72:552|8bed130f-9cca-4d06-99d4-de01e1c46943	-
72:552|deaa6679-0fe3-49c9-bda3-8f8caf029edf	+
72:553|0ac9f242-9506-4e69-a9f3-e3f3770f571b	-
72:553|2d5825d4-1641-4422-bc42-0503a50882e7	-
72:553|7939d0f2-987e-4598-8934-498c81e9fe9d	-
72:553|b9b4fe56-a0c7-4524-b0ef-a9ddde0f5ddd	+
72:553|c166b65b-5d60-4dd3-8d23-556f1180e7f7	+
72:553|cba901f8-b7de-492c-91af-e02263911148	-
72:554|ab096b45-5dcf-4fba-8a15-66edf5e80067	-
72:554|b8dcec00-8ed7-4ddf-85d3-3a8e6d851c88	-
72:554|dcf855b7-0fff-4bfc-a9cc-f431cfd98a91	+
72:555|52b02de6-a272-4588-9d66-1ad8bb12eade	+
72:555|a602a4dd-54db-4e59-bf7f-4e15e3353362	-
72:555|e694f0bb-8994-4972-a492-265c63af4151	+
72:557|444ea999-6dc3-4692-9e65-460860c18a21	+
72:557|5b80057c-4c20-4d44-9ae4-6b2c997343aa	+
72:557|77dee0e1-156b-4ba1-954b-b5dda380feec	+
72:557|f717f3d8-02f8-4910-bfd3-a5601e70d456	+
72:558|16bdbb49-47c8-485f-8fff-7bf58b7a939d	+
72:558|8ac2d128-311e-4475-85f8-1394fb24e252	+
72:558|f7c10663-2c9e-4f1b-a90e-754b46c86117	+
72:559|a71b2edf-4d64-4800-96d8-1d096cbebecd	+
72:560|07520eee-5b61-4ac5-8e5b-5ad0a4abde47	+
72:560|2d1558ab-b746-4350-bd54-2001f246c3ef	+
72:560|41c9f356-ab84-45b7-a237-78ccfffc4e5e	+
72:560|5894c2d3-50c5-4021-9c4f-a0c29da9b5d6	+
72:560|679daeac-eccf-47ed-a701-54c0a52148e5	+
72:560|e4e67949-b478-4156-ad39-624b0a174290	+
72:560|f0de2b06-93cd-44c5-9ff5-ddb89d455605	-
72:561|5d49efed-ed59-46cf-b5fd-80dbf8f3895e	+
72:561|96ad778a-83d3-4924-ab50-8320e72cb18d	+
72:561|9f166a54-7ae6-40a1-81f7-443c699ade12	+
72:561|f5a070c3-b7d9-47fd-b76e-560163220b95	+
72:562|0f106d24-70eb-4e97-a6ff-c61806f00921	+
72:562|5a6ffaa8-1854-4525-8c3a-a76a4b95597d	+
72:562|90c65afc-a40e-4f89-88c7-1503cd91047f	+
72:562|b65309a9-ed5d-45d6-83d9-069415c882e5	+
72:562|c3ec7f77-ffe4-4e83-9463-8c9b47718268	-
72:563|86ced956-a99c-4542-be4a-54d41000ed35	+
72:564|10aa6cfb-3377-4ebe-ac29-66ac6e7da548	+
72:564|af1d6ee5-4dee-4023-b28b-128f8369ff63	+
72:564|bc1e0671-4c18-409f-a7cb-9e3ef95a6f3f	+
72:565|16dcb31a-0aa1-4931-a4c6-31d37bff8a08	+
72:566|426030e0-06ca-4cbf-9a68-59af78caa769	+
72:566|4cb22143-7f2c-4e93-bff8-082abb4b1562	+
72:567|5986d6e2-5623-49d3-a33d-f979c18828aa	+
72:567|ef106f09-13a2-435b-82e9-e504fed50fa4	+
72:569|98fbb227-5572-495e-bd53-58043979c4df	+
72:569|bcd060d4-858c-4ad8-b363-96941a27021f	+
72:571|f98fa81f-4a8c-4261-89e5-bda7e6d71cb1	+
72:572|d3fcf0d9-7ddf-43e2-8567-8106370a45c4	+
72:573|29317fdb-b4ab-43d1-81ec-de9e5c69a93c	+
72:573|bae0fefd-e91f-4447-9de3-be85f836284e	-
72:573|c289138d-9d1e-42da-9136-58f48ffbed2a	+
72:573|c7f0ff4f-33e5-40d0-a342-19e945d96428	+
72:575|33516c01-91f5-4581-bd72-365783244e08	+
72:578|9f2dca47-cec1-4ff8-b2f2-fc28ccca48b9	+
72:581|4e23f193-6e5a-4b54-a414-24a511d974c0	+
72:583|15f44851-ec3c-4c19-8a5b-31c70d89e7d0	-
72:583|7276542c-7fe0-43f7-9280-f3dc6d28039b	+
72:587|c002d72f-af67-42c7-b021-947ca59bb41c	+
72:597|b6fabba9-1f53-449f-b7dc-b99a642a331f	+
72:599|1e7de6b8-54d6-41ed-99db-fa98648e8d75	+
72:603|130b2ccb-7d03-4787-b173-1da767ff88e9	+
72:603|be2dc78d-2fc5-453d-af40-8a222e0ab8d4	+
72:604|1586de82-c36d-45f9-935b-dd793581efc6	-
72:604|e98a6ec2-0ac7-455f-aebc-2e5f4bbf3893	+
72:605|5f80ecd2-ce61-4c73-92cb-82db3923abae	+
72:607|00c2ead6-0a7c-42da-8753-e5cc77c0ae1a	+
72:607|5db4daa3-9688-492d-ba06-61f46c9fc9f2	+
72:607|77ab10a2-1071-4e91-b8e5-4aa17226b67d	+
72:607|9a137610-10c0-43cf-b018-018a8c350f3e	+
72:607|9fd6d39e-9431-43f2-b57c-d67a1c6ab175	+
72:607|bae92934-5c17-4193-9df9-57f961134fa6	+
72:608|9284de99-9c27-43ec-a557-6f3f75e28f69	+
72:608|dc839ccb-487e-4fcb-89e8-2f2cda55d27d	+
72:610|0203c94b-f209-4b12-ae1a-f35829e19e62	+
72:610|a3b94456-7bf6-4d2b-a103-f8d165b49e26	+
72:611|50dde9d5-8a14-4ff2-b6d4-374a682b75c1	+
72:611|6c08d804-064a-4693-bc9c-e8392d66a399	+
72:612|dce38c04-2723-4205-8fa9-a257eb98fed2	+
72:614|aef9ccfb-6dd8-4eb6-a7a7-41856097bab1	+
72:614|b94f2972-73f4-45ea-ae70-06e657dce6ac	+
72:616|eb4ccd1b-bfab-4c2e-8b83-df13cc4fc123	+
72:618|04a5d613-c179-4073-a257-e269951c8d0b	+
72:618|2488c66f-5cd9-4829-920e-6f973169a732	+
72:618|d7df52ad-60bf-44e0-b2a6-4ee0f33cf5c3	+
72:621|2a1f164e-8606-4959-a2cd-9463ba74ab87	+
72:621|a66ed86e-7c1c-4427-9775-d267fc7d372a	+
72:622|f3028181-c261-418c-b25d-584f84a71f65	+
72:623|8d0d64f2-709f-4d08-b04f-39d3553f55fb	+
72:623|dd4cb063-0453-4b16-be42-26b0eeed75d7	+
72:624|1fcbd591-41f4-4e0c-a5b2-b1bf775679a2	+
72:628|8c75f480-865e-476b-b3f3-1a6cd0c9bef7	+
72:630|ebd17c7b-42ba-4cb7-9f97-9e4a847d8e45	+
72:632|d961a1b6-b402-485d-8263-c940be0e643d	+
72:636|b83f51f7-9113-45d6-877c-c26c8b5c81df	+
72:636|ce731aff-fd7b-4c3d-afd3-b1d0e1c44d14	+
72:643|17ae4f5a-3bc4-4036-b89c-038af73a2277	+
72:643|36aa1291-4eea-430f-8ac4-b94df7ccf72c	+
72:643|4e907a2c-ef4c-430c-a90c-aa5055a89f3f	+
72:644|135d78c5-96fa-4eed-9524-8e0fdf2d2c1c	+
72:644|74f0de50-d51a-4612-9c5f-d65757e1fcb9	-
72:644|bb4977d2-e31a-49bc-adec-e0d22381d93a	+
72:645|bac40fd9-d913-4cb2-b7e3-bab392ac0c74	+
72:645|dc05e7e8-20a6-490f-b98f-1123c2c58bd2	+
72:646|44b0aaeb-8f51-4cf0-adbf-5ce9b2b4a7d5	+
72:647|75001985-0d63-43f3-b8e3-107a55fd31f0	+
72:647|a8ba1dc2-1456-4b97-a0a2-0f0522c58b63	+
72:648|798d6102-1898-4716-bd42-ae6c84885d54	+
72:648|c0d7b01e-3314-49bf-bb59-8150897b9159	+
72:649|7f055907-6db4-449f-b857-04a8895767f0	+
72:649|b0a0d615-dc60-4714-b9c4-490dbbc65944	+
72:649|bf9b1751-5d86-422f-aa98-f4c834fd4938	+
72:649|c04d87fc-8e3b-488b-813a-fb95825109db	+
72:649|cffda1ce-f9a7-4d68-95ea-f6629361cd12	+
72:650|d8215914-6f02-4380-aa4a-359555835d31	+
72:651|1fe153fc-6069-4d9d-b6c3-74845bb5d169	+
72:651|225a11b1-a827-430d-8d55-540ffce920c9	+
72:651|75471a8d-d017-4139-a2dd-1b1a0259a34f	+
72:652|258b844b-def8-4943-bc75-c75a49b97990	+
72:652|bea7fd10-3cb8-4c95-a0a0-6db7a890f54c	+
72:654|183e1a70-58b1-4628-9b2a-c41ce7a244c9	+
72:654|b6d20e62-0184-4b75-af24-4b1259c06e40	+
72:655|a39b5552-3732-4457-bbc5-9bbdcb955e4c	+
72:656|a3452c12-e07f-4788-9fb8-1a7584bfad86	+
72:656|b6c3b482-0868-42ac-a923-c41f36dd6fa9	+
72:659|b8eb3b5c-5bfe-495d-bee0-2f5479a6f84e	+
72:660|17570675-5aea-4efe-956b-16c20058a36e	-
72:660|579b3ec7-5e7b-4422-a977-ccd0a6de6db9	+
72:661|1e4674d6-bdb1-4711-892d-952dfe05b210	+
72:662|26657f72-5b09-4211-843e-12f94f660f38	-
72:662|6df0c223-b3c5-41f0-87d2-c5dc8a0e7597	+
72:666|d4c151b7-dcb7-46c2-8daf-eea278997fe1	-
72:667|d7c588c5-8148-42f8-89da-716188e77487	-
72:669|0f89206d-6c22-41c9-9d49-1e14526fe4b3	-
72:671|2aeced45-b7a7-4b15-a89f-476b0604d16d	+
72:671|e7356e26-828d-40a6-9b72-f517094026d6	-
72:705|8db693df-8645-4dd0-865b-658b1251a06c	-
727:1400|34bf1ed4-2a81-4dc8-b6a3-db3fe45cc7e2	-
727:1489|710326d1-cccc-4b11-8245-4a50fe2beadc	+
72:719|3cfc624b-1323-4f8a-ab98-e431dcd8e2d2	+
72:739|578f0878-32f5-4685-8856-def0bad21965	-
72:740|1df3ac1e-15b9-421c-abe3-a365af37cf12	-
72:746|3932521d-a838-4c08-a449-67ff2d5d7fb3	-
72:747|9d44bb06-b0f5-4a10-b1f5-5f566fb61d0e	-
72:751|43f9ebfb-d486-4ab6-a7c3-a4e8a5ca3ab8	-
72:754|f7756924-7c06-4762-ba4b-d9a7819a5179	-
72:757|1d68c265-fc33-49f8-8093-7b1a12a23bde	-
72:757|b8dd4e52-e080-4de8-8b91-fee51525b1d0	-
72:769|0852468c-b3e4-4c84-988b-06b856218009	+
72:788|41f6668b-c195-4094-b4d8-29961cdaee2e	-
728:1214|3ca895c6-d172-4c45-809e-7fa32d7d4e77	+
728:1895|fc8f1492-f1f8-4e47-bc0f-a125a107dfc5	+
72:846|86bd8542-721f-4a12-8c00-6000c4e0a3ea	+
72:853|5ecb1656-d34e-403e-9b41-90866fcc501f	+
72:854|09f651d2-e814-4efc-9e75-b3ae3ea6055f	+
72:854|480c8779-e14e-4b3b-8270-0dd2fd57e844	+
72:854|99828a82-bfca-4ed0-8d32-724f188ee507	+
72:855|b7d7f5e0-8fb6-4a25-b673-66d31caa6605	+
72:857|5dc5f755-bc93-4c2e-885f-b35f015d7bd6	+
72:857|87b3ba6b-414b-4f73-a2f7-17c7d8753aec	+
72:857|b4f33b5f-0d00-4fe9-94f6-9972743faa87	+
72:858|bc19f905-945e-436a-88db-d160e40e2e37	+
72:859|714b5d1d-02e7-40d9-9b9c-8e6f7758965b	+
72:859|e3064e61-3124-4976-95bb-86036d312e18	+
72:860|16048aa1-4fc9-4814-8d0f-8564418d3839	+
72:860|b299e885-7979-4485-9bad-9d7c21822aa9	+
72:861|13cc716f-818f-421e-b2cc-e1e9abfd5616	+
72:862|0398c8a4-026a-4767-96d8-254818766b73	+
72:862|8d83ae81-92c2-401a-967d-c42c1f8fbe70	+
72:863|2296e997-4b0c-4a15-b308-bf03b7b0c66d	+
72:868|d274dde7-5082-4b23-8454-ee42bdae95fd	-
72:871|94e157f9-fdfb-4bbb-9090-5780b80c81b6	+
72:873|e38dc632-38ca-4e2b-905f-245696780588	+
72:889|06c8dc4a-90a5-4624-b537-728dd186b189	+
72:906|3769452e-cf83-416a-82d5-952085d96693	-
729:2209|d5a97134-27b9-49f2-b937-a67c337de2d0	+
72:944|c6759aa9-c64b-4a26-b3f0-4b11929cb650	-
72:947|4a4d8950-b667-4928-a25a-64fdcb5c43b6	+
72:965|677d0b8d-a98d-4860-bca0-eeeb2112389f	-
72:969|e8919ae2-6d19-4b52-89ed-fddbfe78a3df	-
72:995|9c74b551-a9cc-42c0-bbe2-9fa2982ac350	+
73:1023|5505b35f-43e8-41f2-ab0e-1958df25da79	-
73:1023|f0381ad7-a9a5-468f-96a0-508604623bc6	+
73:1026|4719733d-d414-46e4-a6bc-f71f3f850b1a	-
73:1027|3ea35da3-5f55-4d3a-b1de-03ad54e95f05	+
73:1051|3986f11b-5390-46b5-862e-60962b34859d	-
73:1109|4efa76cb-c1ff-4f56-aaf1-b992603bfdf9	+
73:1110|74df3bd5-f9d5-467e-8ba7-b77cea24a77d	+
73:1166|82437229-bd05-4c73-8101-d83f8fa520bc	+
73:1171|4c91ae35-097e-4408-a79b-f1de4810492c	+
73:1184|cdf0efb9-fded-4e67-83f6-c201c405c095	+
73:1242|225bd6ad-dd8a-45e5-a39e-c475c8f546e2	+
73:1248|329340c9-1262-4aa4-ba04-96f2afebfda3	+
73:1261|f738f342-ae63-446b-b075-be413c721d80	+
73:1266|fdb1a603-3472-4dc7-9613-56a478362261	+
731:2769|a638f1dd-d53d-49ae-829f-89f1cd9c5697	+
73:1280|392165c1-a768-4c38-9e1a-9a5a4a902d0a	+
73:1281|ba712382-2932-49bf-b411-66a62add68ba	+
73:1285|b22fe38f-076e-4a43-8357-a0ccbd325cd6	+
73:1377|ddfd6d88-7ee4-4992-a191-818df1362608	-
73:1378|7565b33c-ce47-4a61-aac9-2419b0f60e9b	-
73:1396|0dbce2b9-da12-4b78-986e-d9c1517fe6e9	-
73:1401|e9b22375-d16a-47d0-ab06-1cec3db66e23	+
73:1489|d2474306-257c-4525-b45e-4e862f838413	+
73:1493|0e4edf53-4115-4c12-8eb3-21b8b88ae5c7	+
73:1500|8470fc9a-e4c7-476e-a668-2cc146b36883	+
73:1505|cd2a977e-84d0-40fb-adb9-d3b1191ad9c4	+
73:1506|10d460e2-c9f6-43a5-966e-6027b712c785	+
73:1508|d213c0ee-087a-4c95-a589-9b9b28a02594	+
73:1510|a9367c96-6b5f-4f08-8df1-a641b13627df	+
73:1510|f08ab709-c04d-4383-a8dd-e44783665699	+
73:1513|5cf2a896-72ed-453b-aeb5-68524ead8d34	+
73:1528|2bf67d37-fb8d-4dad-8fad-01f2a8f574a5	+
73:1579|fa7239f2-e369-4194-b84d-39860d3a0079	+
73:1642|1faf9bd5-45f2-4674-b041-ae2393d79ccb	+
73:1647|8d228db7-6007-445a-b025-16521a78884d	-
73:1679|c4f1f156-3649-489b-9f9e-9a5851203832	+
73:1717|2374de5f-cc61-44c3-8854-00e3af90e2a9	+
73:1968|c373241e-3493-4cc5-96fd-5084a27e20f3	+
73:205|9979bec3-81f7-4b43-b493-19412a95f7e8	+
73:2082|1d1c8c4b-4cb6-53d9-8657-c4d47d852faf	+
73:2094|f6dd8a61-0518-49dd-a994-331c06db203f	+
73:2099|65f17a57-c8eb-490c-84b4-e6d7e0e1dc67	+
73:2100|20330612-2f65-4fd9-b920-b71d3a7b030b	+
73:2100|268258d2-19e6-4773-9682-d423929538cf	+
73:2100|3b08728f-0bee-4ab3-85cd-09da9ab7cac2	+
73:2102|2753ab37-59e0-4c44-87d5-29618bbaf71f	+
73:2102|fbaeef72-bbde-4479-bf12-142ee2f7136e	+
73:2103|0920dcfd-3c21-4630-bb14-2a110bbfe08f	+
73:2103|10d5dafb-0ed9-432b-9978-a3b336aa3308	+
73:2104|0638cd6f-3398-403b-a0a3-02c2819361d3	+
73:2104|3d8835fb-fbb9-435a-ad7f-331cec31c974	+
73:2104|41d43ba2-9ddf-4bb1-8f03-fcd97cb9c8ec	+
73:2104|6b6963c9-65f4-4182-aacf-75a491b4cf64	+
73:2105|3a1c675a-aa96-4ce7-96bd-2e05b2aa9c6c	+
73:2106|e05cd7ff-7b63-45ec-b3f7-e8cb22d95887	+
73:2107|0614331a-b583-4e1d-b7a2-b6f40ac7e762	+
73:2109|ed397b24-1b20-4531-834b-c8a2394137bd	+
73:2110|6a42910e-48c8-4068-ae7a-87a97bbcbdf5	+
73:2110|d2d23e33-0bcf-4017-9a80-50005e5cfe09	+
73:2113|bbf494da-8f95-440a-b8e8-232a14a3d99f	+
73:2114|a2a2890a-c71f-43d0-87d3-943c47998162	+
73:2128|7ae8c825-4b15-4cfc-a347-4fe389b41be9	-
73:2144|a90469ab-943b-4b5f-990e-35575718cca9	+
73:2386|3d0db0f6-1c81-4a52-8f13-d5ecc04bc8bb	+
73:2450|b36a05ea-5277-41b4-9e7f-1836ae67363c	+
73:2538|f5332dd2-b4d1-474c-85c7-07c6a487fde9	-
73:2546|4bf73630-bad0-481a-aaa9-efbbabff9411	+
73:2547|2bad0742-7e20-4124-bed3-ece3bb2739f7	+
73:2550|515b8a4b-4dd7-49ff-8cf9-caefcdc9b8d2	+
73:2569|2c5e7cbf-c5dd-4955-bef9-66c95a9cb6e5	-
73:259|a7dc88ea-911c-460f-a2cc-984a6f9e359a	-
73:278|a6f1f2cf-ab6a-4acb-8f3d-219a726d2992	+
73:281|f5466ea5-95b4-41b9-a005-567b333a720f	+
73:297|1606840a-ca24-4231-82a3-a7e9dde94be1	-
73:329|79585d2a-051e-4107-8a9b-368211c6c09b	-
73:340|77642dd1-1a09-4e92-b9d8-586406fd6c70	-
73:404|106c8300-7298-488e-aec6-f63807e2f7ca	-
73:430|73ba8880-ffa5-4ba1-9d4c-1573b640aed2	+
73:437|6eed8646-552f-4d74-964c-ab16ba86b33b	+
73:448|cbc1f8a1-e4b1-4cf7-be40-982b5cca506f	-
73:458|588f77ff-ef97-48ab-9ca5-7084eff30f37	+
73:479|3864d9ed-a1ed-44b6-bb96-8f79fcd8c63a	+
73:500|2d3f74ab-417b-40aa-857f-bc59d4fea212	-
73:504|c30e48fa-f457-4cd0-8666-2dafd77ef3f7	-
73:512|1d0dfc8f-09d0-428f-8802-19837f0285c5	+
735:1547|017d80ce-681f-460e-bbeb-24cc3b33c607	+
73:515|5affed35-36d8-4f13-8541-54581c61e752	-
73:519|57849c97-cfb9-4a78-878b-e25e8b5d0072	+
73:528|69cd63cf-b481-4f34-a730-86b05ea592c5	+
73:528|c146e27c-7cc3-49e0-98c1-aae4928ce1b2	-
73:530|2774bb73-56d4-4bed-842b-91867bad2792	+
73:530|7448bfa9-3092-4523-88d3-8c21f0943479	+
73:532|2004524e-4105-4aae-9df7-2ae4f1316c8c	+
73:532|3df96867-6834-4e59-b69e-cf667480fbd5	+
73:532|e2fa64f5-e8c4-4f7c-b6b4-7300a493a98a	+
73:533|9eeef8f1-2d6f-4ac7-9563-7923dfe497ee	+
73:534|4e9eefd0-18f1-488a-928e-4ed3548dc515	+
73:534|bfc9c584-cd35-42e3-baa2-84c689caef11	+
73:536|32ca6c7a-8c58-4c8b-a79a-03a5faae32b8	+
73:538|294c92fa-2ba1-47b6-8b44-de421cd46a88	+
73:538|478e340e-ac5c-48a1-9bb2-7ca5ca71eece	+
73:538|907b7046-c54a-4399-bc3b-a9137ecab0b6	-
73:541|859a2167-2f7d-4a80-bcf8-17a61b32b6d7	+
73:541|b6748f47-4bb0-430a-b1ef-0155097f5940	+
73:542|17b54e8a-384b-4e1d-b3d0-1b0835773170	+
73:542|d11b4a5e-8d6b-4ca1-bc14-efbda030f067	+
73:543|332991ed-e493-4d5a-87a8-0bb6e847b88d	+
73:543|9530bc51-c2ee-40ef-9d8c-494f503e15fe	+
73:544|1eaee8f1-2979-46a6-91d4-eff246838459	+
73:544|e7141697-620f-4cb6-82f2-cbba2276da05	+
73:545|22ed3eda-b468-4b5c-b04a-4f1422667a04	+
73:545|40db7cbd-a732-4005-94a2-14a04b582b93	+
73:546|1ad694b7-40dc-445f-a11b-ac9d7622c7d3	+
73:547|55744258-ff55-471d-b034-e35ec9dbca11	+
73:547|9386fe22-f823-4bb8-93ed-9d9217540f55	+
73:548|3ffc5afb-9ea1-4ba4-83cd-708b2b11969b	+
73:548|b9368d80-1f93-4acf-90d4-cb89c3dbf91d	+
73:549|34dee80d-3df6-4809-9bae-07b9c6e3ca13	+
73:550|6f4ce90c-de3e-4c14-97a7-20e89d107e67	-
73:551|4a780fcd-9612-4d9a-a129-fca38cc0d3ec	-
73:551|6e515620-bf5d-49e0-8978-13d53c1ce662	+
73:551|8083e17c-0f86-44eb-bd7e-8513c50465fd	-
73:552|10a3b400-dc88-431d-9285-d446bccb5f23	-
73:552|77089110-3890-4c04-8379-e697b289611e	+
73:553|b4701d9d-af7d-4c24-adc6-b376216ad5f2	+
73:553|ef2b3b99-cb99-4e3e-94da-273ef4586bbf	+
73:554|3e361000-506e-4911-9c4e-7e21c578ad0a	+
73:554|4e2c808e-9497-4ca6-8299-fd5b00da0466	+
73:554|8383db1a-8c6b-4a95-8cff-c35db96c3f00	+
73:555|1416b1d3-5dcc-4767-9352-650c2161d27e	-
73:555|2c9535df-d9f2-4ef8-bb5c-f6d2dfda7d18	-
73:555|4f4dbe6c-1b07-40e9-8349-1f7e114b0d03	-
73:555|79d80cce-1328-409a-b8ef-b036294384f6	-
73:556|23176265-6735-4388-bdfa-97c0a5e7590a	+
73:556|36661bda-f6f4-4842-939d-d161c4c1e3c7	+
73:556|ae255b37-4f2c-470f-9373-afad00939072	+
73:557|5474dba3-0e81-4631-8413-b2135ef7c2f5	+
73:558|a4dfa660-90fc-42c4-a1d4-b9d531965cc9	-
73:558|c4c45e02-7772-4116-aba4-499c4350c2f2	+
73:558|f20df851-163e-4727-8cc6-b7002cc4b750	+
73:559|010c6645-671a-499b-bc8a-5ee50dd15f41	+
73:559|18e8f80c-d62b-4518-a665-103f824640fd	+
73:560|0ac4fd15-405e-42d4-b510-d1c3eaacbbe8	+
73:560|131c64c1-2d7f-4a45-9898-eca0e6d0a8bb	+
73:560|2720bc48-58ef-4565-ad62-0377ce517f10	+
73:560|28134b49-0214-4e3c-a4ef-12fc98f74763	-
73:560|8329a18c-ced8-4080-b182-5898b2c25c40	+
73:561|2799d361-5580-4829-ac88-adac39111773	+
73:561|57eefe9f-5873-47e8-809f-4d812c152d17	+
73:561|7f05853a-8992-43e5-bce4-50355522a6fe	+
73:561|ea657854-6ed5-4fb2-a3a5-febf483bcb38	+
73:561|f9ac7aff-3307-43f6-b276-2d2910d01a15	+
73:562|1b16bf39-34ab-480e-9870-014887ce4f51	+
73:562|1f783ac4-3e37-4498-9f76-344455f6c283	+
73:562|1f7bd91c-8192-41ec-95eb-06e69bc1c7bd	+
73:562|3ad795d3-9fae-4a8c-baf6-87c134630541	+
73:562|5125700f-e3ed-4f6c-9599-1406c0d699ed	+
73:562|dbe6c110-bd5d-4fc2-b996-ef01b05beb5f	+
73:562|e83f7165-b0c2-4fbb-8036-755038a14cfb	+
73:562|ff6cf6e9-e1a7-4638-b7ce-4172b3758020	+
73:563|2252f489-f19d-4d94-84c4-142523637fe6	+
73:563|90e49060-4121-401b-ac21-91017fccac6c	+
73:563|ac166ee9-dc65-44d8-b508-41e102d5ccbf	+
73:563|db01e93b-8222-47ac-99dd-2aa74c4ce289	+
73:563|eba833b3-01d5-4321-af8a-0d1b66fb50ee	+
73:564|3ded2726-b28a-4981-84ea-712e03083307	-
73:564|66e8a515-b714-442f-b77a-fa1473b9bb48	+
73:564|724570d7-8329-4a26-ba6b-d732c49e0b41	+
73:565|4fb355e3-2a01-4b6f-ac8a-f9a53019a337	+
73:565|d464b611-ded9-4464-8784-7ca3e1ae509d	+
73:567|f99e53f7-75f7-45b8-aaaf-3f714f0d4a85	+
73:568|a77d6588-a421-4514-9159-4e1a44a2b8a2	+
73:568|c649af7b-0936-4fdd-befa-34c9ac811482	+
73:569|d16eaa0c-8654-47b0-8a24-e782c5b7f96f	+
73:572|69cda7c9-f3c8-4e02-8088-1a30814d4edb	-
73:572|aa6780e4-2f13-440b-a81e-286a4e898dc5	+
73:575|7647e711-525a-49bf-ad99-c18095ec9115	-
73:575|96380285-ee4e-4af8-b356-a95786a53eda	+
73:576|0a0b7fd9-5cb0-4026-bf53-6f21ab172627	+
73:576|279fd23a-9b63-46ce-8f50-1a37723f40cc	+
73:576|62adc102-3ea4-4eb5-bead-d73e725b00d9	+
73:577|3d984b5e-e5bf-4fc3-9b7a-c094592aa3f9	+
73:579|a8c65198-d29f-41ae-851c-9b777c82093e	+
73:579|b4d1e051-47b9-4366-b3c3-ce5db013d96e	+
73:580|335a9077-ee80-49d8-aa9c-edfad39d6aa5	-
73:580|59dcf2a7-0e89-4399-9512-8858e9c1e352	-
73:580|fb6f6295-047c-4089-bc1e-05eee74a957b	+
73:581|e0773d83-8f6a-4989-af80-e75ce5a7dd23	-
73:591|cc25cb1c-0668-43f6-b2d5-890b44f170f9	+
73:597|60472a97-4f7d-48ef-a6d3-dc8c1d5f7ddc	+
73:605|8f1791ac-d1ac-41ea-b46b-987bb67bbef0	+
73:608|073ea167-daab-46c7-9c28-b74e4a427bb4	-
73:608|4d195fae-8170-40c1-bf19-82eadac0fef8	+
73:608|a8a4b238-7e2d-400a-acff-d38ccc6c2a53	+
73:608|cbeb37f4-a341-4d8d-b216-07f6d14c8f3d	+
73:608|f80b1945-bc6c-46d6-8100-4a50da0058b9	+
73:609|1bea2244-dad3-4e13-8a0e-db2a645a9ff0	+
73:610|b6b57b1d-6c7a-48cc-90be-765e924a6453	+
73:610|c8f761e7-6ab3-48f6-bc14-2d5a04ddec4c	+
73:611|48ba7924-80db-46e6-8431-eaf23b5af7f9	+
73:611|accfeca4-d5c2-48b9-ae10-701d82c36ff8	+
73:612|9feddee0-2b9b-46a2-90f5-736b4ee76ef1	+
73:612|c625c368-9c8f-4a26-8be4-2ae5c1e87397	+
73:613|0bd6ab0e-2c81-42b9-bf70-62e0a2206159	+
73:614|3677e39c-5cef-4dbc-bb8c-afbb322bb247	+
73:615|afdb9640-bd98-4e3e-9968-fad9c60f346f	+
73:616|452a1c73-9dc5-4e81-8da8-8845fca85ef5	+
73:616|ed272fda-6937-4230-887f-79ac0101517c	+
73:617|ea36f27e-028a-4b0d-8eb4-0e3e8d9a7fce	+
73:617|ebdf52fa-363c-4299-85ab-22986d14836b	+
73:618|db5d968d-84c8-41d5-a09a-e4d1f6413e59	+
73:619|c91036a2-0860-40fc-a55c-fb62e3aaee09	+
73:621|5320caa3-56f2-4ac7-8a84-3cb76adc21a5	+
73:623|6faae0a5-7acf-44c2-8f4c-cbf420f21ff3	+
73:624|51c63780-c8f5-40b3-9b10-8b0c827f43d7	+
73:627|d475f568-f2cb-44d3-88c3-e53584853e29	+
73:628|48ec2da8-834d-4f05-8ec5-35b0ce9566c5	+
73:629|0b9d5b4f-995f-49ca-8c2d-98f71b02f35e	+
73:630|46640cc4-df1d-4399-a8f0-998cbf17a7bb	+
73:631|347ff7cd-2072-41dc-a222-5c54e88ddea4	+
73:631|a3e9e675-f481-4839-9d39-b7aed6de9802	+
73:632|dcbe2c81-1755-428c-84b1-a8c3043d1a03	+
73:633|0059e365-3040-466b-9c0e-9d82e8353222	+
73:634|aea00522-7fae-4a36-9bd4-627f05ab9595	+
73:638|28fba4f5-074d-47f8-b625-7f704798f7f5	+
73:642|cad312f3-f574-4ffa-b78e-764dcc94f2e7	+
73:643|43ef328d-2c71-440d-a757-cc27f53a99c8	+
73:643|44f7edb2-34db-4b60-8a92-d4f70ae0c056	+
73:643|a1b0aadf-5569-452a-8a96-97f8d0dd4d77	+
73:645|fecd49f0-9e6c-463a-a239-d1bb165b0adb	+
73:646|27775d06-048f-4ae5-838c-ee66eb9bbd82	+
73:648|813613af-a64d-49f2-b4f9-16592f260f94	+
73:648|cbcf1029-313f-4ff9-b001-517527830343	+
73:648|e103f21c-b60b-4ae8-99f1-c7cf221c68c1	+
73:649|791100e8-74c0-4319-ac8c-f719c369c055	+
73:649|a11eeafc-16e1-458c-9f23-67a86383a745	+
73:649|dc67c5a9-3482-4894-bae6-ad2f667768c2	+
73:650|0d17c6f9-fd01-4277-9fb7-144a76504a3e	+
73:650|aa1b41b9-f847-48f9-aa7c-34a6066044b2	+
73:650|afb75b2d-f8f8-4cf9-b448-ecdc8fed9402	+
73:650|d843fb3c-9593-43f1-850f-a2935559d006	+
73:650|da388013-b590-4a3e-b56e-b1b2c96ead04	+
73:650|fdd814a0-c1bd-4c1d-9c51-604707f57b96	+
73:651|2d13484f-205a-4c36-9346-9c853963eca8	+
73:651|92915f5c-44a2-48c4-8eb9-1ebad02b0dbc	+
73:651|d1673657-022d-4b83-bdb7-38c3b1eb38d9	+
73:652|4e97dce2-c960-47a6-8983-798f6e960f8f	+
73:652|62916688-b753-400e-96eb-e96af6fa6e61	+
73:654|1cee52ef-eb75-48e3-bd73-2e2dc39df711	+
73:655|143613e3-7e05-471a-bdbe-10161975ab3d	+
73:655|77354ef9-4599-4e60-92ab-1f4a7dc46a1a	+
73:657|6e7f4f19-2ac9-4ccc-a611-d4d69cbbfcdc	+
73:657|d9857d64-7767-4fe8-950a-89a921768d70	+
73:660|9fe1ffb8-f580-4caf-ab62-30ce3ffdbaa2	+
73:660|cf1d78ae-ce43-4ba8-a654-b68f2c6eaf76	+
73:660|f2a1dd8a-6976-4f27-a68b-6decc3bba658	+
73:664|ee000d02-0c90-423d-90a0-3a4c0e32168d	+
73:666|0a89225a-4fdf-4c50-bdb4-a11f6bfb2b4d	-
73:669|025adb91-ee9b-4846-8600-48cca54e9de5	+
73:685|34e24692-75d4-4159-9042-85ecbb7ea9d3	-
73:696|758927e2-5883-42d1-bfb0-83f67a0d8a9d	-
73:703|a197f089-e65f-49bf-ad7e-1b1f55ef6398	-
737:1314|90a2548e-15c9-4dba-af05-ade46653dea8	+
73:739|269d43fb-2b58-43cd-b29f-61d31d83abbc	-
73:739|e0db6d87-d4dd-4e72-b8cc-7132f35b60eb	-
73:740|d1ec0e3e-50a0-4deb-a55c-ebd2dd02f8bf	-
73:743|ae4d7edf-62e1-4afe-b072-e69bc935cef4	-
73:745|58e84fe7-e5a6-49f2-b1c4-785c8ec907f1	-
73:746|ba70ac21-c602-4574-8ab4-21bc3487f57e	-
73:747|21ec06ad-0b8f-4dc1-b24a-81776843f394	-
73:747|aef58020-4d8a-4451-99e0-b055a3947fd8	-
73:748|0398ebd0-b950-4cf4-9532-aff18505cdbf	-
73:749|2c922b64-7418-4e12-9e29-7849cc337246	-
73:751|00b1d2eb-3cfd-4917-8f10-82def5b23d1c	-
73:752|11109dfc-ae85-4c7e-9c65-471e0541293c	-
73:756|5c83cb92-dbfa-4fa5-bfb6-773e90c06337	-
73:757|9a378e05-7d8d-4347-b262-7f8bf0fed2f5	-
73:759|05818d1a-cfd2-49ce-b087-97410e5bc4d6	-
73:763|c8670aac-cf9b-46ef-8aef-cb0657c3049f	-
73:811|4e6f0f0f-8d16-4142-803e-d183f74e8c3e	-
73:826|d06ca150-e5da-4bcd-9034-aaabdb472bf3	-
73:840|a8e5a256-a8a2-46d4-a600-7612c51b80e7	+
73:855|8810c448-0184-4c2a-a693-b6cc6e7cdabe	+
73:858|d1657453-d581-45fd-b169-89e531c9f3c3	+
73:862|9e3288f9-329f-4b63-8d25-7e409271faf9	+
73:863|6dc8ed43-83fa-4347-9b75-f07086e21d8f	+
73:864|43d9ebe4-6fca-4b4d-b7d8-425044e35d26	+
73:870|8958d9b0-2e02-4b20-aa15-e84db0694cba	+
73:870|da7c134d-a5e3-4317-848f-898ed0fa4e3c	-
73:873|ee415098-1280-40fa-95ca-f35fc7df2c91	-
73:874|671268ae-1481-4217-9d38-5b930b29885a	+
73:929|4b6e1529-a71b-4e14-b7b2-6837aeb5fe4f	+
73:946|149c361f-7570-4c53-9211-7029d9d10d6b	+
73:958|4d8c630f-3a34-4354-93ff-bcbbc8edc328	-
74:1016|a2c24059-1284-4f54-bec9-aae5df03bb31	+
74:1021|3d6b8774-48af-4c37-8846-658dfd399983	-
74:1027|c7a473a1-6996-4107-9663-216a0b4fac86	+
74:1034|33977991-d7c6-46ff-b2f0-19e25484014a	+
74:1038|76c18fe4-254a-4e74-abdd-3a7602267eec	+
74:1040|50d48316-bf9b-400d-876f-aeb4482f6e96	+
74:1125|76bb1227-320f-427e-889e-b40bb3b67181	+
74:1154|e4df9582-00ba-4307-8878-d00008d8a28f	+
74:1163|a25f002a-bb41-57bc-9c21-f0351d790853	+
74:1164|22951200-7775-4d9c-8f89-e8605706eaaa	+
74:1164|4656ccbd-25aa-4d1c-b3e5-dbdecb562ce1	+
74:1165|54e5ee88-0b4f-4e26-95a9-e18a25134e8e	+
74:1165|ee2f8841-3102-4c5a-a997-e29d77178847	+
74:1167|637e5a90-00bb-4da8-9454-4b53d7469679	+
74:1170|da14efdb-aa02-4987-83a5-cd65b2730627	+
74:1191|a166c231-03ac-4914-b4d7-617de31e7b2a	+
74:1238|a71f3ada-82e3-43fe-b422-49c27da2cfa1	-
74:1247|9d868022-bd4b-4f03-b3f3-f31d46fa7ec6	+
74:1277|6f98b25d-7879-45db-add0-fd8a14bd748d	+
74:1282|1cabbcaa-d2d7-4038-bd5d-df1532cfd869	-
74:1310|d609f39b-804d-40a5-bc6a-cacfd4935784	+
74:1371|2f6a33ee-a1b0-50cd-87ed-12e164f3d563	-
74:1375|c015b2c8-ce64-415c-af97-dab5601b742e	-
74:1376|156db073-0eeb-47c6-8ade-8bc3d28a59fa	-
74:1382|afbcf361-be61-4f66-95ea-4487f4d44c94	-
74:1399|7f192a85-f227-434f-ade9-0d66858f6291	+
74:1502|cb58e252-2b49-4ab7-b98c-9330fb0d8b4d	+
74:1509|ba7b8f37-5bd1-4588-ac35-2cf9b0ec0b28	+
74:1512|4d6f714f-4e5a-4eb3-9672-00ea886001e7	+
74:1512|5bbaab45-3258-4828-90fd-61adb6421932	+
74:1515|777d985a-21f6-41ff-ab04-8564e9a51d08	+
74:1522|1d840b1a-3781-47d9-829a-1a8aab4d6255	+
74:1528|5af02038-ee9a-42bc-9522-2e0d85344b38	+
74:1641|5b9ac43a-2206-44d3-9a17-1ec6577ca4fa	+
74:1643|23334fbe-7c13-4fde-a415-a7b34ff08a16	+
74:1781|cfb54962-a65b-46d6-ab33-b3a6d2783bc2	+
74:1873|80360e49-74a6-4da3-b25b-1f45a45ba495	+
74:1911|21275f8e-b4ef-4fba-844b-7391a56148ad	+
74:1914|85423b78-a256-44cb-a828-83348656fcdd	+
74:1914|f3c221cf-e4f7-4dfe-8106-a1e6547b5e67	+
74:1916|72d3410a-5def-4e59-bc9b-c47f2494550f	+
74:1935|ee89c208-228f-4224-bf6d-c7c79e3274c0	+
74:1968|a0469b19-b28e-4628-81af-48c7226f1091	+
74:1998|7640bac0-43ab-4da2-8aef-1aac6d2f978b	-
74:2026|c66c0f9d-bcc8-48c7-b161-638d78f8458e	-
74:2065|48fb6be5-382b-5fe9-867f-9d0600a2f033	+
74:2067|244a6096-2736-4e19-8df8-3ae7db826332	+
74:2078|98d94ae9-07ae-4aaf-9169-3c00214f4d97	+
74:2097|07842d97-6877-4803-9c27-6a97c091ca62	+
74:2101|af9709d3-6706-47b0-bb86-3d134362f674	+
74:2104|e5f0dea3-c884-4c6b-8626-47034a496b98	+
74:2105|91d35fa5-8281-4d7a-9758-2b78c1043e2e	+
74:2107|05cb8356-6d4c-4ed3-ba9d-eda76639a632	+
74:2108|94e2f70a-337a-40d5-898a-a2741efbc8a4	+
74:2114|bfc779a4-b5f2-4395-8cc1-26f01e3bee29	+
74:2115|b80fda30-8fd8-473a-8c3c-c1fd706c6608	+
74:2115|d0eaf27f-c64c-4b60-b4a1-bc421a48e2c2	+
74:2117|d6ed2a34-1c76-40e2-a841-1efc4bd24747	+
74:2119|9606878e-462a-4866-bd7f-1f5d9bbe60cd	+
74:2122|49634b5d-25e7-4dc1-afa0-df388b744541	+
74:2155|33bff715-753d-56ab-8d6b-39f14b0e8742	+
74:2163|5c09e393-e19d-46bb-a752-8040a451e9e3	+
74:2325|d92cd6ed-8ef2-4197-8e52-0b6029367e79	-
74:2541|586c372e-2ff2-45d7-99dc-f0c0666474bc	-
74:2557|a464bc33-861f-4566-b5d3-4dc03942a086	+
74:313|bc4adf7b-dd66-4669-81f9-ccfb19453b06	+
74:328|758e81c0-ff85-48a5-ad5b-db68688f378c	+
74:352|7c1aed03-3404-4353-9b4c-03c2eaf66ee8	+
74:375|7e18ca72-8443-48b7-ac97-fcb2d406b9da	+
74:389|10c433f4-8180-4d3b-952d-ab12b4efb38d	+
74:400|07ed6952-bd19-48cb-b77e-4a8d405df729	-
74:418|fdbdd2e5-c3c4-4756-ac46-4cabe4485eb9	-
74:461|11dd1d3b-535d-4173-9fa2-27fd07009f3e	-
74:489|a4d4439d-052b-45d2-9c18-10e070e36a81	-
74:505|d26e6584-0ffe-49d4-b53a-a5cb0414dc59	-
745:1323|fe89d96d-e1d3-4734-881b-95cb0ee690ef	+
74:524|eef2a2d2-acec-4ae4-b4d3-48282d32feb3	+
74:528|35663bb4-e3c1-4619-8bda-bb7f03cad111	+
74:529|bf4ee926-b956-4e97-b66f-4adaee29dddb	+
74:529|d8605912-2e92-443e-b2c1-6273d6208a37	-
74:532|444a5329-e320-439d-b5cd-f64bffc8dbba	+
74:533|0ace358d-2566-45ba-b157-09227087d6f1	+
74:535|51a5c7f0-2c45-4dbf-8733-5d199ee19291	+
74:535|53fc9fbf-a651-4ad1-9f90-275daed9e5ed	+
74:536|3c066fa1-2bf5-4040-8910-c76f4e0349a2	+
74:536|9c08bc9b-cb7a-4be5-a83b-836eda7c186a	+
74:537|61d1dacc-4304-41db-80ba-52fc97105382	+
74:538|e8c1c59b-0ae1-46ea-97d9-d9402573b324	+
74:538|eb42da45-4ceb-4e25-a12d-afbcb85bf8ae	+
74:539|29dfaf53-e48a-4bd2-87a6-dc2122122a6e	+
74:539|471e3bda-f6c5-404c-98ac-ee801dbbf401	+
74:541|80c034b2-df49-48fb-8535-fed38f2d95be	+
74:541|81504ed5-11ed-45dd-830f-6776ed75eb57	+
74:541|c69463e0-d738-4ce6-b1e7-3bb03d8864bc	+
74:541|c7a5ae8b-22a8-4ab3-ae50-af2bffa9398b	+
74:542|21f55358-6235-4acb-b80c-9ebb48047659	+
74:542|cd0e030d-95ba-47b3-b84d-92d3b18fa5ed	+
74:543|3dfe099a-e4a9-4900-b3c9-a7f8ffdb2ee4	+
74:543|bc9f585f-fa08-456d-b2b6-dee999d4d83d	+
74:545|10583475-df79-4874-85a6-92580144493a	+
74:545|44dc94bf-1671-4c11-851c-7660b2367a96	+
74:547|086db3e8-c30e-4325-89cc-6be12b1815c7	+
74:548|a6e79b13-6a7b-4282-94ee-8992cc25c145	+
74:553|2ee03802-f9fa-439d-9d39-dd1e0d1880fe	+
74:553|6597796e-3a55-4318-96fd-eba291d2a50a	-
74:554|db924a48-e374-41f8-8e15-4efb89b6219f	-
74:555|1b16e7ae-e9c9-4255-9be1-4086737e2d63	-
74:555|41321769-0828-4f8e-8630-be9994d7dc4c	+
74:555|7ae10f30-14d3-439d-9e69-55cec693e11a	+
74:555|9d5470ea-ab9a-400b-8b62-489251fef2dc	-
74:555|dad6fdd8-ba4f-491c-81d5-e8d5efa774ae	+
74:556|ef679c75-144b-4130-b0ee-355b5cf10e7a	-
74:557|62965420-6393-495d-a303-13b75b019394	+
74:557|830be290-8c9a-455d-a2f1-49475292170f	+
74:558|912cf7b6-0de3-466a-b38c-d26aa70d7b37	-
74:559|1f94162d-ee0e-5d03-86e2-e13c7b2d4b02	+
74:559|b2c9e823-7652-4f0c-afc1-afc86259c9a4	+
74:559|d89027e6-8e04-46a5-86cb-51f5ea6e0c23	+
74:561|64169af2-4ea2-4779-9de0-83ac5afabde1	+
74:561|b348b181-67a2-489b-8b85-66b0c7004145	+
74:561|bafc7313-b9be-40fe-98bb-249c4eb54db9	+
74:561|fa592752-113c-499d-afd2-7b44b8aaa9ab	-
74:562|009a5311-13b3-4edb-99f9-775e6c2718ed	-
74:562|6467a24b-a07d-4d7a-9ca9-e9777090c9a5	+
74:562|afec9952-874a-4be0-9cd3-69e5a119da0c	+
74:563|25f48fbb-85be-4d1f-bcf9-6cd654a1c41b	+
74:563|2d23c49f-54ba-4185-9b38-e17cbc561524	+
74:563|40e05cb6-6e70-4293-ac93-340122338d78	+
74:563|88a2e2de-80ee-4949-9d2e-b911cd6bba98	-
74:563|abe99231-00b9-4881-a9c3-230ea71a7190	+
74:563|d81cb6a1-f3d5-4e5e-a2be-e9ac29764cf1	+
74:563|ee2affd1-5de7-4ede-b786-0e99ab76aa8d	+
74:564|02140925-cd33-4758-b6ad-af9639f5c1d0	+
74:564|22b99339-90a0-4013-bc63-af3d66235bfc	+
74:564|8db0c89c-0fcc-4da4-9288-845a4661581c	+
74:564|b22ca025-8512-4e9a-80a6-1454c9b65006	+
74:565|19f8db3c-2b09-4295-9076-00e6f727af68	+
74:565|809f2cbb-ec86-4fba-8d62-b4a6a8375192	+
74:567|1252d3e3-a72c-45d0-b014-c0b62d4aa300	+
74:567|3f54efbf-b2da-4db8-a72b-438755b0141c	+
74:567|96966b37-e949-43a0-874c-2f7212f1e443	+
74:567|99a51ead-3672-4614-8fe4-8326b2a7ff0d	+
74:567|dd3470b8-190b-4ed8-bc06-062de413433d	+
74:567|dddb285e-efaf-442e-bd95-ee1856455781	+
74:568|0347097c-582a-42ea-a069-52bdf1250bb8	+
74:568|ce4710bd-77b7-4542-b90e-7c08114dce3f	+
74:569|6b88b302-5bdc-49d2-a87f-44c238e7d6b4	+
74:569|f1fb3f8d-fdab-4d7b-b516-0bb591286d92	+
74:570|e495e4ed-911d-4eca-b2f2-d017a1d5a018	+
74:572|0d431177-0ad2-40ff-9b81-3efdabc769bc	+
74:572|f4eade4a-997d-4f8f-802f-9bf70e4f6f3b	+
74:575|65384cff-d94e-4813-97b5-7e92a98a4445	+
74:583|0934d79b-18be-410c-a38c-53cae431e160	+
74:600|4277a31d-a962-4126-9fb9-966fbde8d206	+
74:601|3b93e2cd-b760-52ff-8d7f-698b61087b5a	+
74:602|96e5f99b-9e20-4961-ab64-5a9837774560	+
74:606|accf8920-c68a-45a1-9105-0f5227366b17	+
74:609|985fa220-f185-4c84-b73e-3e7e22a54fe4	+
74:611|d087d154-1f3c-49d4-aaa0-f450a7c1b818	+
746:1233|876cdcb9-cd32-4bdc-8157-d8e9890296de	-
74:612|7a54a158-8299-4310-a927-bde7a200f579	+
74:613|30fa88ac-b15d-4ade-9c1c-2171b24b1c93	+
74:618|6e90f833-caa6-44e5-94d0-e28813200255	+
74:618|8cd2c67e-cf3e-479d-ad8d-036d326456b2	+
74:618|97edfe4b-1613-4aea-807b-0a293a52bbc0	+
74:620|87e72b07-bdec-49ee-bc60-219f2e8bb0b9	+
74:623|721bd923-1e7f-4746-ba9e-e9e241a37276	+
74:623|75ff90a6-1253-49da-9fdd-fe17f0e050b3	+
74:625|77a97b64-cdf2-427b-b634-cadec2df1c22	+
74:627|325723e2-c77d-43eb-83eb-0e15fc2bed39	+
74:628|c7b1d9fe-7d25-497c-ae06-af808ff7c8ac	+
74:629|328bdd58-633a-44b7-ad2b-a543b66694ba	+
74:643|b7d6f7dd-7bca-4df4-9153-7d019d340728	+
74:644|2efb86da-9d2e-4b68-8e62-c923ea932cb5	+
74:646|2beca86b-73fb-4616-8e56-aa71deefe9fb	+
74:646|fa7d602a-96df-4be4-897e-300470b6f8e2	+
74:648|09a7d2e2-eea9-4968-b51f-559b7b961065	+
74:648|6c5ca4eb-5d43-4b5f-b822-2008e1fd039a	+
74:648|78fafcf7-87d1-461b-a75a-6dc82bbfe443	+
74:648|87be1f9a-dc7c-4ad2-8cfb-b26febe50b60	+
74:648|c0b16e40-8f49-4eae-ab00-2cdda9b6bd60	+
74:648|df3765ae-3344-47ff-8910-39d2e29bd080	+
74:649|19b9e4a0-6bc2-447b-8a73-63921e8a7a28	+
74:649|aa28aa9f-d100-40ce-93cb-e27a8e806568	+
74:650|5fc6d5ea-fa35-498e-a9d2-5e1ba90e96fe	+
74:650|69cd56a7-f1f5-4dfc-a463-4389c354e449	+
74:650|d4459d09-2bc0-4849-85b9-97ca85565a92	-
74:651|7bc11f7a-9461-4c56-befc-b7df0973f90b	+
74:651|803f6954-f56b-4b63-a7fa-14d42acf7d5c	+
74:652|6f3ecdb3-6396-4112-ae1b-1ca83d762fa4	+
74:652|ba2585a1-e13c-4542-ad48-73025163b146	+
74:653|74cc8403-134a-440d-b5d7-8ee04f22dcc7	+
74:653|b9f9afdf-6b02-44f8-84ea-037a5b8e2542	+
74:654|3631289f-6f44-437b-a805-4c72b5279fb4	+
74:654|d83e8394-bdc9-427b-a257-481c01bdb081	+
74:655|2c35f52f-1c81-442a-901a-ba9c668da275	+
74:656|6145f05e-d904-4707-84a6-bfd972b8110e	+
74:659|09baef51-f1ad-4152-aeef-d9c823bdf603	+
74:659|6654e2ef-4d59-4fc7-810f-bc31ae05cd7e	+
74:660|969a4514-efc8-435a-bb91-740e9bedad6c	+
74:660|e8a4cce9-353d-436d-94fc-6a8122c5caea	+
74:661|e2cca5bf-d91f-405b-9bda-cf27a7b3d030	+
74:662|99ca9a2d-9dbf-4f3c-a721-8ff2077fee4d	+
74:664|8899e4bf-edc8-4b17-99b4-4028a5d8cde5	+
74:666|b6c3a2b2-4238-40b7-aab2-473795225c92	+
74:673|21183050-341a-41fe-8c47-bdc4675058de	-
74:692|775a945d-7b7e-4f7a-8c65-dc9d5780370f	-
74:693|57d6b3a8-d7ec-4787-a4fe-5afc34df5988	-
74:721|0146d9b1-5786-410d-af5d-769e05a8393b	+
74:747|3a1665b3-e8a3-4026-9103-141471ac30e3	-
74:754|844135c1-9d48-44b7-b36b-20e7e5f289bf	-
74:761|32c7bb9a-447f-45fd-8174-4052ddcdf4b0	-
74:777|b1e09641-51d7-4298-b0cc-1a9d4ba43aa4	+
748:1241|8e66cbac-cf6a-4991-a328-1acd4f2aead2	+
74:827|78051dba-1af6-42b4-bfcc-0c8157c53fea	+
74:835|58e23363-1b4e-4f6d-85e1-b77c4c43e978	+
74:849|ff26c5e0-5600-4ec0-901e-2f3928b0ae11	+
74:856|421efb25-be9e-46c8-ac1a-a55ff7180c5f	+
74:856|61365b81-f419-4b39-8a35-a244c8b03089	+
74:857|32626a0d-39a5-45ea-a2c1-ee4cf5dbaa10	+
74:858|c721bcf2-f19a-4837-9b1b-6745db212991	+
74:859|3e1b88ec-d872-4826-b2dc-87e7fe236dc3	+
74:862|5ee6de8e-8016-4db6-88d9-bb2d8d049706	+
74:863|54ddc7d9-da36-4267-8228-a7571819582a	+
74:866|0d53b89f-c10f-40f8-a72a-b64ece18a106	+
74:868|1f98165e-1e1d-4d75-ab0d-0417e408ffa8	+
74:868|44a06655-9abd-49ea-9f21-146ad1b3bc2d	+
74:869|59b41be7-83e7-44e1-95bf-a8dcb3a7affb	+
74:902|08a44873-1e84-4651-be28-f5b08e55bcd2	+
74:937|6b85c466-aec2-4370-a3a2-94078661ae2f	+
74:957|9fe2e5ce-3571-4df0-ae22-860caf1371bd	+
74:962|80facea4-58e5-4600-afc5-c61a1cc09e72	+
74:990|dc76d844-1634-48f5-be2e-4f4d8d47a407	+
750:948|dc4bb574-b851-4c84-b95e-02701be25052	+
75:1021|41575b89-9665-4821-ac00-d0c6ab31e646	-
75:1022|b116dded-ac62-49bd-a6e9-c86c224f70d4	+
75:1027|76e6be5e-32eb-450b-888f-7a50a5c2fed1	+
75:1031|6a5604bf-1795-4b49-934f-d6b887cd9985	-
75:1036|28bd89f4-aacb-49d1-8d72-710398e2fb58	+
75:1046|09b6927d-293e-419e-a520-bdca870e91e0	+
75:1048|a76976db-13f8-49ef-b4a6-2d208fe57acf	-
75:1062|5cb8b307-bbf3-4f17-a04b-1c5d4aa7b4d2	-
75:1063|e7c5f104-5cf9-4403-b774-51625d68ccf1	+
75:1074|afdb030e-d240-4e9e-8e1d-c0e716ca0e15	+
751:1219|401981dd-c936-407e-a6ac-a7fe6d6fadcd	+
75:1161|2a79b8fd-5bb9-477c-87db-a13486706c59	+
75:1166|d14de68d-c0fc-4467-821e-c2ed23ff053e	+
75:1168|13008d74-25e8-4656-bd29-0bc71a336875	+
75:1184|bd209c5d-81a4-4228-a59a-61da7a775754	-
75:1188|73cb63e1-7e6c-457d-9371-9aad1ae87e08	+
75:1190|a3b62c20-a1c3-4490-9f2b-e9f993a4e16e	+
75:1191|23e3474b-aa70-4468-b172-229cadd15abf	+
75:1193|850a0c3d-e5a5-4fa1-b861-a9f2be656b9c	+
75:1216|f75e1517-b925-4cbf-9ff1-f810c7a7795a	-
75:1285|cd1cb633-6db2-4bda-be41-c88512576a35	+
75:1300|1b053b62-2184-43e9-afbf-9da95c56ab19	-
75:1360|31f32190-a8e1-421c-a573-01f3a3a1653a	-
75:1375|515ffff6-ede2-4470-bc56-2d013d60e3ea	-
75:1379|b3db4375-583a-4288-beeb-8eca23c410cf	-
75:1383|301ed370-6641-4e10-bfeb-3463dda5dadb	-
75:1383|ff3c227f-3633-436b-8c70-9d596268ce08	-
75:1387|118193f2-146b-4ae1-8a27-05d8588a3221	-
75:1430|2a6a4e43-ae69-4aa3-8e3c-65b4efb5df01	+
75:1468|f1d38080-b3cb-4ba7-a3f7-7509daea03cb	+
75:1494|42b152c5-8381-41f9-a469-6c7672deec51	+
75:1495|a42e00b6-278e-4e5e-984d-697c0264be78	+
75:1505|c2413cd8-fa2a-40a4-9fd9-3ec8154babba	+
75:1512|4d5b2514-615e-487a-8d29-abfa646fb20f	+
75:1512|5e62cf98-00a4-49c9-9fd8-f8a75de19e9a	+
75:1515|393d4b08-738c-42d9-8c43-3ee6dc239b3a	+
75:1516|2eff5143-4049-4ed5-ae2e-dc88651da601	+
75:1517|3d2a1e00-1ad1-4225-9fd8-4b11b67711ba	+
75:1521|f7842d0f-e21f-4abd-a63a-a12fdddadb71	+
75:1881|f45f5d69-7b34-47df-a101-8b856a0a2c89	+
75:1926|0971c490-f56c-46e3-984a-a3b1a5138bed	+
75:1968|19864d49-98ff-43c2-b8bf-5fd2d8f83b49	+
75:1999|c6665157-7ac1-452a-9c90-03238356829e	-
75:2088|eea3ca26-6eed-4503-b615-8f2d39ea96a8	+
75:2101|c79256fd-95de-49a2-8e3e-fdaa0b803734	+
75:2102|6f313ca5-9c74-4d08-badf-5265c61e9381	+
75:2103|f0a4872f-da09-4206-a942-3091e136f276	+
75:2106|0eee4c50-df57-4c78-ab90-ac1c680d0622	+
75:2107|4a899f6d-f09d-44ef-8b1a-7dcc352125ba	+
75:2108|03464e82-854f-444c-94f0-dc83a8061162	+
75:2108|1420b935-292a-4e5b-8107-d20202be7871	+
75:2108|bebcf7bc-3f5a-4562-be23-ec1c8a7ee684	+
75:2109|1f7b4105-46a0-4b87-a17a-1086e4b1bcc5	+
75:2111|24f992d7-e0cf-40e6-a85b-a3d40951434c	+
752:1134|7685a76f-c5a9-4ce6-8d14-bc9e375ec338	+
75:2113|6f77a1a5-426f-43e8-aefb-d2d10e00c3d3	+
75:2116|c49d36a6-c4de-4c74-add2-97ad55a36cb8	+
75:2117|5d88378d-3ffd-4c4c-9f1e-f867ceca3e67	+
75:2118|58eadb3e-34e4-4bb8-87f8-8a0e319a5121	+
75:2119|c6ae88e6-8132-4e75-b291-8a95f29b8b3a	+
75:2132|acb80a71-be6e-4c4c-8a9c-bef559d44532	+
75:2142|3d978761-183d-49e1-b46f-84cb465187e1	+
75:2155|bd95a21c-0483-45a6-a71b-52081acf3014	+
75:2180|9d975891-3b6a-49b7-bf8a-265f1b772d96	+
75:233|df0cff1e-3fd4-4ad0-ab1c-bd8a92167669	+
75:2422|9707e3eb-8241-4d22-8196-243c683c3c4a	+
75:2448|8c891ec0-801b-4659-be00-4101be09399a	+
75:2558|08691868-bc05-4c29-9eef-90953ffdb262	+
75:262|2a859443-d9cd-4a40-bdd6-ad505a6497fe	+
75:294|531400d7-4005-49da-b5aa-d7f452b9d78b	+
75:306|d8cdf813-5279-4fa7-8338-e5f5e3800339	-
75:348|e5e9f2c5-4651-4626-b003-028382b5606d	+
75:368|86063a38-5625-4783-a69f-8d38220026e1	-
75:370|b141947c-27d3-4722-9820-13c6d454ad1c	-
75:391|f2350568-1ecf-4672-98af-063dc1a0991f	+
75:416|f59d0bc6-1d67-4cdf-b2e7-aa46aaa9327f	+
75:462|f2b3bbf5-392f-4e81-b800-06cdfc3be759	+
75:484|df4f00d5-b636-454d-b30d-a28e2efd9113	+
75:486|e88fcd98-0d19-4cf6-845a-37d4282b7834	+
75:495|611d80d3-ade1-48ac-b709-4eb39790ef24	+
75:509|df8c0bef-969c-47fd-a388-4e579951ba32	-
75:509|eb30e125-96a8-4aeb-841c-18759e7e6529	-
75:511|4489d820-410b-4c42-a581-e761ef05dc2c	-
75:520|8ab6b736-250d-4fff-b226-efe1d37e9f6c	+
75:523|ce46f77f-e1f7-4dc8-8614-702e356358c7	+
75:533|6c8ed247-bfc8-49d9-8146-f62badf8bf1d	+
75:534|6855e86a-9046-49a6-933e-6425af953225	+
75:534|7bce8378-4b8b-4963-a26a-4c57568957c2	+
75:536|10eabb12-6e41-4642-b2a6-85b5c1377961	+
75:540|76d22d00-aa60-43b2-bd11-67ec9d5fa378	+
75:540|d15ac7f1-92e3-4844-ae5c-f84143cf9665	-
75:541|4d5e1c50-4edd-4012-831e-ac60ed858f91	+
75:541|7a99308f-60eb-4881-8fd7-600530fd176b	+
75:542|2b24997f-7b49-413c-ab77-6efc399e7395	+
75:542|cfcb20c9-bcc9-49c7-9c68-239ee6cd3460	+
75:543|1dd36a78-5489-4387-afce-aecb989d6aa0	+
75:543|8ab68406-1484-4489-a16e-fca670d29c9a	+
75:546|10dfbc0a-1007-42fd-b2bc-6c8051a994b3	+
75:546|a04a19c9-577e-45cf-b597-245908033b2b	+
75:547|6dda46da-d033-4513-b296-31bdc1788753	+
75:552|5f6c604a-618b-4d35-873e-12b9e377d900	+
75:553|c47fd1eb-f51e-53a8-9130-cede9b8af6cb	-
75:554|35133c8d-c175-4484-912f-2e223b1aa697	+
75:555|e26bbf21-1e91-472b-9433-e22415579356	+
75:556|c7c40f62-330c-4a64-9bba-6be96c7a556b	+
75:557|1a2cf875-7606-4979-952a-ee143954df92	+
75:559|0112d840-75a7-430f-becf-374f92660a8b	+
75:559|20abac7a-27f1-491b-b12b-6850bcd59211	+
75:559|4b2ac4f7-947e-4d91-a661-53826aac9bdc	+
75:559|bbda8a5e-9edd-4c6d-9eaf-3e969e71fbe6	-
75:560|6ee1f2ee-a6f7-4526-9e41-e274821ebe60	-
75:560|e9a53128-b159-4656-aa41-48d4dfcd71b4	+
75:561|5113a50c-7cdc-4f69-a9dd-1d70a86a47d0	+
75:561|5a899597-1a95-42ec-bd36-063c3963d263	-
75:562|217c8eb2-a088-4be0-8704-376f601c70ec	+
75:562|2c020f66-72ce-48c3-bcff-8b3ca3c1bf75	+
75:562|729f79f3-77ba-4005-ba71-7f48c5e86691	+
75:562|a58797a5-ab5e-4c6d-8188-3b58e503abb9	+
75:562|f4bd5b7e-cf9d-4faf-8b7b-aa0208cf687a	+
75:563|bb2b3f1b-4494-4ca1-a0b5-5c1984beaaf0	+
75:563|bea1c836-85d9-4bd5-a60f-c0d98e26cd72	+
75:564|a087b9e2-c61a-5107-855f-56d3ebcbb563	+
75:566|d8bdd2f0-dc6b-4b09-80d0-b7642495aca2	+
75:567|4420db1c-607b-41c5-8460-21f2b1598f49	+
75:567|6444ed66-b172-467b-ba2b-f396c01fa794	+
75:568|4c802c44-7300-4dbd-a03b-8e66bbaa9d4a	+
75:569|d33de6e8-3853-491c-9f72-e670334320e0	+
75:569|dff11017-c42d-4463-b959-ca319e4db05e	+
75:570|16bb02e1-64f9-4cfa-b0b4-5be61ef8f580	+
75:570|45a5e069-f5cc-4ce1-9b7c-3c1f4677b200	+
75:572|860cca5b-7d69-49de-9e8e-9f26dd76f565	+
75:572|ce805df7-6f48-431b-bfd4-26e1986a4724	+
75:573|1665b5fb-8d83-4a0b-821d-6924ad72ce88	+
75:573|ec436de3-c73c-46c2-83b0-15b7b84b88dc	+
75:574|6a2ff69b-591c-47d2-84ef-627e84529f75	+
75:580|5aa5aac3-0dab-4076-ac41-86f8bb2235a5	+
75:581|bdfbd63f-9859-400c-84c2-b51574dd0dba	+
75:582|fe2d65d2-b85f-472c-b298-68ac649a9446	+
75:600|3616cf02-d06c-4cf5-be19-691331b31666	+
75:605|abaa8653-f899-4a28-bbea-95108d793bfd	+
75:608|e69f2a7d-e49b-4140-9a0e-a0792bc940ca	+
75:609|3216454c-e7d2-4614-82ac-95ef3f4c3b0b	+
75:6097|27ef9761-a3e2-4fbd-b316-52dba4cdb817	+
75:609|d3080d76-2006-4169-8804-da16130cc5e7	+
75:610|9dedf13b-49a5-4567-b7ed-4ed814dba8d7	+
75:610|a40adfb5-8040-429d-b2a1-51fb7bebcf81	+
75:611|2ef59391-8ffa-4cff-94d5-a10f2a166b71	+
756:1244|75357fe7-37dc-4dc2-8c5a-5f83991b05ce	+
75:614|898d6b42-83c8-4da8-891a-91171bea8d73	+
75:615|1e9b1679-26c8-4c10-bed9-c898dc086787	+
75:615|a85c44ba-c423-4877-bebf-7eb7a81de78d	+
75:617|7c3b621d-2704-405e-855e-b631052ebf2f	+
75:618|e4b389d3-bf18-4cc7-bfaa-a53105615e27	+
75:619|ad0b15eb-3d39-47e9-b290-86211ecdcb55	+
75:619|dfd1474f-011a-4e6e-972e-414ad9aef20a	+
75:621|110881f8-32fd-4513-808e-1d231195c4c2	+
75:621|b93521d8-4daf-4dca-bc25-8a9b2996a970	+
75:624|1bc4bc2c-806f-49df-8332-6bd0fa3f5f72	+
75:625|00941499-e59a-46cf-9232-8d3b43285442	+
75:626|1989ba5c-7a3f-402c-9756-f9567d2a0f8d	+
75:627|1a60a541-e449-43a2-a753-8e8261855d02	+
75:628|723dd950-662b-482c-bef3-6eacf716f063	+
75:637|dc021c3d-3443-4c2e-bfd7-7f8d1ecf80f6	-
75:638|adeab5a7-f539-4d0f-a0f5-73b0e3f89a34	+
75:639|353fc93b-3bda-4946-9758-f85a14bc5b41	+
75:646|9287aeff-9770-440f-82e2-8733e857c46b	+
75:650|393d74ab-02fd-4be2-bd80-951c119d5663	+
75:650|680ccbac-54a0-4077-a3ba-bf0a9f99f35a	+
75:651|d7394bb1-9609-4d98-a3b1-af7ec38f55c4	+
75:652|12283b52-1364-42a1-a6e6-1d260236e371	+
75:652|46f190b8-29e5-442a-a7ea-59ab807caaf4	+
75:653|5646927d-83e4-4d99-8df7-8270e545efd8	+
75:653|8cc2aa69-3330-4d65-abda-3f3fb2fcf97c	+
75:653|c68183dc-6d55-482d-b520-b08740c29c07	+
75:653|c69e4584-7ce8-4ad5-a101-b6fc38bfdd36	+
75:654|353145d1-9f1e-4d54-8c44-ffad9a683a38	+
75:654|3d61025f-3348-4b0b-9136-2e38fb04e3e3	+
75:655|83a31fda-8b9c-4480-9412-6a6c4a2238c2	+
75:655|dbd34994-e357-47ef-bcfb-c40a70c6be71	+
75:656|06d9f17b-2171-472c-87b0-bb4b60c6640b	+
75:656|3f0b5602-df0b-40b0-8433-8776e809ecdd	+
75:656|bf07425d-1e1b-4741-9469-a193aaa0d2c7	+
75:657|b05790e9-84dc-47a6-97c7-1538bcb5b9b4	+
75:659|afa40382-1f26-4995-beab-6d4ca8eed496	+
75:660|d5f78c4f-d2a5-4da2-b394-33954538ef13	-
75:662|3e765958-f27d-4f54-ad2f-eeca5d167aa3	+
75:664|7fa9fc30-4a66-4968-96a1-cbc582cd2e66	+
75:664|c0b59c20-e002-4645-a9e3-5ea05ef8e7ac	+
75:666|83323084-2e88-41b6-8806-d8adad01f087	+
75:668|2417d908-93eb-4ad6-8a4f-2e6964529a87	-
75:680|82613d1c-8c0a-43ca-97ee-d5fa56074b86	+
75:680|b0bc4824-b3cd-4a35-b8f4-37878865d670	-
75:693|6ed3be57-d8a6-44b1-9248-f1a48c1f0b35	-
75:693|894324bc-a074-46f1-8114-f142ae90ffe1	-
75:693|ade7e25a-e242-4c94-af10-0d8809d4d44e	-
75:695|32464e69-883d-46d4-9866-a186279b5b9f	+
75:716|fb5889d5-54b2-4233-94df-d62e720fa2f6	+
757:2786|524ae2d8-39d0-4661-8837-0cfe67858dfc	+
75:743|41d893b8-8c67-4762-bfbb-f54419067f10	+
75:746|1a53e008-c59f-40a3-99c3-5a6b317625d3	-
75:747|8abcfb17-cc65-4394-86b4-c850c771f0cf	-
75:761|c722cb72-783f-4f06-b19f-8e26a62f1b28	-
75:766|2b333f6d-2d7b-467a-adfd-8626a082b35b	-
75:773|ccbd396c-63eb-4d29-ae31-7b951b0bfe3c	+
75:788|a4f298c1-e087-47fa-8d66-bc756bd314ae	+
75:798|215df909-3b1b-4c68-8f1f-14b1443c7387	+
75:815|bde54344-397e-42c1-a72c-720b71d878c4	-
75:821|ac79f1ed-5be3-4d46-b658-6fbfbfaa356f	-
75:852|36db3101-809a-4ed9-9ee1-31eb1e38bbe7	+
75:856|8a976d80-7e00-4f84-bf67-b7208471d9c6	+
75:856|96c9512c-72fc-4502-bf16-9906c1d6cde2	+
75:857|541d3acc-c801-4d9d-b3eb-0c13f6dec10a	+
75:859|2529fa35-45cd-46ac-b16a-ab43e232aade	+
75:860|1c480948-aa14-41aa-b3f1-18f5a3383b84	+
75:861|7eddffea-d211-4c6a-998e-a3ebd9b423af	+
75:863|c8bf83b9-7f4c-4161-a1a6-83d6fd10a8b1	+
75:864|94bc6939-c9e0-478b-aa30-f13523df138a	+
75:869|80b3846c-3cc8-4cb3-9fca-48f04b55bca6	+
75:870|3ed78f14-e48b-4693-a912-eaaeffe57a11	+
759:2798|773f5748-b999-457d-aec9-128c46698b19	+
75:929|b1d765fa-0de7-4b00-abef-f02e04c6e3b9	-
75:971|5087bac8-b04f-4fca-b5e7-4626095da060	-
76:1031|5602ab3e-b368-4b8f-b5e6-fe3f7b2503bd	+
76:1039|b92d4013-547d-4c55-914e-b28139dfcae2	+
76:1041|43742869-ba50-42b3-86b3-6210b831e5bf	+
76:1043|22b28afd-bf9a-49c4-9b79-a5dada8b78f5	+
76:1043|399474d8-18f8-4a5f-8b44-1255aaa45e2f	+
76:1043|ad934790-99cb-49dd-80d2-58f0ce64adbd	+
76:1056|433088a3-07a6-4f98-b3e9-54220929c9ae	+
76:1057|64ee6f53-6df5-4743-a421-a928b3bb0328	-
76:1158|ca33dea0-6d64-456c-8840-ef33c454b49f	+
76:1219|03cfb48a-4d24-407e-968d-eceb2a2ffe64	+
76:1246|dba2ca92-d925-45e7-859c-0a16958244d2	+
76:1358|7f225d63-bf34-4a43-841c-d2a9226fea79	+
76:1392|7201144e-998f-45e8-bd76-d98eefd3e398	-
76:1396|b3b3c170-3ec9-4e67-9ceb-b751448248e4	-
76:1400|0c8b8973-1653-453c-9fff-a1e3685391ea	-
76:1490|e396852e-caa1-4970-9181-428c78554f1c	+
76:1502|810d3863-fb1e-49a5-89f6-3792275211d2	+
76:1506|dc1d0533-dee1-45c9-8b96-d4cd9a53cc09	+
76:1507|91925657-e97f-4d63-9af0-848de19ccaab	+
76:1515|5a08230b-bd4b-433e-b9a8-e44de7e50126	+
76:1516|e360a778-f8da-4e53-ad6b-d6bdfd51648c	+
76:1519|c710b86d-3d89-4164-b8ba-00263ebd77f2	+
76:1525|430094aa-3f7b-444c-8d31-3eae405f95e6	+
76:1533|77c153a1-e5d2-46c9-8cd8-15859f955635	+
76:1643|b704db62-c36f-4b8a-8423-c98e2f4e2b0e	+
76:1725|1ebea903-bd78-4141-b0b4-7d4d3b0392d9	+
76:1782|5609447c-3e85-415f-b577-7bb04c7f3372	+
76:1795|ae2fa3ed-5b34-4044-a228-a57cd0803214	+
76:1900|7acf10ac-5089-410d-9b85-87bcb22e0bde	+
76:1967|ab1b30db-9a60-44c9-b262-534b580e1b83	+
76:1972|354f3b63-5280-4fae-95ee-511fb94697c6	+
76:2078|53b3e024-f80b-4c26-b5fe-3fd660e1d609	+
76:2088|d7857d0e-66a3-430d-a12b-20cd8d619292	+
76:2092|b448cac7-6273-4693-865e-f5f2e914c8df	+
76:2103|b0cd6496-7734-423b-ba01-98af233094de	+
76:2108|4e38065d-69a2-4554-90bb-723042803147	+
76:2108|9814f0dc-4ee4-4112-b433-5d298a5efdb9	+
76:2110|b8e5d3ca-b7f1-415a-b52e-ed4ce1dc7914	+
76:2113|3cfb8ef9-0404-496f-b767-1b09a7a05f24	+
76:2114|a450f5d0-3d5b-4e01-a1c8-6e87d633ca80	+
762:1192|64b9dfc3-a44c-4b14-a27c-ccd5e4c32a11	-
76:2120|ed0298a6-3f0a-4318-8396-788dc97311c0	+
76:2159|a3f0ed78-2d19-4d5e-9124-e135c8145186	+
76:2159|b38366c0-4b46-4b53-bcbb-ab3a03c079ed	+
76:2162|3c97e613-e78f-46f3-8525-94f073d55689	+
76:2238|3c39c0b5-89ca-4f7f-a773-e9e6ed206421	+
76:2402|ca5d5d5d-f227-486a-8af5-41c952f8fafa	+
76:243|1ffb0a15-96a8-4724-9ec8-99e7e2b51eae	-
76:2537|cb656a9d-9b39-4369-9fc0-369ac09b53d0	-
76:2546|e26c0c5c-52e3-4c92-946c-180ee77b1da2	-
76:284|1eae9fbb-429a-4137-ba61-ac2da85c27d2	+
76:323|2d301a65-8b87-48b3-b2da-e3189d742cee	+
76:327|8b90d779-a8af-42a9-ae26-0dd58da86f27	+
76:349|fdbed72f-ef4e-462e-b010-a748a3283a6f	+
76:351|d74ed953-cbc4-4f07-8b2a-d86e76850198	+
76:361|f548961a-22d1-44b8-89e3-3140cc94cd5a	-
764:1341|f22b5342-6ab6-4de9-9fa7-34dcbe823b66	+
76:464|f6c9fa1e-31cf-44cf-8059-a2b06df531c3	+
76:482|7a159a92-bc61-414b-8533-cfb45bdca2be	+
76:506|c7a9c49c-4113-4884-a685-2ad0191fe14b	-
76:507|8616fdda-2064-4be2-ac6e-d6e5f596f573	-
765:1300|ab65c114-8f05-4236-a276-0ce18f4b4c5c	+
76:515|f760a409-f8f0-4341-a18f-abcfcdb7b34e	-
76:531|7c92adc6-450a-4f63-9a2c-5c61025b0ac3	+
76:532|dfb4919e-de14-4fcd-a16e-3d924eb1eeec	+
76:533|71e4df6e-fec8-4835-8515-ec49c8d090d4	+
76:534|99cfaa9f-85c8-4cf2-8566-9b4a7133cb1b	+
76:535|0d74325f-c341-4b35-8394-10012fc22736	+
76:535|67e27e37-80e1-4061-96b4-247b5fa3a257	+
76:536|7560b45a-4151-48fc-9dd7-a5088966cdfc	+
76:537|1ef99ded-3720-4a23-acd7-8979d0472325	-
76:537|b3d3b0f4-4f72-41ba-a453-cce80d5a4166	+
76:539|3a4aef31-0974-4fbb-af81-ef3f31534e5e	+
76:540|2fdf55c6-0479-4248-86bf-997295e323c4	+
76:540|ff6cb025-f2c4-471a-9843-85cffd3c94ee	+
76:541|b13b8137-1f99-4f0c-a39a-76b03febf888	+
76:543|28c9dd93-8fec-4d46-b117-9e94ec273187	+
76:543|3f934707-9f42-4b71-b3d5-ba9143b5ce95	+
76:543|70081dfb-315b-46bc-bdb8-765091af8977	+
76:544|0b0257dd-e097-4f5f-a221-ae3c6e4cf70f	+
76:544|696e4356-f83e-4c44-a333-a802df0f3c6b	+
76:544|c2adca71-6783-43b7-8e9c-1abf1448daff	+
76:545|45ec09ef-1f53-495c-a203-533ec851a932	+
76:545|58524911-3d90-4c27-bb33-9d5b06563e0a	+
76:545|8b1a9247-69d3-4a78-8962-0b6febde16b8	-
76:546|541dac76-970e-43a9-913a-f289c937d8e1	+
76:547|c159d68a-a8a6-4a45-8485-362ddf6aaa9b	+
76:548|d290e155-51ec-4ee6-91e7-3dd65a3711e0	+
76:552|a87f9cbf-cf7b-489a-96fa-60dd3ee2577c	+
76:557|e93176b1-8b9c-44b9-8b4d-476331e461b2	+
76:559|110af8fe-0615-4237-b579-968a074cd832	-
76:559|92d2ff4a-2779-45af-aabf-ffbbfa321eda	+
76:560|6464712e-0b23-4449-b257-2c696335ab8b	+
76:561|11859073-110b-41af-8c7e-4bf6e4cffea8	+
76:561|d1dd4dda-4bbe-4d59-8d45-6f0b16a149a3	+
76:562|58233216-e5db-44cc-bb79-d8e78ba6d9a6	+
76:563|daaf76cf-814c-49ad-906a-297101a751b2	+
76:564|b2a3e9d6-4695-4ab0-a27b-8ea1ad434d53	+
76:564|c215552d-098b-4fca-9b8a-7cb3471e83fb	+
76:565|adfd38cc-e27b-46ff-bcbf-ef44ef897b28	+
76:565|c8a18268-f8ae-4020-9226-458fdd3fb648	+
76:566|d5a4d4c1-39eb-4c96-9ecc-ff0d869895ad	+
76:568|92cbe124-0e14-422f-82dc-6deb532551f1	+
76:569|08a8f977-a49c-4b0c-9a06-1e62407c5143	+
76:569|835b15ae-b4ab-444f-a497-779e7159b4a2	+
76:569|93aad28f-aaf1-47ba-8ef0-f98535a36abf	+
76:570|b503cd2b-a3d9-4ea7-b846-367b030b7163	+
76:571|4675ef17-328f-4503-a46b-b36cddc1c1be	+
76:572|603efb27-f75f-4068-883b-161fef8c7cdf	-
76:577|864c67ea-496c-45f1-b48b-537a3a267a2e	+
76:578|9f8291ec-df47-4f6b-8d79-498596618876	+
76:578|eab57e12-eb43-433b-b525-7b87bf4dcaa0	+
76:579|9065ea6b-821a-4743-b082-ab3620e1e5db	+
76:612|468f1214-8d2d-47e6-895b-d408379f7c21	+
76:612|9d87837f-f2e7-41d2-9826-24835c1957b1	+
76:612|dc7992fd-8b6c-42ef-831f-fe8c0d6b818c	+
76:612|f9f8890d-278c-4b30-9bf0-3bd12ebaf6f6	+
76:614|43a2108c-8b25-4494-944a-8f622d86546f	+
76:616|c47e4db8-59fb-4615-bd72-354530ddf50e	+
76:617|ba35c273-c2d0-4949-8ff7-335563ce1252	+
76:617|e07d13ba-ea05-4ece-8371-5e7523e3332e	+
76:623|214154ff-d632-4d02-a973-42fb754587a3	+
76:623|2d648497-e69d-4feb-8363-5faa6eebd773	+
76:623|5a7db8bb-e214-458d-942c-914d9d9eb8fd	+
76:625|a635d490-3f97-40f7-8dfe-59475a16d52a	+
76:630|3064e661-fac4-4c53-b8cc-32785366d93e	+
76:631|e26f9ea7-e8fc-4ce4-af77-2b94a3a4a25c	+
76:636|80bd46e2-cc69-48a5-a103-57c2f12bf9a5	+
76:637|90756c1d-c24a-415a-9584-59e5d3cb06bb	+
76:637|d58a5e69-f973-407b-97d3-26805bee55c3	-
76:646|7c9aa33b-a144-4ea0-80eb-b28cc64a7a8f	+
76:648|b44cf00b-0877-4b8b-a8c1-b2c0f1b0a371	+
76:651|be6672ff-988b-4ae5-8177-5d666a6d96b9	+
76:651|febcd5f4-6242-420f-b7bf-ef8ecc9ca29e	+
76:652|2173c638-f512-47f5-842d-d2ee76c66489	+
76:652|3ebac914-8cd5-45f8-a1cc-488571614ee6	+
76:652|ced7c007-52bf-4d22-837d-b21a022eacdf	+
76:653|28062cb8-74ac-4efa-b139-ad70a9c5207e	+
76:653|8420e865-c476-4612-982b-ab44cf5d8e20	+
76:653|9d1aabc2-2b16-4551-ab5f-8b85563e4c71	+
76:653|ddc05cd9-1794-4738-bede-9d5a29f8cb35	+
76:654|5a138057-4dba-4b97-b62e-1d63bcaec618	+
76:655|5ec88c17-8a0d-4689-ad83-4b970f19721b	+
76:655|66fdf954-2ab0-42fe-8796-2ca2fc0f7957	+
76:655|80da993a-5604-4166-a677-fdcb45edc2bc	+
76:657|929b39ad-0eac-49c2-bc9e-00af1b687ee5	+
76:658|76902e60-b7fa-40b4-97dc-283e9ce4a46f	+
76:660|c2f410b1-7e62-42f5-999c-7b0a47d18563	+
76:662|93664426-b35e-4e36-9a4b-538d8e9abe65	+
76:662|95b6c1c0-cd48-4c5f-a770-c2aa29dca7de	+
76:664|74b8e74b-dcde-452a-88d3-f15e28a44555	+
76:669|e3baa70d-793c-4611-afeb-4dccadcc68aa	+
76:671|0b678862-06f2-44d9-9c16-22ef00944a40	-
76:685|e9fab67d-4089-4a79-bdd0-371105d6008f	-
76:685|f568dd2e-0484-4b1c-84d0-b24fce5ecdc6	-
76:693|374bd230-f400-4cf5-bbf6-72b789e624b0	-
76:697|2d046f54-79f0-4829-9267-f19f3f766125	-
767:1323|0877ca9c-4479-452f-8a9b-03ef5e2e4d02	+
76:743|6f97e9b6-7565-4bc3-85aa-c7060a419cd1	-
76:745|cbc7f23e-d093-422f-8015-99dba342f56f	-
76:750|8d293261-3621-43ba-bf2c-95a50cbe53e1	-
76:8086|6fe57d32-c6d5-431d-8072-167200bf124a	+
76:811|4fa13f9d-1ed7-4d57-88d4-0be84d1da104	+
76:856|cd68665d-9958-4c2a-a091-16dd4cebc5fe	+
76:858|c13b15c9-7a8a-4d30-b635-7b8e02df18ba	+
76:861|b65e268d-4fd0-4463-9a83-414ed9c813e5	+
76:923|dff0a709-12d3-494e-8635-4d9845164f9b	+
76:959|e33ebaee-a7de-438c-a311-a24dd24c9b03	-
76:981|6fde11f4-a490-4f23-8066-70972fb66a7b	+
770:1247|daacf0ea-7962-4fdf-860b-1e2eee77799f	-
770:2045|03fda19c-b22b-4824-99b8-1ce7ad06c61a	+
77:1018|20a46b99-de47-4f80-8974-3930b255c541	-
77:1029|777f8c01-302e-45e9-af18-28888a73028e	+
77:1030|b98a8e5e-cf44-4e47-8fe9-932c1435ccf5	+
77:1038|e66b6bdb-9101-4def-9a88-55f99ae531bd	+
77:1043|39b108a6-f091-4c89-a97b-b884ee87b000	+
77:1159|67e0d480-17dc-404d-9067-9c56a2aa301c	+
77:1163|8e8050fb-8673-44af-b9eb-3eeb59c07275	+
77:1167|05b9c7e4-5fd5-4372-93b5-e3df77a836f2	-
77:1169|914f1a80-ac0a-4fda-bb5a-9b02b781fe85	+
77:1248|c4c9680d-d8c5-4236-a9f4-a7e3ce99ec65	+
77:1262|a7137622-7885-42e7-bf4c-4745ba0b847d	-
77:1300|2005d0c0-4937-46df-9fa6-ec2b11cacab6	+
77:1372|480f6bd9-b8be-4821-9972-96a6de85cb12	-
77:1374|89001aef-b535-4218-aed0-9cbc5c6b0a2d	-
77:1398|550ea618-f79d-5c84-96d7-72ec5ce60d7f	-
77:1432|529e4616-14b3-4ee7-9f49-835cc3abdb24	+
77:1513|090c5476-f75b-405c-b8bb-7d6be2b3b7ce	+
77:1523|d033e3a5-6c3c-464a-b6d9-a243bfe38728	+
77:1528|191e908b-7e4c-43d4-a104-a6d7a555b7d2	+
77:1534|740d6d87-e906-4bee-a039-128d9659ab9c	+
77:1536|cf6c6115-5003-45e8-910b-8cb9157feb9b	+
77:2100|1d868551-ce22-4ae1-80b1-eed2afe539b2	+
77:2100|a0bac90a-5ede-4e40-bb3b-eadb984b4022	+
77:2100|fd387559-17e9-4412-b690-304a777d6aed	+
77:2103|a9d204bc-05cf-47c1-a4c8-ec1b848ffe8d	+
77:2106|d7b221d6-3e8e-4f42-99a6-09ffab193d19	+
77:2109|ca4726a8-73f2-4e62-a886-a06b6ff79c74	+
77:2109|dcf62733-1412-4c8d-8da7-575f1170f6fd	+
77:2110|2747927c-e63c-44d1-a1d9-55d840b56eb0	+
77:2110|2c931b5a-eb01-442e-8e9b-f5c3c670c9ef	+
77:2110|e86609c5-cd1d-4997-be70-a407117894b7	+
77:2116|82763e59-8a56-4460-b516-ff0cb8523ecb	+
77:2124|50ad2870-4c00-4864-91e6-1c68f9ac643f	-
77:2127|a7bda137-5390-48f2-8c3f-163e6d2619c4	+
77:2172|627b02a0-8d60-4430-a8bf-bf654c1de90b	+
77:2328|63f59a1c-94a9-4be5-ab8f-5f9e5162678d	+
77:2545|fbe0bd3c-50c2-4ec7-9f0c-3327b2cfbd67	-
77:2556|6fda8a2c-31ea-4ac9-b381-0d0bbb04e7e9	+
773:1200|2e97043b-649d-491e-83dc-4a2974c50274	+
77:323|3c6c27ba-b6bd-49b7-bbcf-5ed6e3fa622a	+
77:333|5432b457-12ca-417f-aaec-056267263e14	+
77:355|4c9f3aae-343b-4615-b291-b667ac550692	-
77:370|5312d0d5-20ba-49d7-936b-e3b880c7f94e	+
77:4097|da6fd7d0-ee1e-443a-8ad6-79f55cc3afa0	+
77:506|0f0eb1f5-2648-4846-b4a1-4d64a6f724a5	-
77:509|d04ab365-9a89-4620-b5bf-ba00cd8d2ee4	-
77:531|cff9b5dc-7a3e-40fc-bd90-a2986d9118d6	+
77:534|ae5a8ade-5178-469f-8cb3-05e1233b32ab	+
77:534|ca9422d4-2e9c-453e-ba2b-f6339f68bb7f	+
77:534|e22f01da-f09b-4a7d-886f-4f91bf926fd2	+
77:537|7b8c2c86-3d12-4675-a430-4ce26b6a2cdf	+
77:537|d1827b3c-c424-4aa0-9654-07369d8a4ad6	+
77:539|5cc3aa5c-90e2-477f-977e-7325ff945702	+
77:539|dd7b8e3a-3b5d-4034-a167-f7a56d8d6a04	+
77:542|011a0978-aec7-40f3-829b-b42f2dcdd71a	+
77:542|554206cf-f950-4ed6-8cc1-0a86f03e13c4	+
77:542|d82d0cde-f68e-4730-a307-3c783bbdffcb	+
77:543|10002f31-43ee-4e63-a794-63457f9162fc	+
77:545|10537c25-f239-47b2-9f15-29ea97cba134	+
77:545|188a8259-3a72-49df-935b-2fd0faff7eb2	+
77:545|1b4459c0-9cf6-4bfc-9037-af5ce565f27a	+
77:545|de04c452-ad27-4dd5-80aa-b371f96aea47	+
77:546|341af148-95c0-4c15-9c1e-7c0daf4fd145	+
77:546|7b445984-1d1e-4c37-9675-35e63e336dbe	+
77:546|cb509384-7cfe-4095-a3f7-4a946e4b2c25	+
77:548|342eaef8-78e4-4375-8789-de7a6a6c9b1f	+
77:549|04384592-ad10-491f-8314-881a53f5299c	+
77:553|305a73c8-603a-4bb2-ad75-5508a2f60f98	+
77:554|2d55fe9b-ef1c-4fce-b5fd-b3325ad825eb	+
77:555|04ad7604-d733-4b6d-aa29-4407b3b5ec58	+
77:555|9feed1c8-7d11-4f7a-98f4-66303ff36e13	+
77:558|9dedf0a8-7e2e-46fe-95d3-cdafe2e23166	-
77:559|3e614f70-f7ef-491a-94ea-c66454f3d93a	+
77:560|2249747f-e1d2-40ff-9bc8-0a1b34ce69f4	-
77:561|136db2c8-29aa-4081-89f4-ae445e835bc4	+
77:562|3a272e48-dff0-4794-b5dd-7fe3d6a94b66	+
77:562|a9895ea9-b04f-4ca1-8829-31fbf5951e87	+
77:564|8083bba7-7556-46ef-90a2-4e7b3973ad42	+
77:565|d9eae0e6-2a6d-4d0e-9a25-686f37989afa	+
77:566|12a45721-bd7c-413d-8c20-6edfc64bc62d	+
77:566|410e5d61-e745-4b33-8f86-5af25040a47e	+
77:568|303b3d96-eaae-45de-87a5-9e5606eb2532	+
77:569|3b636ee9-9e45-4a6f-928a-0b6314af0b44	+
77:571|19e3598e-0e7e-4396-aaa6-6fbf03183d8c	+
77:571|bffbbbc0-d71b-4b31-b51b-abe79ac52922	+
77:572|d9288c26-b363-428b-9a6d-9401c3a4c85e	+
77:573|fecedcf2-6f11-4754-91bc-e4c3b1b2001a	+
77:575|5eb2768d-8948-433f-9afc-534db4f8536a	+
77:578|097fdca7-f32f-49e0-aa43-5154d554f8bc	+
77:579|762786ff-813f-44d3-bf1f-355c0736ca48	+
77:580|0a3711cc-4819-4719-a860-fbf6166cc2f1	+
77:582|93c01677-1d94-4e9f-b619-e302e4a1e107	+
77:583|c12eddc9-390d-4d6c-b3b7-9a4b15c3faad	+
77:592|ea81bd0a-407d-46a9-9920-d6727d3d389c	-
77:602|68db4da9-94db-469b-862d-53ace1b890c2	+
77:611|09d8f8e4-64a2-4e55-bdf3-78f6b810020e	+
77:611|bf4b8f93-3f75-46c3-958a-90efe198815e	+
77:613|700023bd-5a40-425f-9d45-2ae75432f42c	+
77:614|da7fe509-d507-4f52-9e0d-24dd7111a364	+
77:615|6586362f-ac79-4a56-b415-e5377e62fe95	+
77:615|e2d7c8ac-c97e-4375-b658-f14e498d2c0b	+
77:620|68f3e1c7-e661-4432-bb70-3b36f31caa05	+
77:620|74150a9e-8324-42cf-82b4-b6b9022f3d6d	+
77:622|ed5c1d08-a76f-4465-a8dc-1070153db116	+
77:627|162967f7-18df-4cc9-b951-45ca8d4b5ce8	+
77:628|d3cacb1d-ed9d-4990-a04f-853015f0c5ed	+
77:629|31092124-99d4-4ec1-afc1-d8ee589f5884	+
77:631|c87957f8-50f9-458a-b057-12e6d61e355c	+
77:633|ae347851-9d59-422b-9d00-e0b8a806237f	+
77:643|470f7b26-0ee9-48c8-81d8-96c209377d58	+
77:644|d721228e-1f5d-4a08-8b17-176851f1f83f	+
77:646|329a04ea-7ed2-47c0-ba26-9cf1202587a1	+
77:648|4ced32d4-fdf5-4f60-8f63-0ffa80d397f9	+
77:650|ebd62f26-618d-43f9-97d8-6044f59effdc	+
77:651|42d1a289-6cdb-4853-bff4-73890cb2684e	+
77:651|6d5539c9-fc91-4074-91e4-91a286568a77	+
77:652|94ecc7c8-eb7a-433c-b420-f2e552e038c3	+
77:653|052eb99b-dce6-42f5-b33f-4c2718c7b857	+
77:653|2016be5c-124d-497a-842e-b4c0b41d257c	+
77:653|24456be7-5fc7-4600-a156-936d0b584ca9	+
77:653|29b30906-34d5-4c1c-8529-7b30b6db883f	+
77:653|5929ee56-59b8-4add-8a36-ddee648749f5	+
77:653|5ed4c256-adf9-4246-9610-e327b090ea64	+
77:653|da6738e4-27f2-44ee-8b23-fd2b4fb8554d	+
77:654|8fbbae0b-35af-4cbf-a3ba-8078bc0e3e00	+
77:654|c0d69be6-3d81-4447-9fc6-73a2c18dfc60	+
77:655|69e7f475-f031-4754-b720-12d139ed2ff6	+
77:655|c36778bd-f98d-44f3-8aeb-fb14d58c1868	+
77:655|ec9144dd-7ce5-4811-bca9-3877699d66c1	+
77:656|d2eeb314-0aa3-40a3-a1ce-f57682b2de26	+
77:657|4a36000d-6dad-4191-ad4b-1815c117200c	+
77:657|b7f1bec5-6c6f-43fc-a353-20fb29ef2d78	+
77:658|5e99b39e-7e96-4b18-bec5-81095bca1e27	-
77:662|e2ad3bfb-937e-4dff-912a-664d41548a86	+
77:664|8b8b8d2c-e5d5-4257-bd6a-e33e20ab537c	+
77:665|48f693a6-aecc-4676-b579-f742cadb1233	+
77:666|9d2ce7fd-cca2-4237-bd7b-f112afdf246e	+
77:671|b93765de-bed9-4f94-bdec-e6bfe94d27f2	-
77:671|c4594863-89cd-4057-bca6-df79bf9a1cb1	-
777:1071|6650cc2e-6ba8-49ed-8cc9-47a9b144f389	-
77:747|cc566c17-d65b-4e1f-82fa-1d36a38d3565	-
77:747|d3e8f714-6e33-448a-9cac-a9f06b282491	-
77:752|0196c6a1-bf45-4c84-98ab-8fb59ddfd97a	-
77:758|a22b16c0-968d-4bbf-9def-b4cafbc366d6	-
77:760|9b2e090e-cd8f-4a50-bfad-359d11d1db06	-
77:769|608e3907-07f2-4361-83d5-a9ad8efb5abe	-
77:795|099694e3-0275-4767-9006-8e73c58b49d0	+
77:860|a4a7ae31-ca4f-4fbb-9eb4-4d9cf994aaef	+
77:862|a723f24d-3172-4037-a484-c8f312b68725	+
77:862|b0e779af-8b8f-4ca8-bcac-9d0f13e63118	+
77:863|27a25ba8-8730-4e28-ae2b-cec438c1fffb	+
77:863|814cc1f6-9101-4354-852c-55f1a85add37	+
77:864|d87545d9-50af-40b4-91f9-250eae8bcb72	+
77:955|7e8bd05d-0c53-44eb-9975-6759f6f25c17	+
77:974|3937a4d9-1e80-481e-8c3b-2e90a87e2926	+
78:1035|0dcc9f01-03dc-4c67-9d6f-bf95b0847817	+
78:1055|9b9891ab-0eaf-4e69-9f82-a614e705b2df	-
781:1200|11b273fc-7f9f-45ed-9c85-20d8aa8ffa44	+
78:1163|8cafabe3-f9d3-422e-b258-8e9bf40e5ea8	+
78:1239|8795962c-e887-4741-82fd-e0616d7ee90e	+
78:1373|fa53c25d-0b92-4ca0-ae7e-f27f987968f3	-
78:1376|1f2070ea-dbb0-472d-b899-18ea1b1b6b94	-
78:1384|0cf36948-860e-468f-b2e7-0d670c772e4d	-
78:1387|e8a9f6a7-d9f0-4101-b8be-80e8fcdeb960	-
78:1397|b47b3282-18a7-4bf3-9cd9-81fa35890726	-
78:1438|034d80ab-5944-457a-8a9b-d6058615db05	-
78:1493|8d2beb6a-cfd7-4046-bd14-d43b4e13e5f8	+
78:1495|ca52f40d-63d2-4f12-96ab-56d97dd062e1	+
78:1511|3b329173-e900-49a5-aa69-be85cea857a3	+
78:1511|f0e70691-5dae-4c3a-94b3-b3154ef3558b	+
78:1516|0397b966-901b-4304-a338-17f3594ff6e7	+
78:1521|7ed4ea46-f797-43ca-8f5f-27e096b2ecd0	+
78:1656|1d6d81f8-cc90-4d46-8eba-5aa80cb110ca	+
78:1967|4404d3b6-a5de-4079-9b4f-0767ed0ff96d	+
78:2067|8e34f0c9-2349-4fdd-a1a2-a4cb78874a7b	+
78:2092|075da881-5211-4ca5-ad46-725ad6fc1239	+
78:2107|4a71f3ae-aff7-41fc-b32c-14e0235d6492	+
78:2110|5b2f0de2-47c0-430d-8b7f-2b2c90ffe43a	+
78:2112|9ad755c9-318d-4bdc-a436-d10e9cd9b32a	+
78:2115|6053b2c3-6ea7-4ffe-9641-af44653bd730	+
78:2128|a3482828-92d7-4d32-bb5c-66fa5b16882b	+
78:2169|649323f9-1371-4ea9-aa94-ce985a45d4df	+
78:222|88a5a992-2117-44c1-8a4e-6db5662fc42c	+
78:2569|11811f59-dbc6-4e4e-ae17-573cb57ec015	+
78:2585|97b6aeab-cfc6-437d-bad1-7d837a5102f3	-
78:261|3ec26d24-579a-4e85-85cf-3c7a7538bbfe	+
78:354|e90fa3a7-7c86-450c-8c3b-9fe7e796eb2e	-
78:395|498dbd78-01c3-4485-9c49-1ab04e11ff6e	-
78:397|cf0c4514-c315-4ce8-b963-79d8dc62d435	+
78:427|2df387f7-015a-4470-a975-3b99894d0754	-
784:2826|ffd86f38-b437-49c6-a659-b50a9ba493d6	+
78:454|85a536bf-2713-4a98-9c90-d8f816d3474e	+
78:474|6d4e9fcf-e874-4617-9ebf-9023809851a2	+
78:520|b23b0713-9b9c-44e7-a9b6-7f2a86751962	+
78:525|d0c18c94-11c2-4b55-b442-cc0b90f731ef	+
78:527|5eca29fa-46ec-4c49-a283-0199f353e793	+
78:528|9797db43-defa-4976-b7cc-3b4a74a71e31	+
78:535|786f1094-19f5-4b31-afe2-4b2aeb9daddf	+
78:540|19a679b6-f9de-4649-843b-8cc480c6c437	+
78:541|5d85e96f-1cab-4dce-a284-6e9b7fd0fc78	+
78:543|8b4c057a-bc93-429b-94b3-83958e16d03d	+
78:545|044a8f0c-8a4f-4d12-b151-b8aa8e834b7d	+
78:545|3fd26c57-6889-4502-a84e-ef080f5514c1	+
78:545|5a7ef96a-7a1a-45c8-b442-e9e24b069742	+
78:545|f4a8e169-ed78-412b-8e5e-867bd88e61cf	+
78:547|28deb055-7a3c-4d6e-8828-3f23f8ed4405	+
78:547|6791c984-5a09-47c0-98d3-6df7278e3e9a	+
78:548|43348eeb-276d-494b-97f3-49f578ebc055	+
78:548|5eb37753-09e9-42d8-b894-86f5fba86ed4	+
78:549|5ecb4f42-73a9-46e1-8cb5-bc814d4d7fae	+
78:552|6821ab89-7661-4420-a62f-f094ffa3f371	+
78:553|0bc5df62-11cd-430e-9a25-19812a0d674a	+
78:554|46174a0f-54ef-4eae-aa39-31ca83debc45	+
78:555|96c3e8c8-9623-497d-851d-860735d51e21	+
78:557|689f4b5f-9949-448e-a8ae-18ccc4e4e0b1	+
78:560|3eabc2d1-2f5c-4843-a473-0d82fa8f9287	-
78:561|a94a8cfe-54dd-4631-a246-4e5a0511af0d	-
78:563|bab93b80-9d65-4090-aec4-545b002c6e5d	+
78:564|1fbb9b9e-4a71-4511-b477-0fe9c8e48641	+
78:564|50e4e072-6f7e-4de4-8c08-574df06dbe18	+
78:564|6f22c6e0-5fbb-4c03-9af0-36087c706030	-
78:564|deb670a3-634b-43fa-9b91-9db9c1acbda0	-
78:564|f230cf2e-948a-4976-8fe0-e7bfd6f72c87	+
78:565|b05cfe34-9d49-4aa2-baaa-7f9f3463038d	+
78:566|22144608-60e4-49fd-b69d-cbba0b914a43	+
78:567|43febc3d-f205-46bd-ab6b-8421b2334e73	+
78:568|2c686137-bcb9-4630-a4b6-008f5164d09d	+
78:568|57bf463a-1cbc-4a7d-81c6-1619b12c7514	+
78:570|93b3a152-b592-477b-ba8c-915f080d3a08	+
78:571|37f5b29c-adc7-440b-8d72-f7e8b76616d6	+
78:571|ef473ac4-f2b4-4a4b-a010-8b164a397190	+
78:575|9119596d-0086-5dd7-8082-9d388a15347d	+
78:575|9da2383d-4bb0-4635-a4fa-50491072d0a7	+
78:582|b6cf1bc2-191a-4831-b6a1-be24722d0ad0	+
78:614|8084aa1e-7b60-4665-9d8d-d37e8e0e163a	+
78:616|e6cce2e1-7ecc-4a2a-a4cd-f5904ded9302	+
78:619|6be0f66d-33fe-414a-99f2-83279145911d	+
78:624|98dc9eba-4959-48ad-8e01-7a0bb0b28b13	+
78:627|80fedbec-34cf-4002-9610-283979f6e2d3	+
78:628|9eb749fa-c4ec-5abb-9da7-c4e09a3e91ee	+
78:629|a390c9bb-99f0-4ed7-aeef-a5817e3fa330	+
78:631|16bddd7f-b99d-4fa2-ab26-46c8a0291e4e	+
78:631|4eb0e4bc-c896-4325-9d6b-93a5e8dc9870	+
78:633|9c9f45e9-748b-40d3-a8d1-b062f29f67d5	+
78:657|aa187f05-6f3d-4e45-b447-b011b473cbcb	+
78:659|3b933bb2-022f-4523-a34c-d35070918409	+
78:662|e4389960-9fac-4e32-bf6d-cfc9b6f59ec7	+
78:663|243aa3d3-1970-4b2a-8ab5-40b8571b0a83	+
78:665|28dd2392-3e93-4a2a-a6c5-4d2563ae1051	-
78:665|dfa1cbc7-f26a-40df-9d47-72abc9a1713a	+
78:667|dbf60f76-0435-4807-8541-e79c0a6abf72	-
78:668|bc7c6319-e944-4239-ae08-95ac3a68d779	+
78:680|0374b3ce-3257-48e2-8721-3399d874c9ea	-
78:743|ae47c0e2-19e1-40c7-a07a-22b1c5a64d63	-
78:749|3f613b97-522e-4ab5-a5bc-2b9a3df29ee6	-
78:750|f984af52-85fd-47d9-8ec1-c660b827379a	-
78:751|8597a57b-bc85-4099-a592-62343bf85ec5	-
78:753|a7260628-5681-4fee-a153-27c89f35b878	-
78:756|e2a3fa3b-079c-48ca-abed-6e49a4c15c65	-
78:757|aaf53e6b-5d73-4d08-9148-0b23112897ba	-
78:770|538516ea-f346-4fb0-8f8c-765eadad8826	-
78:864|b15b0993-1652-446a-ac1a-ec87962589ae	+
78:865|d1a1d2c4-b54d-4ab6-8d25-e1b746ecc097	+
78:867|3e0abb85-50ec-4f62-967b-6f0cf564b21c	+
78:868|2955f965-e83a-473a-8df5-b19291573376	+
78:876|f7fcbe73-6f97-4a04-b0fe-8c8c2f5717ec	+
78:879|cf136a6d-4a73-4dca-8e75-7614dc0612e1	+
78:990|2cf71c21-2490-4f5e-9871-d0f6e900f4da	+
79:1024|f901892f-3ab3-4448-b916-85c8da4c3ef2	+
79:1029|d9b82140-2f6b-44f7-8366-b47abc87cb51	+
79:1048|7ef82d0c-4dd9-405c-b358-dd271b8ae474	-
79:1143|3ea0e6d2-2a63-4a89-b006-d345a4362d9b	+
79:1172|bc9d1a4d-23bd-45f7-a216-d6c31beda7c4	+
79:1287|8eddc8f0-29ac-4a2e-9894-66d8702f5634	+
79:1379|7656f19b-9da2-44f8-b86c-a3c57469ea80	-
79:1386|b0265a8d-9e61-4fb5-bd79-8bed02379d09	-
79:1511|ad965e5a-4553-4206-868d-7a1847337321	+
79:2101|531c52df-ad70-4f18-abf8-957de692993a	+
79:2108|72730288-a1e1-4017-b72b-84647cebd5a0	+
79:2111|51a0b207-9d60-4ae4-b41b-63e742914edd	+
79:2114|0c3566e0-8405-4f3e-9f70-25967bbacd62	+
79:2124|3bff0089-fbc5-4690-8683-900890e27aa7	+
79:2125|2fc0bbaa-e471-46f7-bf5d-3108ebbbb61b	+
79:2180|ff4850d1-7645-4aee-88c9-da72db21d29d	+
79:228|40c68263-7eae-429e-8cf9-bf9eb6c81c96	-
79:243|b0bfc422-7b6b-46c2-8269-ac22cb8e8d5a	-
79:255|9d05ba44-effb-4495-812a-a3ac26e1e13c	+
79:258|294c523c-2aa0-4f9b-9b9a-0be3af72fd87	-
79:277|cbd21c84-d3e6-4a9a-86b2-bcab1736bbe1	-
79:352|f5b9a266-f51c-412c-ad37-0197f572dd09	+
79:400|bae26ea1-9d81-4531-af7d-e76c807d8c7f	+
79:422|94eef877-5932-457d-87a7-751e50505b38	+
79:511|738e4557-8a31-44fa-beae-4ccbf9873eb0	-
79:533|ac559424-6631-4751-ba10-4ee2430a5e56	+
79:536|cc7fbf33-2e62-44f7-9ab9-6aa1b6bc4c06	+
79:544|1d044f4f-470a-49fa-90bc-9a0f26713843	+
79:544|a441e179-dd38-4bd8-a4c1-918c64425d83	+
79:546|af32e856-a6e2-40c5-8ac2-987f2234b73c	+
79:548|8f238153-5a32-49fe-9942-bc2ac0fd5b1d	+
79:549|dc34cb60-1161-4bd8-b561-e9f358229241	+
79:550|7bc07120-1382-46b2-b13e-0e8eeaab790a	+
79:550|85d1bbf6-7cbd-4fc8-b902-f53fabe4f0e5	+
79:552|6dd475cb-bdb1-48fc-9a76-2633d4a6057e	+
79:553|f8da3045-a8e9-4ce3-acc0-71c1add74e2e	+
79:557|486bded8-2c1b-4fa3-aacd-3132a031c9bd	+
79:568|13eb79ff-1ec5-446a-a378-3e4849c450e2	+
79:571|dbaff16b-5973-4d96-911c-445598c88a96	+
79:572|e3ceee74-863b-40d1-b5ca-1ce6cadd1000	+
79:574|7ce28272-a870-4842-865c-d131569b237a	+
79:578|1ced0d32-95ce-42d7-bef0-57a7608a9ae7	+
79:579|4155d3a7-e516-4a97-8d08-dde4442b3ddc	+
79:580|5784807b-2640-4d04-8d98-86f3863ad1b5	+
79:582|c5d1ed09-d4e3-4c12-9be9-003ae26633e6	+
79:584|c1528f6e-7c71-42e9-a2cd-e5f5475a6fc7	+
79:585|b7903e49-0a02-4531-8e29-86b9f199ab72	+
79:608|1689d650-372b-4c08-bce3-de171aaa9734	+
796:1472|e6dae07a-b1dc-509d-af40-408b8eb8e00c	+
79:618|967f3c47-f3e1-4b5d-b997-7ba61801e7f8	+
79:621|bbeb430e-6522-4b9c-9c22-a684e578c92a	+
79:622|0a6c0687-c7ad-46e2-b03e-7ee3d0fd4fb2	+
79:625|6db9483f-75da-4c33-a90e-e10aa2720b94	+
79:629|fbee8365-553f-4cd3-8ce6-49054838c078	+
79:651|af7c02d9-9092-4f62-b339-40d9045b8454	+
79:651|bf1393ea-df1b-4754-af15-ba823e0723ea	+
79:653|d1f55e2c-f009-474b-a297-a5244e56a9ba	+
79:655|238da9e4-ef19-4fa5-bba3-3a45289e1b92	+
79:656|97142a92-d950-4f5e-8f2b-668aede3aa2e	+
79:657|38fe79d7-c254-4283-bcb5-2b785d8fbad9	+
79:657|8c140e57-8634-4a6d-b55e-7e356403dc8c	+
79:658|779d2acf-c2c2-4068-9ec4-c50c4f002bad	+
79:662|6dc3167c-99aa-4b7b-9841-ccdfae404328	+
79:667|5647524b-b6b9-411f-835e-50351587ee76	+
79:672|73a76837-20d2-47c3-a81f-fc34e06d47a8	-
79:680|58ae5588-14aa-4c06-96b3-4a173a6384e9	-
79:699|0574fd32-eda1-46b4-8f3d-224a94feb275	+
79:779|676de5f6-6cf2-4898-9628-1c7b9d1fe133	-
79:784|88cf82b9-49d2-47ee-9205-0f38af443ad1	+
79:873|c18069d8-7c32-4f8a-9c76-561096b3eb4f	+
79:969|f09d4fec-be8c-41a6-8e90-01984a4f63c2	+
801:1398|12068c9e-4ffa-4e63-9bcb-79089f31a477	-
80:1174|a5633784-3b57-47e2-833b-357b00cbd315	+
80:1177|c8d3527f-08b6-4ce6-8234-97b8cac124b9	+
80:1252|5b2e92ba-570d-48dd-9871-4e4f427265ce	+
80:1390|6058baec-0201-4ac7-a941-ac88f6f1faa5	+
80:1582|f15b81e3-5623-4b81-919f-7f9d3bd6164f	+
80:1620|ee426109-9276-4ef6-b69a-6bb25dafb91a	-
80:1642|44b71cd7-2e21-44af-b439-97af838f0224	+
80:1647|345e3529-9f21-49b9-9e9f-d17b289384d3	-
80:1982|c94f5d30-4bfd-4f6c-b8c9-32cb77f4c6e0	+
80:2114|f9fcecd4-b6ab-4fde-815a-e67134e0e48f	+
80:2124|25faa93d-6117-43fd-9aab-f82a45db1554	+
80:2126|31744fc5-1f84-40f6-a26c-eac6427be495	+
802:1377|0cc7dd48-42d6-417c-bbd0-8718c86d2f73	+
80:2179|2fef600a-781e-4e7d-9b15-96cd0e9a48e2	+
80:2317|b450e50e-54c0-454e-b3be-d8382712dfc8	+
80:306|f87ae7cb-97f8-4751-861f-84dcf0ba0acc	+
80:344|fec93a86-cd87-403c-a66d-aca42325c4d3	-
80:530|3b248503-19e9-4852-9a2c-efb7b5319522	+
80:542|6d616725-3233-44cb-98db-3901706f8844	+
80:542|d1d85436-3dc8-4d09-a78c-2cf2fcedf42d	+
80:545|d0e5ee7e-2256-4614-b8bb-6a4d2c8fd25a	+
80:552|ab41ec9d-0b72-4f10-bd96-07e790e8a634	+
80:555|ae462496-1d95-467a-9ec5-8be7c54a3373	+
80:559|bf90cb47-b173-401c-8877-eab60d6b72ab	+
80:560|32eaca2e-dd7d-4607-8b2f-27e62437786f	+
80:560|dafbc55a-5c8d-4765-96dc-36e5e1deda38	+
80:561|9c35f29c-ddcc-445f-9821-0a14214028fc	-
80:562|f63ddcb4-0744-4010-be98-a3c22aee99da	-
80:563|5f2d1903-b74f-4afb-b038-49d55c32df61	+
80:564|c52e1134-36ac-44ab-b569-60751f7db162	-
80:572|38866369-295e-44b1-b26d-ee2db0d0bfff	+
80:580|40fbe2e7-ba99-471a-8738-c7320028e589	+
80:587|cd2d1dc6-b0ac-4e27-8ae6-e8ed9ed66248	+
80:661|2a2c0a30-9db5-40f4-b61a-87ea40f73f7e	+
80:668|d792f702-6dd8-4edc-9965-54dfb4205dfb	+
80:675|ec050bee-4de6-4b2f-9e6e-ca4db421a99c	-
80:719|67407384-ced2-4c2c-bdb8-0f829dc694da	+
80:742|d3b7f67b-00f6-4d76-8e1b-a3d005e88ce1	-
80:884|4f7e4f6c-23dd-4758-b85d-1f1d021a3424	+
80:964|4ed18655-80db-4993-bcc8-10cb909afe34	+
80:972|874d57e6-d91a-4786-84b4-acc195679b67	+
81:1387|8c686d36-b385-4d6b-a373-dc75ff401ff9	-
81:1510|db9631b3-8e49-4997-81e1-24dcb9e4e20e	+
81:1532|d141f150-4d3f-4c4f-a625-d8faa61bd596	+
81:2072|3a002984-ddf1-4f9b-bab7-26317a48f452	+
81:2112|6cc3b300-2472-4090-ba14-ef8f108212e7	+
81:2112|7c059561-0a9c-40aa-964b-303692672d13	+
81:2114|439106bd-46cc-4462-8c3f-8c5a132e5a12	+
81:2124|e57632fa-b3bb-410c-8215-7098e6940bca	+
81:2124|e76234d9-9df7-424c-8dd5-84f8ab8d2c44	+
81:411|b91950b1-dfca-4d10-8964-f315d595395d	-
81:469|e09c3d49-9ba8-47c7-8474-d57bcb0ce685	+
81:509|372b7864-57fb-46ae-b501-86628ddd326a	-
81:541|5241194c-ce78-416a-8c76-b8e1c02f5e8c	+
81:542|f327789e-ceb2-44a0-95aa-ad3eeaf7d96f	+
81:550|b29b581b-73ce-4361-9d5e-b13d6f784f52	+
81:559|26b3713c-f6af-4c23-9b23-a7df4191a49d	+
81:560|bfa4a98e-51bd-4374-bf82-a0b713158b1d	+
81:568|727f3642-d829-41f4-9de5-3b8af4abb76e	+
81:570|ed0b7cf2-6f12-4115-9703-fe14744d7dbb	+
81:576|0f337d1c-81ff-4e37-bc1a-2f538b430737	+
81:613|486b49ae-44ba-4052-b1d4-7f6551d2179c	+
81:616|89bee34a-1292-441a-9179-1021e3fc84d5	+
81:634|fd60a47b-50c9-4983-90d7-c3ffe14932c8	+
81:646|5f121d2c-73e5-4772-8879-c63744a187a4	+
81:647|ea06d769-8f07-4da6-a9d9-5cd206460ee2	+
81:650|acec8463-6be1-4583-b33e-72963ed4124a	-
81:659|31d0380a-8160-4c2a-bee7-df4d32b345dd	+
81:659|aeb7ad58-1199-4453-9960-d44c300e3e94	+
81:663|bf5dedaf-5b0b-4cc4-8ef7-af29fc1c1389	+
81:667|d46e6019-e1e3-4cf5-a9b6-371043578eca	+
81:741|5e21f7b9-1c82-4beb-b242-ac227f0a82f3	+
81:785|82524fa7-8168-4226-a4a0-305ae8839d29	+
81:797|4f9357bd-3c65-4b42-8478-be1079daf4ce	+
81:970|1bb8d202-7a40-4817-b8cc-2d7131cd414c	+
82:1186|11e863f5-305c-4ffd-a1b3-51842807596d	+
82:1207|36b5a39e-2ea0-4bbb-90f5-1b91e8f5cd29	+
82:1493|858dd5b7-c444-4bf6-a068-2b8347b98ce2	+
82:1897|91cee225-4013-4a51-b75f-e351bc75ad3b	+
82:2088|2b8a7697-e2ae-404d-8925-3aed5f6e5d86	+
82:547|2cc270e9-245d-4c0e-a466-67d282dce3a6	+
82:548|17f7567d-7b36-4f65-a5eb-2da864af96c5	+
82:554|208f1a71-ee63-4dd7-ae0c-63b0c0a49031	+
82:554|938ebde0-ed46-4ece-9141-10b71b8c5ea7	+
82:563|342f8873-c5dd-4f2a-8513-18896fd18623	-
82:575|b30b0f07-67d8-4cad-a26f-7aa798a6b789	-
82:616|2afd389c-623b-47d3-90a3-57d0699eca9d	+
82:659|9c6642f3-9c5f-493a-9002-77f52239fd48	+
82:755|b4db9060-7227-450a-8ff7-cffcbea3a772	-
83:1057|aebfeb21-c431-4cfd-9872-ffa4551ee9cc	-
83:1525|da958f0c-aa43-40ff-8288-1a40cf907a82	+
83:2113|cfda16df-2eb9-4fcf-b01b-d841d3904861	+
83:2121|cc5345d5-7a32-45fb-a8da-683d16bad0a8	+
83:546|00f98ca5-0734-4713-8888-68f6c94699ac	+
83:546|a7d703dc-e280-4ac1-b650-ecc56260192b	+
83:551|60e4bc03-8c71-403b-9174-79bca28301b3	+
83:656|70c1c7a2-952e-4983-855a-2d95fdb272a5	+
83:658|fb180586-2fd8-41ae-9b06-40f5702634b9	+
83:660|207633c1-61d1-4398-b1a2-e41c1bf850f3	+
83:674|ac6b0301-4746-445d-bf3d-7209467d0577	+
83:686|877ee35e-00bf-42af-99ef-bd151d6a94fa	-
83:869|90c74ae6-6026-4285-aca6-ca57c51c225c	+
83:871|ab61ed55-298f-4fbc-8944-6fd9175b1a5f	+
83:885|e2fb1e40-0292-47b4-a28d-3c6e968bff17	-
841:1634|764e170f-9664-45dc-9805-1c509b4915ec	+
84:1166|e0dc4355-331a-498e-aa37-6786820e9530	+
84:1511|0beea7f6-6933-4fb8-8d58-9d467720d6ae	+
84:413|774ee599-835e-4c4a-966e-8bb807a701c5	-
84:552|c970ecb4-fddc-41f3-86e8-5770a62d9ed1	+
84:567|2b722df4-f076-4862-84e5-2f715c230b48	+
84:574|02abce09-c9ca-46d0-a32a-009888fc2aa2	+
84:575|575a9d18-a440-4650-b58c-c7536468222c	+
84:664|92d37d4e-c035-4fb5-b32f-179b0f60d5f8	+
84:677|419fbcd6-aa3e-4ca7-974c-4c4df9193f0f	-
847:2452|b1cae459-0c62-4bd6-92db-9f1c5085054f	+
84:857|2781b762-40e3-4b92-a91c-3a621788a19e	+
84:962|a4f20ee6-c21c-47ab-ba1b-aee427c1fe7a	+
85:2113|cc0bf81b-3207-4c87-aa99-4c095a753841	+
85:545|cea451fd-df81-4e84-9331-e65d816cc28d	+
86:658|51d90784-3c0c-41a0-8d9e-2c007bf3306d	+
867:2146|5f0bca54-affe-4d39-a559-7fb9afadb903	+
869:1446|711ddf66-e0c3-4533-9e96-d25a143b6e16	+
87:1163|a2a4db51-71f2-44d1-816c-f9e1500fbc87	+
87:1529|f9b70e58-3e69-4a26-9a41-9695da151826	+
876:1372|81bbd0b0-e2f5-4a5b-aa17-0abc6263a22a	-
877:1346|cf7d788f-f9bc-4a91-abdd-0aebc54a11ac	+
88:562|30a3ddc8-7f98-4c68-b023-6a3ab4c83f8b	+
88:584|cb33235b-1b74-48bf-9aff-d6be7cd37d7d	+
88:594|2f5fe705-6e71-44b9-b1fc-9a818d411bf3	+
89:2128|9a53b687-8f0b-48e6-9c19-3efda078cfea	+
892:1477|b62c34e7-3bab-43bf-85dc-9a95cf55dd02	+
896:1484|922d917d-9f20-4ab8-8862-cadaa2670e1f	+
90:1539|a1d0f299-2d20-4b7a-abb7-90696938455a	+
908:1178|c2ff2669-d9cd-4cfe-8d4d-5e5c02770249	+
918:1740|5f3349c7-19ef-450b-a3bd-2743f3f365f3	+
944:1433|29a469c1-3cb6-4bd3-83bc-8380e46ecc93	-
949:1781|4cdc3396-72f5-4991-8628-ceb3476f5634	-
955:1495|120fc061-e496-4337-905f-f9bf4ca635cc	+
95:641|c78d6bfa-0b7f-48f9-a3c9-8b58b35501e6	+
967:1542|d44acc37-f00e-45e5-ac39-cc0a8a9613bd	+
971:2495|a1acb68a-8e5b-4b15-b0f1-b6bab5ca2c7f	+
976:1452|a8f01d0e-2519-47f4-a72b-c898686ef29e	+
98:585|937a068d-69f8-4b1d-b1a6-53db27d5fa49	+
