Subset;Value;Label
Subset;1;4.3M
Subset;0.99378882;4M
Subset;0.987654321;2M
Subset;0.981595092;1M
Subset;0.946745562;500k
Subset;0.893854749;250k
Subset;0.869565217;150k
Subset;0.842105263;100k
Subset;0.804020101;50k
Subset;0.704845815;10k
Subset;0.617760618;1k
